image,instance_id,class,confidence,num_vertices,centroid_x,centroid_y
HighRes TrueColor 2018 2m Graz - Kopie.png,0,object_a,0.93,16,242.86481107017744,297.05516074310526
HighRes TrueColor 2018 2m Graz - Kopie.png,1,object_b,0.88,16,526.6323797149709,404.1626316718856
HighRes TrueColor 2018 2m Graz - Kopie.png,0,object_a,0.93,16,242.86481107017744,297.05516074310526
HighRes TrueColor 2018 2m Graz - Kopie.png,1,object_b,0.88,16,526.6323797149709,404.1626316718856
HighRes TrueColor 2018 2m Graz - Kopie.png,0,object_a,0.93,16,242.86481107017744,297.05516074310526
HighRes TrueColor 2018 2m Graz - Kopie.png,1,object_b,0.88,16,526.6323797149709,404.1626316718856
HighRes TrueColor 2018 2m Graz - Kopie.png,0,forest,0.5215396881103516,45,47.91111111111111,36.55555555555556
HighRes TrueColor 2018 2m Graz - Kopie.png,1,forest,0.30840569734573364,165,31.33939393939394,20.187878787878788
HighRes TrueColor 2018 2m Graz - Kopie.png,2,forestfragmentation,0.21023273468017578,12,2.75,25.333333333333332
HighRes TrueColor 2018 2m Graz - Kopie.png,3,forest,0.5215396881103516,45,47.91111111111111,36.55555555555556
HighRes TrueColor 2018 2m Graz - Kopie.png,4,forest,0.30840569734573364,165,31.33939393939394,20.187878787878788
HighRes TrueColor 2018 2m Graz - Kopie.png,5,forestfragmentation,0.21023273468017578,12,2.75,25.333333333333332
HighRes TrueColor 2018 2m Graz - Kopie.png,6,forest,0.6919336915016174,38,32.10526315789474,13.105263157894736
HighRes TrueColor 2018 2m Graz - Kopie.png,7,forest,0.6517961025238037,22,8.545454545454545,36.13636363636363
HighRes TrueColor 2018 2m Graz - Kopie.png,8,forest,0.3466718792915344,26,52.46153846153846,52.80769230769231
HighRes TrueColor 2018 2m Graz - Kopie.png,9,forestfragmentation,0.2525603175163269,9,51.333333333333336,18.88888888888889
HighRes TrueColor 2018 2m Graz - Kopie.png,10,forest,0.6919336915016174,38,32.10526315789474,13.105263157894736
HighRes TrueColor 2018 2m Graz - Kopie.png,11,forest,0.6517961025238037,22,8.545454545454545,36.13636363636363
HighRes TrueColor 2018 2m Graz - Kopie.png,12,forest,0.3466718792915344,26,52.46153846153846,52.80769230769231
HighRes TrueColor 2018 2m Graz - Kopie.png,13,forestfragmentation,0.2525603175163269,9,51.333333333333336,18.88888888888889
HighRes TrueColor 2018 2m Graz - Kopie.png,14,forest,0.8801414370536804,38,41.6578947368421,11.5
HighRes TrueColor 2018 2m Graz - Kopie.png,15,forestfragmentation,0.38809001445770264,9,56.111111111111114,58.77777777777778
HighRes TrueColor 2018 2m Graz - Kopie.png,16,forestfragmentation,0.30758726596832275,9,41.77777777777778,58.111111111111114
HighRes TrueColor 2018 2m Graz - Kopie.png,17,forestfragmentation,0.28784817457199097,8,31.375,33.25
HighRes TrueColor 2018 2m Graz - Kopie.png,18,forestfragmentation,0.2602055072784424,8,42.0,41.75
HighRes TrueColor 2018 2m Graz - Kopie.png,19,forest,0.8801414370536804,38,41.6578947368421,11.5
HighRes TrueColor 2018 2m Graz - Kopie.png,20,forestfragmentation,0.38809001445770264,9,56.111111111111114,58.77777777777778
HighRes TrueColor 2018 2m Graz - Kopie.png,21,forestfragmentation,0.30758726596832275,9,41.77777777777778,58.111111111111114
HighRes TrueColor 2018 2m Graz - Kopie.png,22,forestfragmentation,0.28784817457199097,8,31.375,33.25
HighRes TrueColor 2018 2m Graz - Kopie.png,23,forestfragmentation,0.2602055072784424,8,42.0,41.75
HighRes TrueColor 2018 2m Graz - Kopie.png,24,forestfragmentation,0.5125895738601685,9,25.88888888888889,26.88888888888889
HighRes TrueColor 2018 2m Graz - Kopie.png,25,forest,0.5018864870071411,50,43.46,38.6
HighRes TrueColor 2018 2m Graz - Kopie.png,26,forestfragmentation,0.47730618715286255,9,57.44444444444444,32.111111111111114
HighRes TrueColor 2018 2m Graz - Kopie.png,27,forestfragmentation,0.42013680934906006,7,4.142857142857143,58.57142857142857
HighRes TrueColor 2018 2m Graz - Kopie.png,28,forestfragmentation,0.5125895738601685,9,25.88888888888889,26.88888888888889
HighRes TrueColor 2018 2m Graz - Kopie.png,29,forest,0.5018864870071411,50,43.46,38.6
HighRes TrueColor 2018 2m Graz - Kopie.png,30,forestfragmentation,0.47730618715286255,9,57.44444444444444,32.111111111111114
HighRes TrueColor 2018 2m Graz - Kopie.png,31,forestfragmentation,0.42013680934906006,7,4.142857142857143,58.57142857142857
HighRes TrueColor 2018 2m Graz - Kopie.png,32,forest,0.7250268459320068,152,27.125,37.18421052631579
HighRes TrueColor 2018 2m Graz - Kopie.png,33,forestfragmentation,0.4506274461746216,7,5.571428571428571,32.0
HighRes TrueColor 2018 2m Graz - Kopie.png,34,forestfragmentation,0.3809589743614197,9,13.0,21.11111111111111
HighRes TrueColor 2018 2m Graz - Kopie.png,35,forestfragmentation,0.292385995388031,10,19.4,11.4
HighRes TrueColor 2018 2m Graz - Kopie.png,36,forestfragmentation,0.22302544116973877,14,23.642857142857142,24.357142857142858
HighRes TrueColor 2018 2m Graz - Kopie.png,37,forestfragmentation,0.2143142819404602,14,16.142857142857142,36.07142857142857
HighRes TrueColor 2018 2m Graz - Kopie.png,38,forest,0.7250268459320068,152,27.125,37.18421052631579
HighRes TrueColor 2018 2m Graz - Kopie.png,39,forestfragmentation,0.4506274461746216,7,5.571428571428571,32.0
HighRes TrueColor 2018 2m Graz - Kopie.png,40,forestfragmentation,0.3809589743614197,9,13.0,21.11111111111111
HighRes TrueColor 2018 2m Graz - Kopie.png,41,forestfragmentation,0.292385995388031,10,19.4,11.4
HighRes TrueColor 2018 2m Graz - Kopie.png,42,forestfragmentation,0.22302544116973877,14,23.642857142857142,24.357142857142858
HighRes TrueColor 2018 2m Graz - Kopie.png,43,forestfragmentation,0.2143142819404602,14,16.142857142857142,36.07142857142857
HighRes TrueColor 2018 2m Graz - Kopie.png,44,forest,0.43677687644958496,16,57.0625,24.875
HighRes TrueColor 2018 2m Graz - Kopie.png,45,forest,0.4118090271949768,11,55.72727272727273,2.090909090909091
HighRes TrueColor 2018 2m Graz - Kopie.png,46,forestfragmentation,0.35774874687194824,8,57.0,24.375
HighRes TrueColor 2018 2m Graz - Kopie.png,47,forest,0.3429167866706848,15,3.8,15.8
HighRes TrueColor 2018 2m Graz - Kopie.png,48,forest,0.3381972908973694,4,10.5,40.0
HighRes TrueColor 2018 2m Graz - Kopie.png,49,forest,0.2855812907218933,27,56.111111111111114,50.22222222222222
HighRes TrueColor 2018 2m Graz - Kopie.png,50,forest,0.28306543827056885,112,18.803571428571427,39.50892857142857
HighRes TrueColor 2018 2m Graz - Kopie.png,51,forestfragmentation,0.27178865671157837,11,16.545454545454547,51.27272727272727
HighRes TrueColor 2018 2m Graz - Kopie.png,52,forestfragmentation,0.2648657560348511,7,3.142857142857143,60.857142857142854
HighRes TrueColor 2018 2m Graz - Kopie.png,53,forest,0.43677687644958496,16,57.0625,24.875
HighRes TrueColor 2018 2m Graz - Kopie.png,54,forest,0.4118090271949768,11,55.72727272727273,2.090909090909091
HighRes TrueColor 2018 2m Graz - Kopie.png,55,forestfragmentation,0.35774874687194824,8,57.0,24.375
HighRes TrueColor 2018 2m Graz - Kopie.png,56,forest,0.3429167866706848,15,3.8,15.8
HighRes TrueColor 2018 2m Graz - Kopie.png,57,forest,0.3381972908973694,4,10.5,40.0
HighRes TrueColor 2018 2m Graz - Kopie.png,58,forest,0.2855812907218933,27,56.111111111111114,50.22222222222222
HighRes TrueColor 2018 2m Graz - Kopie.png,59,forest,0.28306543827056885,112,18.803571428571427,39.50892857142857
HighRes TrueColor 2018 2m Graz - Kopie.png,60,forestfragmentation,0.27178865671157837,11,16.545454545454547,51.27272727272727
HighRes TrueColor 2018 2m Graz - Kopie.png,61,forestfragmentation,0.2648657560348511,7,3.142857142857143,60.857142857142854
HighRes TrueColor 2018 2m Graz - Kopie.png,62,forest,0.4170357584953308,30,10.766666666666667,14.133333333333333
HighRes TrueColor 2018 2m Graz - Kopie.png,63,forest,0.39132529497146606,24,34.916666666666664,56.708333333333336
HighRes TrueColor 2018 2m Graz - Kopie.png,64,forest,0.3127322793006897,26,8.5,26.653846153846153
HighRes TrueColor 2018 2m Graz - Kopie.png,65,forest,0.2714502215385437,19,15.894736842105264,2.526315789473684
HighRes TrueColor 2018 2m Graz - Kopie.png,66,forest,0.2386055588722229,44,46.29545454545455,47.34090909090909
HighRes TrueColor 2018 2m Graz - Kopie.png,67,forest,0.2165887951850891,39,9.051282051282051,54.30769230769231
HighRes TrueColor 2018 2m Graz - Kopie.png,68,forestfragmentation,0.20066314935684204,14,7.428571428571429,24.714285714285715
HighRes TrueColor 2018 2m Graz - Kopie.png,69,forest,0.4170357584953308,30,10.766666666666667,14.133333333333333
HighRes TrueColor 2018 2m Graz - Kopie.png,70,forest,0.39132529497146606,24,34.916666666666664,56.708333333333336
HighRes TrueColor 2018 2m Graz - Kopie.png,71,forest,0.3127322793006897,26,8.5,26.653846153846153
HighRes TrueColor 2018 2m Graz - Kopie.png,72,forest,0.2714502215385437,19,15.894736842105264,2.526315789473684
HighRes TrueColor 2018 2m Graz - Kopie.png,73,forest,0.2386055588722229,44,46.29545454545455,47.34090909090909
HighRes TrueColor 2018 2m Graz - Kopie.png,74,forest,0.2165887951850891,39,9.051282051282051,54.30769230769231
HighRes TrueColor 2018 2m Graz - Kopie.png,75,forestfragmentation,0.20066314935684204,14,7.428571428571429,24.714285714285715
HighRes TrueColor 2018 2m Graz - Kopie.png,76,forest,0.5911611318588257,77,25.90909090909091,31.74025974025974
HighRes TrueColor 2018 2m Graz - Kopie.png,77,forest,0.33861708641052246,14,57.857142857142854,15.357142857142858
HighRes TrueColor 2018 2m Graz - Kopie.png,78,forestfragmentation,0.20106518268585205,5,25.6,50.8
HighRes TrueColor 2018 2m Graz - Kopie.png,79,forest,0.5911611318588257,77,25.90909090909091,31.74025974025974
HighRes TrueColor 2018 2m Graz - Kopie.png,80,forest,0.33861708641052246,14,57.857142857142854,15.357142857142858
HighRes TrueColor 2018 2m Graz - Kopie.png,81,forestfragmentation,0.20106518268585205,5,25.6,50.8
HighRes TrueColor 2018 2m Graz - Kopie.png,82,forest,0.7013996243476868,65,24.892307692307693,10.36923076923077
HighRes TrueColor 2018 2m Graz - Kopie.png,83,forestfragmentation,0.20824885368347168,19,53.68421052631579,38.578947368421055
HighRes TrueColor 2018 2m Graz - Kopie.png,84,forest,0.7013996243476868,65,24.892307692307693,10.36923076923077
HighRes TrueColor 2018 2m Graz - Kopie.png,85,forestfragmentation,0.20824885368347168,19,53.68421052631579,38.578947368421055
HighRes TrueColor 2018 2m Graz - Kopie.png,86,forest,0.6181360483169556,105,33.93333333333333,22.085714285714285
HighRes TrueColor 2018 2m Graz - Kopie.png,87,forestfragmentation,0.2959900498390198,7,59.857142857142854,46.42857142857143
HighRes TrueColor 2018 2m Graz - Kopie.png,88,forestfragmentation,0.2778330445289612,7,52.57142857142857,29.0
HighRes TrueColor 2018 2m Graz - Kopie.png,89,forestfragmentation,0.26848673820495605,17,48.64705882352941,40.294117647058826
HighRes TrueColor 2018 2m Graz - Kopie.png,90,forestfragmentation,0.23569238185882568,18,8.88888888888889,40.72222222222222
HighRes TrueColor 2018 2m Graz - Kopie.png,91,forest,0.6181360483169556,105,33.93333333333333,22.085714285714285
HighRes TrueColor 2018 2m Graz - Kopie.png,92,forestfragmentation,0.2959900498390198,7,59.857142857142854,46.42857142857143
HighRes TrueColor 2018 2m Graz - Kopie.png,93,forestfragmentation,0.2778330445289612,7,52.57142857142857,29.0
HighRes TrueColor 2018 2m Graz - Kopie.png,94,forestfragmentation,0.26848673820495605,17,48.64705882352941,40.294117647058826
HighRes TrueColor 2018 2m Graz - Kopie.png,95,forestfragmentation,0.23569238185882568,18,8.88888888888889,40.72222222222222
HighRes TrueColor 2018 2m Graz - Kopie.png,96,forest,0.8200472593307495,30,9.933333333333334,11.866666666666667
HighRes TrueColor 2018 2m Graz - Kopie.png,97,forestfragmentation,0.26725977659225464,7,1.7142857142857142,28.428571428571427
HighRes TrueColor 2018 2m Graz - Kopie.png,98,forestfragmentation,0.201288640499115,8,51.625,4.125
HighRes TrueColor 2018 2m Graz - Kopie.png,99,forest,0.8200472593307495,30,9.933333333333334,11.866666666666667
HighRes TrueColor 2018 2m Graz - Kopie.png,100,forestfragmentation,0.26725977659225464,7,1.7142857142857142,28.428571428571427
HighRes TrueColor 2018 2m Graz - Kopie.png,101,forestfragmentation,0.201288640499115,8,51.625,4.125
HighRes TrueColor 2018 2m Graz - Kopie.png,102,forest,0.9129894971847534,4,31.5,31.5
HighRes TrueColor 2018 2m Graz - Kopie.png,103,forestfragmentation,0.594438374042511,37,14.45945945945946,14.81081081081081
HighRes TrueColor 2018 2m Graz - Kopie.png,104,forestfragmentation,0.45011043548583984,11,46.27272727272727,39.18181818181818
HighRes TrueColor 2018 2m Graz - Kopie.png,105,forestfragmentation,0.4236965775489807,11,56.36363636363637,38.90909090909091
HighRes TrueColor 2018 2m Graz - Kopie.png,106,forestfragmentation,0.4087216258049011,10,41.8,27.6
HighRes TrueColor 2018 2m Graz - Kopie.png,107,forestfragmentation,0.3644368052482605,6,54.833333333333336,10.5
HighRes TrueColor 2018 2m Graz - Kopie.png,108,forestfragmentation,0.31879085302352905,16,33.0,55.5625
HighRes TrueColor 2018 2m Graz - Kopie.png,109,forest,0.9129894971847534,4,31.5,31.5
HighRes TrueColor 2018 2m Graz - Kopie.png,110,forestfragmentation,0.594438374042511,37,14.45945945945946,14.81081081081081
HighRes TrueColor 2018 2m Graz - Kopie.png,111,forestfragmentation,0.45011043548583984,11,46.27272727272727,39.18181818181818
HighRes TrueColor 2018 2m Graz - Kopie.png,112,forestfragmentation,0.4236965775489807,11,56.36363636363637,38.90909090909091
HighRes TrueColor 2018 2m Graz - Kopie.png,113,forestfragmentation,0.4087216258049011,10,41.8,27.6
HighRes TrueColor 2018 2m Graz - Kopie.png,114,forestfragmentation,0.3644368052482605,6,54.833333333333336,10.5
HighRes TrueColor 2018 2m Graz - Kopie.png,115,forestfragmentation,0.31879085302352905,16,33.0,55.5625
HighRes TrueColor 2018 2m Graz - Kopie.png,116,forest,0.8271970152854919,9,14.666666666666666,27.22222222222222
HighRes TrueColor 2018 2m Graz - Kopie.png,117,forestfragmentation,0.414900004863739,10,35.1,55.4
HighRes TrueColor 2018 2m Graz - Kopie.png,118,forestfragmentation,0.4133484363555908,11,36.72727272727273,41.0
HighRes TrueColor 2018 2m Graz - Kopie.png,119,forestfragmentation,0.3835790157318115,25,54.44,31.76
HighRes TrueColor 2018 2m Graz - Kopie.png,120,forestfragmentation,0.32515525817871094,8,50.25,59.25
HighRes TrueColor 2018 2m Graz - Kopie.png,121,forestfragmentation,0.3071971535682678,12,4.166666666666667,39.166666666666664
HighRes TrueColor 2018 2m Graz - Kopie.png,122,forestfragmentation,0.3044053316116333,9,57.0,47.333333333333336
HighRes TrueColor 2018 2m Graz - Kopie.png,123,forestfragmentation,0.30175161361694336,21,42.857142857142854,6.095238095238095
HighRes TrueColor 2018 2m Graz - Kopie.png,124,forestfragmentation,0.263411283493042,10,3.1,10.2
HighRes TrueColor 2018 2m Graz - Kopie.png,125,forest,0.8271970152854919,9,14.666666666666666,27.22222222222222
HighRes TrueColor 2018 2m Graz - Kopie.png,126,forestfragmentation,0.414900004863739,10,35.1,55.4
HighRes TrueColor 2018 2m Graz - Kopie.png,127,forestfragmentation,0.4133484363555908,11,36.72727272727273,41.0
HighRes TrueColor 2018 2m Graz - Kopie.png,128,forestfragmentation,0.3835790157318115,25,54.44,31.76
HighRes TrueColor 2018 2m Graz - Kopie.png,129,forestfragmentation,0.32515525817871094,8,50.25,59.25
HighRes TrueColor 2018 2m Graz - Kopie.png,130,forestfragmentation,0.3071971535682678,12,4.166666666666667,39.166666666666664
HighRes TrueColor 2018 2m Graz - Kopie.png,131,forestfragmentation,0.3044053316116333,9,57.0,47.333333333333336
HighRes TrueColor 2018 2m Graz - Kopie.png,132,forestfragmentation,0.30175161361694336,21,42.857142857142854,6.095238095238095
HighRes TrueColor 2018 2m Graz - Kopie.png,133,forestfragmentation,0.263411283493042,10,3.1,10.2
HighRes TrueColor 2018 2m Graz - Kopie.png,134,forest,0.9220812916755676,28,49.964285714285715,32.82142857142857
HighRes TrueColor 2018 2m Graz - Kopie.png,135,forestfragmentation,0.4555472135543823,6,60.833333333333336,58.333333333333336
HighRes TrueColor 2018 2m Graz - Kopie.png,136,forestfragmentation,0.3469644784927368,8,5.125,47.125
HighRes TrueColor 2018 2m Graz - Kopie.png,137,forestfragmentation,0.2823977470397949,9,51.22222222222222,22.11111111111111
HighRes TrueColor 2018 2m Graz - Kopie.png,138,forestfragmentation,0.2739773392677307,47,49.765957446808514,43.51063829787234
HighRes TrueColor 2018 2m Graz - Kopie.png,139,forestfragmentation,0.23340082168579102,14,14.0,58.142857142857146
HighRes TrueColor 2018 2m Graz - Kopie.png,140,forestfragmentation,0.23285043239593506,9,30.666666666666668,49.111111111111114
HighRes TrueColor 2018 2m Graz - Kopie.png,141,forest,0.9220812916755676,28,49.964285714285715,32.82142857142857
HighRes TrueColor 2018 2m Graz - Kopie.png,142,forestfragmentation,0.4555472135543823,6,60.833333333333336,58.333333333333336
HighRes TrueColor 2018 2m Graz - Kopie.png,143,forestfragmentation,0.3469644784927368,8,5.125,47.125
HighRes TrueColor 2018 2m Graz - Kopie.png,144,forestfragmentation,0.2823977470397949,9,51.22222222222222,22.11111111111111
HighRes TrueColor 2018 2m Graz - Kopie.png,145,forestfragmentation,0.2739773392677307,47,49.765957446808514,43.51063829787234
HighRes TrueColor 2018 2m Graz - Kopie.png,146,forestfragmentation,0.23340082168579102,14,14.0,58.142857142857146
HighRes TrueColor 2018 2m Graz - Kopie.png,147,forestfragmentation,0.23285043239593506,9,30.666666666666668,49.111111111111114
HighRes TrueColor 2018 2m Graz - Kopie.png,148,forest,0.6707563996315002,26,56.30769230769231,38.38461538461539
HighRes TrueColor 2018 2m Graz - Kopie.png,149,forest,0.5558986067771912,20,55.15,35.95
HighRes TrueColor 2018 2m Graz - Kopie.png,150,forestfragmentation,0.45639294385910034,8,9.625,58.625
HighRes TrueColor 2018 2m Graz - Kopie.png,151,forestfragmentation,0.26944464445114136,14,46.92857142857143,4.071428571428571
HighRes TrueColor 2018 2m Graz - Kopie.png,152,forestfragmentation,0.2621294856071472,6,35.0,23.5
HighRes TrueColor 2018 2m Graz - Kopie.png,153,forestfragmentation,0.22162234783172607,7,1.7142857142857142,25.571428571428573
HighRes TrueColor 2018 2m Graz - Kopie.png,154,forestfragmentation,0.21951794624328613,50,18.76,26.96
HighRes TrueColor 2018 2m Graz - Kopie.png,155,forest,0.6707563996315002,26,56.30769230769231,38.38461538461539
HighRes TrueColor 2018 2m Graz - Kopie.png,156,forest,0.5558986067771912,20,55.15,35.95
HighRes TrueColor 2018 2m Graz - Kopie.png,157,forestfragmentation,0.45639294385910034,8,9.625,58.625
HighRes TrueColor 2018 2m Graz - Kopie.png,158,forestfragmentation,0.26944464445114136,14,46.92857142857143,4.071428571428571
HighRes TrueColor 2018 2m Graz - Kopie.png,159,forestfragmentation,0.2621294856071472,6,35.0,23.5
HighRes TrueColor 2018 2m Graz - Kopie.png,160,forestfragmentation,0.22162234783172607,7,1.7142857142857142,25.571428571428573
HighRes TrueColor 2018 2m Graz - Kopie.png,161,forestfragmentation,0.21951794624328613,50,18.76,26.96
HighRes TrueColor 2018 2m Graz - Kopie.png,162,forest,0.6941355466842651,35,7.371428571428571,34.885714285714286
HighRes TrueColor 2018 2m Graz - Kopie.png,163,forestfragmentation,0.35754430294036865,9,26.11111111111111,22.77777777777778
HighRes TrueColor 2018 2m Graz - Kopie.png,164,forestfragmentation,0.2516859769821167,14,37.5,4.071428571428571
HighRes TrueColor 2018 2m Graz - Kopie.png,165,forestfragmentation,0.20241886377334595,6,19.333333333333332,2.1666666666666665
HighRes TrueColor 2018 2m Graz - Kopie.png,166,forest,0.6941355466842651,35,7.371428571428571,34.885714285714286
HighRes TrueColor 2018 2m Graz - Kopie.png,167,forestfragmentation,0.35754430294036865,9,26.11111111111111,22.77777777777778
HighRes TrueColor 2018 2m Graz - Kopie.png,168,forestfragmentation,0.2516859769821167,14,37.5,4.071428571428571
HighRes TrueColor 2018 2m Graz - Kopie.png,169,forestfragmentation,0.20241886377334595,6,19.333333333333332,2.1666666666666665
HighRes TrueColor 2018 2m Graz - Kopie.png,170,forest,0.7194852232933044,73,36.178082191780824,25.80821917808219
HighRes TrueColor 2018 2m Graz - Kopie.png,171,forestfragmentation,0.3261837959289551,13,25.46153846153846,57.92307692307692
HighRes TrueColor 2018 2m Graz - Kopie.png,172,forest,0.7194852232933044,73,36.178082191780824,25.80821917808219
HighRes TrueColor 2018 2m Graz - Kopie.png,173,forestfragmentation,0.3261837959289551,13,25.46153846153846,57.92307692307692
HighRes TrueColor 2018 2m Graz - Kopie.png,174,forest,0.5612056255340576,116,34.077586206896555,19.775862068965516
HighRes TrueColor 2018 2m Graz - Kopie.png,175,forestfragmentation,0.27914369106292725,6,13.5,53.0
HighRes TrueColor 2018 2m Graz - Kopie.png,176,forest,0.5612056255340576,116,34.077586206896555,19.775862068965516
HighRes TrueColor 2018 2m Graz - Kopie.png,177,forestfragmentation,0.27914369106292725,6,13.5,53.0
HighRes TrueColor 2018 2m Graz - Kopie.png,178,forest,0.6503269672393799,20,41.8,31.55
HighRes TrueColor 2018 2m Graz - Kopie.png,179,forest,0.5663381218910217,99,24.77777777777778,20.2020202020202
HighRes TrueColor 2018 2m Graz - Kopie.png,180,forestfragmentation,0.4121893048286438,7,41.57142857142857,6.0
HighRes TrueColor 2018 2m Graz - Kopie.png,181,forestfragmentation,0.4081578254699707,7,29.857142857142858,22.0
HighRes TrueColor 2018 2m Graz - Kopie.png,182,forest,0.6503269672393799,20,41.8,31.55
HighRes TrueColor 2018 2m Graz - Kopie.png,183,forest,0.5663381218910217,99,24.77777777777778,20.2020202020202
HighRes TrueColor 2018 2m Graz - Kopie.png,184,forestfragmentation,0.4121893048286438,7,41.57142857142857,6.0
HighRes TrueColor 2018 2m Graz - Kopie.png,185,forestfragmentation,0.4081578254699707,7,29.857142857142858,22.0
HighRes TrueColor 2018 2m Graz - Kopie.png,186,forestfragmentation,0.520015299320221,4,24.5,45.0
HighRes TrueColor 2018 2m Graz - Kopie.png,187,forest,0.44079411029815674,16,3.125,29.4375
HighRes TrueColor 2018 2m Graz - Kopie.png,188,forest,0.3981017470359802,19,34.63157894736842,32.26315789473684
HighRes TrueColor 2018 2m Graz - Kopie.png,189,forest,0.30270087718963623,11,60.45454545454545,5.818181818181818
HighRes TrueColor 2018 2m Graz - Kopie.png,190,forest,0.2761181592941284,25,6.72,7.32
HighRes TrueColor 2018 2m Graz - Kopie.png,191,forestfragmentation,0.520015299320221,4,24.5,45.0
HighRes TrueColor 2018 2m Graz - Kopie.png,192,forest,0.44079411029815674,16,3.125,29.4375
HighRes TrueColor 2018 2m Graz - Kopie.png,193,forest,0.3981017470359802,19,34.63157894736842,32.26315789473684
HighRes TrueColor 2018 2m Graz - Kopie.png,194,forest,0.30270087718963623,11,60.45454545454545,5.818181818181818
HighRes TrueColor 2018 2m Graz - Kopie.png,195,forest,0.2761181592941284,25,6.72,7.32
HighRes TrueColor 2018 2m Graz - Kopie.png,196,forest,0.44898396730422974,33,14.666666666666666,7.2727272727272725
HighRes TrueColor 2018 2m Graz - Kopie.png,197,forest,0.4126437306404114,104,47.76923076923077,24.673076923076923
HighRes TrueColor 2018 2m Graz - Kopie.png,198,forest,0.44898396730422974,33,14.666666666666666,7.2727272727272725
HighRes TrueColor 2018 2m Graz - Kopie.png,199,forest,0.4126437306404114,104,47.76923076923077,24.673076923076923
HighRes TrueColor 2018 2m Graz - Kopie.png,200,forest,0.6167652606964111,112,32.169642857142854,27.375
HighRes TrueColor 2018 2m Graz - Kopie.png,201,forestfragmentation,0.2737389802932739,6,5.5,33.0
HighRes TrueColor 2018 2m Graz - Kopie.png,202,forest,0.6167652606964111,112,32.169642857142854,27.375
HighRes TrueColor 2018 2m Graz - Kopie.png,203,forestfragmentation,0.2737389802932739,6,5.5,33.0
HighRes TrueColor 2018 2m Graz - Kopie.png,204,forest,0.8849179744720459,101,32.35643564356435,19.683168316831683
HighRes TrueColor 2018 2m Graz - Kopie.png,205,forestfragmentation,0.34245234727859497,11,51.0,53.36363636363637
HighRes TrueColor 2018 2m Graz - Kopie.png,206,forestfragmentation,0.3112834095954895,7,35.42857142857143,59.57142857142857
HighRes TrueColor 2018 2m Graz - Kopie.png,207,forestfragmentation,0.26822811365127563,8,29.875,44.375
HighRes TrueColor 2018 2m Graz - Kopie.png,208,forestfragmentation,0.23820990324020386,9,23.88888888888889,29.11111111111111
HighRes TrueColor 2018 2m Graz - Kopie.png,209,forestfragmentation,0.2243049144744873,12,2.75,52.0
HighRes TrueColor 2018 2m Graz - Kopie.png,210,forest,0.8849179744720459,101,32.35643564356435,19.683168316831683
HighRes TrueColor 2018 2m Graz - Kopie.png,211,forestfragmentation,0.34245234727859497,11,51.0,53.36363636363637
HighRes TrueColor 2018 2m Graz - Kopie.png,212,forestfragmentation,0.3112834095954895,7,35.42857142857143,59.57142857142857
HighRes TrueColor 2018 2m Graz - Kopie.png,213,forestfragmentation,0.26822811365127563,8,29.875,44.375
HighRes TrueColor 2018 2m Graz - Kopie.png,214,forestfragmentation,0.23820990324020386,9,23.88888888888889,29.11111111111111
HighRes TrueColor 2018 2m Graz - Kopie.png,215,forestfragmentation,0.2243049144744873,12,2.75,52.0
HighRes TrueColor 2018 2m Graz - Kopie.png,216,forest,0.5189022421836853,17,11.764705882352942,57.0
HighRes TrueColor 2018 2m Graz - Kopie.png,217,forest,0.4347371459007263,23,28.0,59.0
HighRes TrueColor 2018 2m Graz - Kopie.png,218,forest,0.38283705711364746,96,19.59375,22.3125
HighRes TrueColor 2018 2m Graz - Kopie.png,219,forest,0.5189022421836853,17,11.764705882352942,57.0
HighRes TrueColor 2018 2m Graz - Kopie.png,220,forest,0.4347371459007263,23,28.0,59.0
HighRes TrueColor 2018 2m Graz - Kopie.png,221,forest,0.38283705711364746,96,19.59375,22.3125
HighRes TrueColor 2018 2m Graz - Kopie.png,222,forest,0.8082588911056519,45,24.31111111111111,47.044444444444444
HighRes TrueColor 2018 2m Graz - Kopie.png,223,forestfragmentation,0.43065887689590454,21,45.904761904761905,42.095238095238095
HighRes TrueColor 2018 2m Graz - Kopie.png,224,forestfragmentation,0.4009013772010803,19,38.10526315789474,28.157894736842106
HighRes TrueColor 2018 2m Graz - Kopie.png,225,forestfragmentation,0.255110502243042,12,60.083333333333336,11.916666666666666
HighRes TrueColor 2018 2m Graz - Kopie.png,226,forestfragmentation,0.24663442373275757,22,27.40909090909091,18.40909090909091
HighRes TrueColor 2018 2m Graz - Kopie.png,227,forestfragmentation,0.21990114450454712,8,20.25,30.125
HighRes TrueColor 2018 2m Graz - Kopie.png,228,forest,0.8082588911056519,45,24.31111111111111,47.044444444444444
HighRes TrueColor 2018 2m Graz - Kopie.png,229,forestfragmentation,0.43065887689590454,21,45.904761904761905,42.095238095238095
HighRes TrueColor 2018 2m Graz - Kopie.png,230,forestfragmentation,0.4009013772010803,19,38.10526315789474,28.157894736842106
HighRes TrueColor 2018 2m Graz - Kopie.png,231,forestfragmentation,0.255110502243042,12,60.083333333333336,11.916666666666666
HighRes TrueColor 2018 2m Graz - Kopie.png,232,forestfragmentation,0.24663442373275757,22,27.40909090909091,18.40909090909091
HighRes TrueColor 2018 2m Graz - Kopie.png,233,forestfragmentation,0.21990114450454712,8,20.25,30.125
HighRes TrueColor 2018 2m Graz - Kopie.png,234,forestfragmentation,0.41037869453430176,10,12.0,41.6
HighRes TrueColor 2018 2m Graz - Kopie.png,235,forestfragmentation,0.31061768531799316,9,27.444444444444443,40.666666666666664
HighRes TrueColor 2018 2m Graz - Kopie.png,236,forestfragmentation,0.278697669506073,5,1.8,44.4
HighRes TrueColor 2018 2m Graz - Kopie.png,237,forest,0.24383312463760376,124,27.443548387096776,34.403225806451616
HighRes TrueColor 2018 2m Graz - Kopie.png,238,forestfragmentation,0.41037869453430176,10,12.0,41.6
HighRes TrueColor 2018 2m Graz - Kopie.png,239,forestfragmentation,0.31061768531799316,9,27.444444444444443,40.666666666666664
HighRes TrueColor 2018 2m Graz - Kopie.png,240,forestfragmentation,0.278697669506073,5,1.8,44.4
HighRes TrueColor 2018 2m Graz - Kopie.png,241,forest,0.24383312463760376,124,27.443548387096776,34.403225806451616
HighRes TrueColor 2018 2m Graz - Kopie.png,242,forest,0.8022906184196472,15,28.266666666666666,17.666666666666668
HighRes TrueColor 2018 2m Graz - Kopie.png,243,forestfragmentation,0.5049770474433899,34,39.794117647058826,36.911764705882355
HighRes TrueColor 2018 2m Graz - Kopie.png,244,forestfragmentation,0.2645677328109741,7,13.285714285714286,49.142857142857146
HighRes TrueColor 2018 2m Graz - Kopie.png,245,forestfragmentation,0.2483118772506714,12,9.083333333333334,38.083333333333336
HighRes TrueColor 2018 2m Graz - Kopie.png,246,forest,0.8022906184196472,15,28.266666666666666,17.666666666666668
HighRes TrueColor 2018 2m Graz - Kopie.png,247,forestfragmentation,0.5049770474433899,34,39.794117647058826,36.911764705882355
HighRes TrueColor 2018 2m Graz - Kopie.png,248,forestfragmentation,0.2645677328109741,7,13.285714285714286,49.142857142857146
HighRes TrueColor 2018 2m Graz - Kopie.png,249,forestfragmentation,0.2483118772506714,12,9.083333333333334,38.083333333333336
HighRes TrueColor 2018 2m Graz - Kopie.png,250,forest,0.7636717557907104,117,47.324786324786324,36.97435897435897
HighRes TrueColor 2018 2m Graz - Kopie.png,251,forestfragmentation,0.3753975033760071,7,5.142857142857143,59.857142857142854
HighRes TrueColor 2018 2m Graz - Kopie.png,252,forestfragmentation,0.34951508045196533,7,45.0,33.42857142857143
HighRes TrueColor 2018 2m Graz - Kopie.png,253,forest,0.7636717557907104,117,47.324786324786324,36.97435897435897
HighRes TrueColor 2018 2m Graz - Kopie.png,254,forestfragmentation,0.3753975033760071,7,5.142857142857143,59.857142857142854
HighRes TrueColor 2018 2m Graz - Kopie.png,255,forestfragmentation,0.34951508045196533,7,45.0,33.42857142857143
HighRes TrueColor 2018 2m Graz - Kopie.png,256,forest,0.9140331745147705,31,37.483870967741936,52.45161290322581
HighRes TrueColor 2018 2m Graz - Kopie.png,257,forestfragmentation,0.5019817352294922,12,45.5,41.0
HighRes TrueColor 2018 2m Graz - Kopie.png,258,forestfragmentation,0.34012484550476074,16,14.125,49.9375
HighRes TrueColor 2018 2m Graz - Kopie.png,259,forestfragmentation,0.2501239776611328,8,50.25,7.25
HighRes TrueColor 2018 2m Graz - Kopie.png,260,forest,0.9140331745147705,31,37.483870967741936,52.45161290322581
HighRes TrueColor 2018 2m Graz - Kopie.png,261,forestfragmentation,0.5019817352294922,12,45.5,41.0
HighRes TrueColor 2018 2m Graz - Kopie.png,262,forestfragmentation,0.34012484550476074,16,14.125,49.9375
HighRes TrueColor 2018 2m Graz - Kopie.png,263,forestfragmentation,0.2501239776611328,8,50.25,7.25
HighRes TrueColor 2018 2m Graz - Kopie.png,264,forest,0.8145850300788879,91,36.472527472527474,36.83516483516483
HighRes TrueColor 2018 2m Graz - Kopie.png,265,forest,0.8145850300788879,91,36.472527472527474,36.83516483516483
HighRes TrueColor 2018 2m Graz - Kopie.png,266,forest,0.8327940702438354,14,9.857142857142858,38.5
HighRes TrueColor 2018 2m Graz - Kopie.png,267,forestfragmentation,0.5566225051879883,8,59.0,60.0
HighRes TrueColor 2018 2m Graz - Kopie.png,268,forestfragmentation,0.43194580078125,14,55.42857142857143,39.42857142857143
HighRes TrueColor 2018 2m Graz - Kopie.png,269,forestfragmentation,0.4008052349090576,15,17.733333333333334,53.2
HighRes TrueColor 2018 2m Graz - Kopie.png,270,forestfragmentation,0.3071584701538086,8,9.5,6.5
HighRes TrueColor 2018 2m Graz - Kopie.png,271,forestfragmentation,0.20889848470687866,8,56.0,28.625
HighRes TrueColor 2018 2m Graz - Kopie.png,272,forest,0.8327940702438354,14,9.857142857142858,38.5
HighRes TrueColor 2018 2m Graz - Kopie.png,273,forestfragmentation,0.5566225051879883,8,59.0,60.0
HighRes TrueColor 2018 2m Graz - Kopie.png,274,forestfragmentation,0.43194580078125,14,55.42857142857143,39.42857142857143
HighRes TrueColor 2018 2m Graz - Kopie.png,275,forestfragmentation,0.4008052349090576,15,17.733333333333334,53.2
HighRes TrueColor 2018 2m Graz - Kopie.png,276,forestfragmentation,0.3071584701538086,8,9.5,6.5
HighRes TrueColor 2018 2m Graz - Kopie.png,277,forestfragmentation,0.20889848470687866,8,56.0,28.625
HighRes TrueColor 2018 2m Graz - Kopie.png,278,forest,0.6908616423606873,8,16.0,31.5
HighRes TrueColor 2018 2m Graz - Kopie.png,279,forestfragmentation,0.4685709476470947,9,49.77777777777778,59.888888888888886
HighRes TrueColor 2018 2m Graz - Kopie.png,280,forestfragmentation,0.33973973989486694,12,7.916666666666667,53.25
HighRes TrueColor 2018 2m Graz - Kopie.png,281,forestfragmentation,0.32299232482910156,8,59.625,51.0
HighRes TrueColor 2018 2m Graz - Kopie.png,282,forest,0.6908616423606873,8,16.0,31.5
HighRes TrueColor 2018 2m Graz - Kopie.png,283,forestfragmentation,0.4685709476470947,9,49.77777777777778,59.888888888888886
HighRes TrueColor 2018 2m Graz - Kopie.png,284,forestfragmentation,0.33973973989486694,12,7.916666666666667,53.25
HighRes TrueColor 2018 2m Graz - Kopie.png,285,forestfragmentation,0.32299232482910156,8,59.625,51.0
HighRes TrueColor 2018 2m Graz - Kopie.png,286,forest,0.5636075735092163,20,55.75,48.2
HighRes TrueColor 2018 2m Graz - Kopie.png,287,forest,0.4752020835876465,23,24.565217391304348,25.695652173913043
HighRes TrueColor 2018 2m Graz - Kopie.png,288,forest,0.4504748582839966,10,41.1,47.4
HighRes TrueColor 2018 2m Graz - Kopie.png,289,forestfragmentation,0.40439701080322266,11,28.727272727272727,55.09090909090909
HighRes TrueColor 2018 2m Graz - Kopie.png,290,forest,0.3801475167274475,71,28.450704225352112,50.23943661971831
HighRes TrueColor 2018 2m Graz - Kopie.png,291,forestfragmentation,0.2231351137161255,29,46.03448275862069,9.03448275862069
HighRes TrueColor 2018 2m Graz - Kopie.png,292,forest,0.2210412621498108,8,60.625,17.625
HighRes TrueColor 2018 2m Graz - Kopie.png,293,forest,0.20361554622650146,29,4.827586206896552,11.724137931034482
HighRes TrueColor 2018 2m Graz - Kopie.png,294,forest,0.5636075735092163,20,55.75,48.2
HighRes TrueColor 2018 2m Graz - Kopie.png,295,forest,0.4752020835876465,23,24.565217391304348,25.695652173913043
HighRes TrueColor 2018 2m Graz - Kopie.png,296,forest,0.4504748582839966,10,41.1,47.4
HighRes TrueColor 2018 2m Graz - Kopie.png,297,forestfragmentation,0.40439701080322266,11,28.727272727272727,55.09090909090909
HighRes TrueColor 2018 2m Graz - Kopie.png,298,forest,0.3801475167274475,71,28.450704225352112,50.23943661971831
HighRes TrueColor 2018 2m Graz - Kopie.png,299,forestfragmentation,0.2231351137161255,29,46.03448275862069,9.03448275862069
HighRes TrueColor 2018 2m Graz - Kopie.png,300,forest,0.2210412621498108,8,60.625,17.625
HighRes TrueColor 2018 2m Graz - Kopie.png,301,forest,0.20361554622650146,29,4.827586206896552,11.724137931034482
HighRes TrueColor 2018 2m Graz - Kopie.png,302,forest,0.7421923875808716,114,29.535087719298247,28.05263157894737
HighRes TrueColor 2018 2m Graz - Kopie.png,303,forestfragmentation,0.4381486773490906,10,47.8,46.5
HighRes TrueColor 2018 2m Graz - Kopie.png,304,forestfragmentation,0.2094694972038269,8,16.0,53.375
HighRes TrueColor 2018 2m Graz - Kopie.png,305,forest,0.7421923875808716,114,29.535087719298247,28.05263157894737
HighRes TrueColor 2018 2m Graz - Kopie.png,306,forestfragmentation,0.4381486773490906,10,47.8,46.5
HighRes TrueColor 2018 2m Graz - Kopie.png,307,forestfragmentation,0.2094694972038269,8,16.0,53.375
HighRes TrueColor 2018 2m Graz - Kopie.png,308,forest,0.3181999921798706,48,21.541666666666668,25.708333333333332
HighRes TrueColor 2018 2m Graz - Kopie.png,309,forest,0.31021034717559814,21,54.0,7.904761904761905
HighRes TrueColor 2018 2m Graz - Kopie.png,310,forestfragmentation,0.22222769260406494,12,5.166666666666667,49.666666666666664
HighRes TrueColor 2018 2m Graz - Kopie.png,311,forest,0.3181999921798706,48,21.541666666666668,25.708333333333332
HighRes TrueColor 2018 2m Graz - Kopie.png,312,forest,0.31021034717559814,21,54.0,7.904761904761905
HighRes TrueColor 2018 2m Graz - Kopie.png,313,forestfragmentation,0.22222769260406494,12,5.166666666666667,49.666666666666664
HighRes TrueColor 2018 2m Graz - Kopie.png,314,forest,0.4154837131500244,95,47.88421052631579,29.778947368421054
HighRes TrueColor 2018 2m Graz - Kopie.png,315,forest,0.4154837131500244,95,47.88421052631579,29.778947368421054
HighRes TrueColor 2018 2m Graz - Kopie.png,316,forest,0.40173912048339844,52,25.48076923076923,3.673076923076923
HighRes TrueColor 2018 2m Graz - Kopie.png,317,forest,0.371513307094574,47,20.21276595744681,35.51063829787234
HighRes TrueColor 2018 2m Graz - Kopie.png,318,forestfragmentation,0.34691303968429565,16,46.4375,41.9375
HighRes TrueColor 2018 2m Graz - Kopie.png,319,forestfragmentation,0.27485036849975586,5,61.4,51.2
HighRes TrueColor 2018 2m Graz - Kopie.png,320,forest,0.2135704755783081,6,19.5,21.333333333333332
HighRes TrueColor 2018 2m Graz - Kopie.png,321,forest,0.40173912048339844,52,25.48076923076923,3.673076923076923
HighRes TrueColor 2018 2m Graz - Kopie.png,322,forest,0.371513307094574,47,20.21276595744681,35.51063829787234
HighRes TrueColor 2018 2m Graz - Kopie.png,323,forestfragmentation,0.34691303968429565,16,46.4375,41.9375
HighRes TrueColor 2018 2m Graz - Kopie.png,324,forestfragmentation,0.27485036849975586,5,61.4,51.2
HighRes TrueColor 2018 2m Graz - Kopie.png,325,forest,0.2135704755783081,6,19.5,21.333333333333332
HighRes TrueColor 2018 2m Graz - Kopie.png,326,forest,0.8620548248291016,14,58.214285714285715,56.57142857142857
HighRes TrueColor 2018 2m Graz - Kopie.png,327,forest,0.6367242336273193,12,4.416666666666667,5.0
HighRes TrueColor 2018 2m Graz - Kopie.png,328,forestfragmentation,0.4713059067726135,12,12.0,50.5
HighRes TrueColor 2018 2m Graz - Kopie.png,329,forest,0.3860744833946228,7,2.2857142857142856,14.571428571428571
HighRes TrueColor 2018 2m Graz - Kopie.png,330,forestfragmentation,0.3181772232055664,12,49.166666666666664,6.25
HighRes TrueColor 2018 2m Graz - Kopie.png,331,forest,0.2033262848854065,58,18.93103448275862,49.758620689655174
HighRes TrueColor 2018 2m Graz - Kopie.png,332,forest,0.8620548248291016,14,58.214285714285715,56.57142857142857
HighRes TrueColor 2018 2m Graz - Kopie.png,333,forest,0.6367242336273193,12,4.416666666666667,5.0
HighRes TrueColor 2018 2m Graz - Kopie.png,334,forestfragmentation,0.4713059067726135,12,12.0,50.5
HighRes TrueColor 2018 2m Graz - Kopie.png,335,forest,0.3860744833946228,7,2.2857142857142856,14.571428571428571
HighRes TrueColor 2018 2m Graz - Kopie.png,336,forestfragmentation,0.3181772232055664,12,49.166666666666664,6.25
HighRes TrueColor 2018 2m Graz - Kopie.png,337,forest,0.2033262848854065,58,18.93103448275862,49.758620689655174
HighRes TrueColor 2018 2m Graz - Kopie.png,338,forest,0.9253143072128296,63,33.73015873015873,46.96825396825397
HighRes TrueColor 2018 2m Graz - Kopie.png,339,forestfragmentation,0.5201631188392639,6,36.5,7.666666666666667
HighRes TrueColor 2018 2m Graz - Kopie.png,340,forestfragmentation,0.2098466157913208,6,9.833333333333334,2.3333333333333335
HighRes TrueColor 2018 2m Graz - Kopie.png,341,forestfragmentation,0.20124006271362305,8,5.375,18.125
HighRes TrueColor 2018 2m Graz - Kopie.png,342,forest,0.9253143072128296,63,33.73015873015873,46.96825396825397
HighRes TrueColor 2018 2m Graz - Kopie.png,343,forestfragmentation,0.5201631188392639,6,36.5,7.666666666666667
HighRes TrueColor 2018 2m Graz - Kopie.png,344,forestfragmentation,0.2098466157913208,6,9.833333333333334,2.3333333333333335
HighRes TrueColor 2018 2m Graz - Kopie.png,345,forestfragmentation,0.20124006271362305,8,5.375,18.125
HighRes TrueColor 2018 2m Graz - Kopie.png,346,forest,0.6729134321212769,95,34.09473684210526,39.810526315789474
HighRes TrueColor 2018 2m Graz - Kopie.png,347,forest,0.238436758518219,9,59.55555555555556,9.555555555555555
HighRes TrueColor 2018 2m Graz - Kopie.png,348,forest,0.6729134321212769,95,34.09473684210526,39.810526315789474
HighRes TrueColor 2018 2m Graz - Kopie.png,349,forest,0.238436758518219,9,59.55555555555556,9.555555555555555
HighRes TrueColor 2018 2m Graz - Kopie.png,350,forest,0.7037079334259033,40,19.95,38.1
HighRes TrueColor 2018 2m Graz - Kopie.png,351,forestfragmentation,0.49216389656066895,21,38.095238095238095,57.61904761904762
HighRes TrueColor 2018 2m Graz - Kopie.png,352,forestfragmentation,0.22195219993591309,46,46.69565217391305,42.78260869565217
HighRes TrueColor 2018 2m Graz - Kopie.png,353,forest,0.7037079334259033,40,19.95,38.1
HighRes TrueColor 2018 2m Graz - Kopie.png,354,forestfragmentation,0.49216389656066895,21,38.095238095238095,57.61904761904762
HighRes TrueColor 2018 2m Graz - Kopie.png,355,forestfragmentation,0.22195219993591309,46,46.69565217391305,42.78260869565217
HighRes TrueColor 2018 2m Graz - Kopie.png,356,forest,0.6215668320655823,22,18.681818181818183,55.40909090909091
HighRes TrueColor 2018 2m Graz - Kopie.png,357,forest,0.5322872400283813,38,8.842105263157896,20.842105263157894
HighRes TrueColor 2018 2m Graz - Kopie.png,358,forest,0.5013995170593262,25,58.0,22.64
HighRes TrueColor 2018 2m Graz - Kopie.png,359,forest,0.3966110944747925,22,4.7272727272727275,41.5
HighRes TrueColor 2018 2m Graz - Kopie.png,360,forest,0.36008185148239136,24,8.0,52.791666666666664
HighRes TrueColor 2018 2m Graz - Kopie.png,361,forest,0.24844670295715332,20,38.25,23.1
HighRes TrueColor 2018 2m Graz - Kopie.png,362,forest,0.6215668320655823,22,18.681818181818183,55.40909090909091
HighRes TrueColor 2018 2m Graz - Kopie.png,363,forest,0.5322872400283813,38,8.842105263157896,20.842105263157894
HighRes TrueColor 2018 2m Graz - Kopie.png,364,forest,0.5013995170593262,25,58.0,22.64
HighRes TrueColor 2018 2m Graz - Kopie.png,365,forest,0.3966110944747925,22,4.7272727272727275,41.5
HighRes TrueColor 2018 2m Graz - Kopie.png,366,forest,0.36008185148239136,24,8.0,52.791666666666664
HighRes TrueColor 2018 2m Graz - Kopie.png,367,forest,0.24844670295715332,20,38.25,23.1
HighRes TrueColor 2018 2m Graz - Kopie.png,368,forest,0.593106746673584,168,29.773809523809526,27.857142857142858
HighRes TrueColor 2018 2m Graz - Kopie.png,369,forestfragmentation,0.3616684079170227,44,34.5,13.090909090909092
HighRes TrueColor 2018 2m Graz - Kopie.png,370,forest,0.593106746673584,168,29.773809523809526,27.857142857142858
HighRes TrueColor 2018 2m Graz - Kopie.png,371,forestfragmentation,0.3616684079170227,44,34.5,13.090909090909092
HighRes TrueColor 2018 2m Graz - Kopie.png,372,forest,0.8332220315933228,58,41.43103448275862,16.413793103448278
HighRes TrueColor 2018 2m Graz - Kopie.png,373,forestfragmentation,0.5778418183326721,7,53.142857142857146,46.142857142857146
HighRes TrueColor 2018 2m Graz - Kopie.png,374,forestfragmentation,0.31303954124450684,15,32.13333333333333,14.8
HighRes TrueColor 2018 2m Graz - Kopie.png,375,forestfragmentation,0.24399781227111816,10,15.3,49.8
HighRes TrueColor 2018 2m Graz - Kopie.png,376,forest,0.8332220315933228,58,41.43103448275862,16.413793103448278
HighRes TrueColor 2018 2m Graz - Kopie.png,377,forestfragmentation,0.5778418183326721,7,53.142857142857146,46.142857142857146
HighRes TrueColor 2018 2m Graz - Kopie.png,378,forestfragmentation,0.31303954124450684,15,32.13333333333333,14.8
HighRes TrueColor 2018 2m Graz - Kopie.png,379,forestfragmentation,0.24399781227111816,10,15.3,49.8
HighRes TrueColor 2018 2m Graz - Kopie.png,380,forest,0.687808096408844,23,32.608695652173914,19.043478260869566
HighRes TrueColor 2018 2m Graz - Kopie.png,381,forestfragmentation,0.31403082609176636,9,8.11111111111111,61.44444444444444
HighRes TrueColor 2018 2m Graz - Kopie.png,382,forestfragmentation,0.3103026747703552,12,26.166666666666668,25.583333333333332
HighRes TrueColor 2018 2m Graz - Kopie.png,383,forestfragmentation,0.3034757375717163,6,2.5,46.166666666666664
HighRes TrueColor 2018 2m Graz - Kopie.png,384,forestfragmentation,0.27627378702163696,15,54.2,38.53333333333333
HighRes TrueColor 2018 2m Graz - Kopie.png,385,forest,0.2078326940536499,46,21.347826086956523,6.326086956521739
HighRes TrueColor 2018 2m Graz - Kopie.png,386,forest,0.687808096408844,23,32.608695652173914,19.043478260869566
HighRes TrueColor 2018 2m Graz - Kopie.png,387,forestfragmentation,0.31403082609176636,9,8.11111111111111,61.44444444444444
HighRes TrueColor 2018 2m Graz - Kopie.png,388,forestfragmentation,0.3103026747703552,12,26.166666666666668,25.583333333333332
HighRes TrueColor 2018 2m Graz - Kopie.png,389,forestfragmentation,0.3034757375717163,6,2.5,46.166666666666664
HighRes TrueColor 2018 2m Graz - Kopie.png,390,forestfragmentation,0.27627378702163696,15,54.2,38.53333333333333
HighRes TrueColor 2018 2m Graz - Kopie.png,391,forest,0.2078326940536499,46,21.347826086956523,6.326086956521739
HighRes TrueColor 2018 2m Graz - Kopie.png,392,forest,0.9228295087814331,67,33.64179104477612,17.08955223880597
HighRes TrueColor 2018 2m Graz - Kopie.png,393,forestfragmentation,0.6704504489898682,10,54.6,52.0
HighRes TrueColor 2018 2m Graz - Kopie.png,394,forestfragmentation,0.3136482238769531,42,28.357142857142858,43.26190476190476
HighRes TrueColor 2018 2m Graz - Kopie.png,395,forestfragmentation,0.28442513942718506,7,2.5714285714285716,37.57142857142857
HighRes TrueColor 2018 2m Graz - Kopie.png,396,forestfragmentation,0.21809673309326172,10,23.8,3.8
HighRes TrueColor 2018 2m Graz - Kopie.png,397,forestfragmentation,0.2124963402748108,14,30.142857142857142,27.142857142857142
HighRes TrueColor 2018 2m Graz - Kopie.png,398,forest,0.9228295087814331,67,33.64179104477612,17.08955223880597
HighRes TrueColor 2018 2m Graz - Kopie.png,399,forestfragmentation,0.6704504489898682,10,54.6,52.0
HighRes TrueColor 2018 2m Graz - Kopie.png,400,forestfragmentation,0.3136482238769531,42,28.357142857142858,43.26190476190476
HighRes TrueColor 2018 2m Graz - Kopie.png,401,forestfragmentation,0.28442513942718506,7,2.5714285714285716,37.57142857142857
HighRes TrueColor 2018 2m Graz - Kopie.png,402,forestfragmentation,0.21809673309326172,10,23.8,3.8
HighRes TrueColor 2018 2m Graz - Kopie.png,403,forestfragmentation,0.2124963402748108,14,30.142857142857142,27.142857142857142
HighRes TrueColor 2018 2m Graz - Kopie.png,404,forest,0.9432082176208496,25,23.76,19.32
HighRes TrueColor 2018 2m Graz - Kopie.png,405,forestfragmentation,0.6134817004203796,23,25.434782608695652,39.91304347826087
HighRes TrueColor 2018 2m Graz - Kopie.png,406,forestfragmentation,0.5735417008399963,12,59.083333333333336,8.75
HighRes TrueColor 2018 2m Graz - Kopie.png,407,forestfragmentation,0.5515558123588562,9,47.666666666666664,35.22222222222222
HighRes TrueColor 2018 2m Graz - Kopie.png,408,forestfragmentation,0.4620859622955322,11,3.4545454545454546,53.18181818181818
HighRes TrueColor 2018 2m Graz - Kopie.png,409,forestfragmentation,0.4603894352912903,12,17.833333333333332,54.0
HighRes TrueColor 2018 2m Graz - Kopie.png,410,forestfragmentation,0.39538758993148804,13,8.538461538461538,28.384615384615383
HighRes TrueColor 2018 2m Graz - Kopie.png,411,forestfragmentation,0.3917998671531677,13,34.92307692307692,31.846153846153847
HighRes TrueColor 2018 2m Graz - Kopie.png,412,forestfragmentation,0.34211915731430054,7,17.0,2.7142857142857144
HighRes TrueColor 2018 2m Graz - Kopie.png,413,forestfragmentation,0.33809226751327515,21,31.19047619047619,50.19047619047619
HighRes TrueColor 2018 2m Graz - Kopie.png,414,forestfragmentation,0.3103780746459961,47,50.0,21.574468085106382
HighRes TrueColor 2018 2m Graz - Kopie.png,415,forestfragmentation,0.2323596477508545,15,51.46666666666667,58.4
HighRes TrueColor 2018 2m Graz - Kopie.png,416,forestfragmentation,0.20756560564041138,12,29.5,3.1666666666666665
HighRes TrueColor 2018 2m Graz - Kopie.png,417,forest,0.9432082176208496,25,23.76,19.32
HighRes TrueColor 2018 2m Graz - Kopie.png,418,forestfragmentation,0.6134817004203796,23,25.434782608695652,39.91304347826087
HighRes TrueColor 2018 2m Graz - Kopie.png,419,forestfragmentation,0.5735417008399963,12,59.083333333333336,8.75
HighRes TrueColor 2018 2m Graz - Kopie.png,420,forestfragmentation,0.5515558123588562,9,47.666666666666664,35.22222222222222
HighRes TrueColor 2018 2m Graz - Kopie.png,421,forestfragmentation,0.4620859622955322,11,3.4545454545454546,53.18181818181818
HighRes TrueColor 2018 2m Graz - Kopie.png,422,forestfragmentation,0.4603894352912903,12,17.833333333333332,54.0
HighRes TrueColor 2018 2m Graz - Kopie.png,423,forestfragmentation,0.39538758993148804,13,8.538461538461538,28.384615384615383
HighRes TrueColor 2018 2m Graz - Kopie.png,424,forestfragmentation,0.3917998671531677,13,34.92307692307692,31.846153846153847
HighRes TrueColor 2018 2m Graz - Kopie.png,425,forestfragmentation,0.34211915731430054,7,17.0,2.7142857142857144
HighRes TrueColor 2018 2m Graz - Kopie.png,426,forestfragmentation,0.33809226751327515,21,31.19047619047619,50.19047619047619
HighRes TrueColor 2018 2m Graz - Kopie.png,427,forestfragmentation,0.3103780746459961,47,50.0,21.574468085106382
HighRes TrueColor 2018 2m Graz - Kopie.png,428,forestfragmentation,0.2323596477508545,15,51.46666666666667,58.4
HighRes TrueColor 2018 2m Graz - Kopie.png,429,forestfragmentation,0.20756560564041138,12,29.5,3.1666666666666665
HighRes TrueColor 2018 2m Graz - Kopie.png,430,forest,0.95883709192276,9,47.44444444444444,46.888888888888886
HighRes TrueColor 2018 2m Graz - Kopie.png,431,forestfragmentation,0.6393442749977112,21,15.952380952380953,39.714285714285715
HighRes TrueColor 2018 2m Graz - Kopie.png,432,forestfragmentation,0.5731409192085266,9,38.666666666666664,35.22222222222222
HighRes TrueColor 2018 2m Graz - Kopie.png,433,forestfragmentation,0.5116630792617798,12,8.833333333333334,54.0
HighRes TrueColor 2018 2m Graz - Kopie.png,434,forestfragmentation,0.4273640513420105,19,8.631578947368421,16.842105263157894
HighRes TrueColor 2018 2m Graz - Kopie.png,435,forestfragmentation,0.40455490350723267,10,2.1,28.7
HighRes TrueColor 2018 2m Graz - Kopie.png,436,forestfragmentation,0.38916444778442383,11,26.09090909090909,32.18181818181818
HighRes TrueColor 2018 2m Graz - Kopie.png,437,forestfragmentation,0.36165010929107666,10,8.4,2.6
HighRes TrueColor 2018 2m Graz - Kopie.png,438,forestfragmentation,0.29845333099365234,22,21.636363636363637,50.22727272727273
HighRes TrueColor 2018 2m Graz - Kopie.png,439,forestfragmentation,0.26028698682785034,59,46.54237288135593,23.305084745762713
HighRes TrueColor 2018 2m Graz - Kopie.png,440,forestfragmentation,0.21422696113586426,17,42.1764705882353,58.1764705882353
HighRes TrueColor 2018 2m Graz - Kopie.png,441,forestfragmentation,0.2082790732383728,10,19.1,21.8
HighRes TrueColor 2018 2m Graz - Kopie.png,442,forest,0.95883709192276,9,47.44444444444444,46.888888888888886
HighRes TrueColor 2018 2m Graz - Kopie.png,443,forestfragmentation,0.6393442749977112,21,15.952380952380953,39.714285714285715
HighRes TrueColor 2018 2m Graz - Kopie.png,444,forestfragmentation,0.5731409192085266,9,38.666666666666664,35.22222222222222
HighRes TrueColor 2018 2m Graz - Kopie.png,445,forestfragmentation,0.5116630792617798,12,8.833333333333334,54.0
HighRes TrueColor 2018 2m Graz - Kopie.png,446,forestfragmentation,0.4273640513420105,19,8.631578947368421,16.842105263157894
HighRes TrueColor 2018 2m Graz - Kopie.png,447,forestfragmentation,0.40455490350723267,10,2.1,28.7
HighRes TrueColor 2018 2m Graz - Kopie.png,448,forestfragmentation,0.38916444778442383,11,26.09090909090909,32.18181818181818
HighRes TrueColor 2018 2m Graz - Kopie.png,449,forestfragmentation,0.36165010929107666,10,8.4,2.6
HighRes TrueColor 2018 2m Graz - Kopie.png,450,forestfragmentation,0.29845333099365234,22,21.636363636363637,50.22727272727273
HighRes TrueColor 2018 2m Graz - Kopie.png,451,forestfragmentation,0.26028698682785034,59,46.54237288135593,23.305084745762713
HighRes TrueColor 2018 2m Graz - Kopie.png,452,forestfragmentation,0.21422696113586426,17,42.1764705882353,58.1764705882353
HighRes TrueColor 2018 2m Graz - Kopie.png,453,forestfragmentation,0.2082790732383728,10,19.1,21.8
HighRes TrueColor 2018 2m Graz - Kopie.png,454,forest,0.8511977195739746,111,27.225225225225227,23.864864864864863
HighRes TrueColor 2018 2m Graz - Kopie.png,455,forestfragmentation,0.6163493394851685,54,38.2962962962963,28.074074074074073
HighRes TrueColor 2018 2m Graz - Kopie.png,456,forestfragmentation,0.4032124876976013,9,28.444444444444443,2.6666666666666665
HighRes TrueColor 2018 2m Graz - Kopie.png,457,forestfragmentation,0.2652718424797058,7,6.285714285714286,57.142857142857146
HighRes TrueColor 2018 2m Graz - Kopie.png,458,forestfragmentation,0.21764159202575684,13,26.53846153846154,56.69230769230769
HighRes TrueColor 2018 2m Graz - Kopie.png,459,forest,0.8511977195739746,111,27.225225225225227,23.864864864864863
HighRes TrueColor 2018 2m Graz - Kopie.png,460,forestfragmentation,0.6163493394851685,54,38.2962962962963,28.074074074074073
HighRes TrueColor 2018 2m Graz - Kopie.png,461,forestfragmentation,0.4032124876976013,9,28.444444444444443,2.6666666666666665
HighRes TrueColor 2018 2m Graz - Kopie.png,462,forestfragmentation,0.2652718424797058,7,6.285714285714286,57.142857142857146
HighRes TrueColor 2018 2m Graz - Kopie.png,463,forestfragmentation,0.21764159202575684,13,26.53846153846154,56.69230769230769
HighRes TrueColor 2018 2m Graz - Kopie.png,464,forest,0.9322941899299622,66,18.545454545454547,10.757575757575758
HighRes TrueColor 2018 2m Graz - Kopie.png,465,forestfragmentation,0.30555909872055054,26,52.34615384615385,57.0
HighRes TrueColor 2018 2m Graz - Kopie.png,466,forestfragmentation,0.23833578824996948,5,25.4,29.0
HighRes TrueColor 2018 2m Graz - Kopie.png,467,forest,0.9322941899299622,66,18.545454545454547,10.757575757575758
HighRes TrueColor 2018 2m Graz - Kopie.png,468,forestfragmentation,0.30555909872055054,26,52.34615384615385,57.0
HighRes TrueColor 2018 2m Graz - Kopie.png,469,forestfragmentation,0.23833578824996948,5,25.4,29.0
HighRes TrueColor 2018 2m Graz - Kopie.png,470,forest,0.9421699047088623,92,48.92391304347826,29.108695652173914
HighRes TrueColor 2018 2m Graz - Kopie.png,471,forestfragmentation,0.8858956694602966,37,12.054054054054054,33.729729729729726
HighRes TrueColor 2018 2m Graz - Kopie.png,472,forestfragmentation,0.46922004222869873,9,13.333333333333334,51.111111111111114
HighRes TrueColor 2018 2m Graz - Kopie.png,473,forestfragmentation,0.3485652208328247,15,39.2,46.86666666666667
HighRes TrueColor 2018 2m Graz - Kopie.png,474,forest,0.9421699047088623,92,48.92391304347826,29.108695652173914
HighRes TrueColor 2018 2m Graz - Kopie.png,475,forestfragmentation,0.8858956694602966,37,12.054054054054054,33.729729729729726
HighRes TrueColor 2018 2m Graz - Kopie.png,476,forestfragmentation,0.46922004222869873,9,13.333333333333334,51.111111111111114
HighRes TrueColor 2018 2m Graz - Kopie.png,477,forestfragmentation,0.3485652208328247,15,39.2,46.86666666666667
HighRes TrueColor 2018 2m Graz - Kopie.png,478,forest,0.5095677375793457,11,9.0,56.54545454545455
HighRes TrueColor 2018 2m Graz - Kopie.png,479,forest,0.33882999420166016,45,11.533333333333333,39.06666666666667
HighRes TrueColor 2018 2m Graz - Kopie.png,480,forest,0.2875962257385254,7,29.714285714285715,33.142857142857146
HighRes TrueColor 2018 2m Graz - Kopie.png,481,forest,0.2730851173400879,8,3.875,61.5
HighRes TrueColor 2018 2m Graz - Kopie.png,482,forest,0.5095677375793457,11,9.0,56.54545454545455
HighRes TrueColor 2018 2m Graz - Kopie.png,483,forest,0.33882999420166016,45,11.533333333333333,39.06666666666667
HighRes TrueColor 2018 2m Graz - Kopie.png,484,forest,0.2875962257385254,7,29.714285714285715,33.142857142857146
HighRes TrueColor 2018 2m Graz - Kopie.png,485,forest,0.2730851173400879,8,3.875,61.5
HighRes TrueColor 2018 2m Graz - Kopie.png,486,forest,0.23847979307174683,17,5.117647058823529,11.058823529411764
HighRes TrueColor 2018 2m Graz - Kopie.png,487,forest,0.2271152138710022,16,53.4375,4.5625
HighRes TrueColor 2018 2m Graz - Kopie.png,488,forest,0.23847979307174683,17,5.117647058823529,11.058823529411764
HighRes TrueColor 2018 2m Graz - Kopie.png,489,forest,0.2271152138710022,16,53.4375,4.5625
HighRes TrueColor 2018 2m Graz - Kopie.png,490,forest,0.8406609892845154,16,58.0,3.875
HighRes TrueColor 2018 2m Graz - Kopie.png,491,forest,0.7580190300941467,84,21.904761904761905,30.857142857142858
HighRes TrueColor 2018 2m Graz - Kopie.png,492,forestfragmentation,0.6055881381034851,12,23.833333333333332,26.666666666666668
HighRes TrueColor 2018 2m Graz - Kopie.png,493,forest,0.3455415964126587,15,58.666666666666664,48.46666666666667
HighRes TrueColor 2018 2m Graz - Kopie.png,494,forest,0.29580384492874146,7,60.0,35.42857142857143
HighRes TrueColor 2018 2m Graz - Kopie.png,495,forest,0.8406609892845154,16,58.0,3.875
HighRes TrueColor 2018 2m Graz - Kopie.png,496,forest,0.7580190300941467,84,21.904761904761905,30.857142857142858
HighRes TrueColor 2018 2m Graz - Kopie.png,497,forestfragmentation,0.6055881381034851,12,23.833333333333332,26.666666666666668
HighRes TrueColor 2018 2m Graz - Kopie.png,498,forest,0.3455415964126587,15,58.666666666666664,48.46666666666667
HighRes TrueColor 2018 2m Graz - Kopie.png,499,forest,0.29580384492874146,7,60.0,35.42857142857143
HighRes TrueColor 2018 2m Graz - Kopie.png,500,forest,0.44956302642822266,16,6.5,48.5
HighRes TrueColor 2018 2m Graz - Kopie.png,501,forest,0.40107256174087524,149,33.22147651006711,24.711409395973153
HighRes TrueColor 2018 2m Graz - Kopie.png,502,forest,0.44956302642822266,16,6.5,48.5
HighRes TrueColor 2018 2m Graz - Kopie.png,503,forest,0.40107256174087524,149,33.22147651006711,24.711409395973153
HighRes TrueColor 2018 2m Graz - Kopie.png,504,forest,0.7716333270072937,39,43.07692307692308,28.256410256410255
HighRes TrueColor 2018 2m Graz - Kopie.png,505,forestfragmentation,0.5845521092414856,27,9.74074074074074,11.25925925925926
HighRes TrueColor 2018 2m Graz - Kopie.png,506,forestfragmentation,0.47348523139953613,24,26.666666666666668,35.041666666666664
HighRes TrueColor 2018 2m Graz - Kopie.png,507,forestfragmentation,0.29223543405532837,10,45.9,59.4
HighRes TrueColor 2018 2m Graz - Kopie.png,508,forestfragmentation,0.2862667441368103,9,34.111111111111114,49.22222222222222
HighRes TrueColor 2018 2m Graz - Kopie.png,509,forestfragmentation,0.2700963020324707,8,53.125,37.125
HighRes TrueColor 2018 2m Graz - Kopie.png,510,forestfragmentation,0.25666534900665283,8,9.625,60.25
HighRes TrueColor 2018 2m Graz - Kopie.png,511,forestfragmentation,0.24627918004989624,4,59.0,62.0
HighRes TrueColor 2018 2m Graz - Kopie.png,512,forest,0.7716333270072937,39,43.07692307692308,28.256410256410255
HighRes TrueColor 2018 2m Graz - Kopie.png,513,forestfragmentation,0.5845521092414856,27,9.74074074074074,11.25925925925926
HighRes TrueColor 2018 2m Graz - Kopie.png,514,forestfragmentation,0.47348523139953613,24,26.666666666666668,35.041666666666664
HighRes TrueColor 2018 2m Graz - Kopie.png,515,forestfragmentation,0.29223543405532837,10,45.9,59.4
HighRes TrueColor 2018 2m Graz - Kopie.png,516,forestfragmentation,0.2862667441368103,9,34.111111111111114,49.22222222222222
HighRes TrueColor 2018 2m Graz - Kopie.png,517,forestfragmentation,0.2700963020324707,8,53.125,37.125
HighRes TrueColor 2018 2m Graz - Kopie.png,518,forestfragmentation,0.25666534900665283,8,9.625,60.25
HighRes TrueColor 2018 2m Graz - Kopie.png,519,forestfragmentation,0.24627918004989624,4,59.0,62.0
HighRes TrueColor 2018 2m Graz - Kopie.png,520,forest,0.39325863122940063,128,38.5703125,37.9765625
HighRes TrueColor 2018 2m Graz - Kopie.png,521,forest,0.39325863122940063,128,38.5703125,37.9765625
HighRes TrueColor 2018 2m Graz - Kopie.png,522,forest,0.4874746799468994,110,32.86363636363637,24.2
HighRes TrueColor 2018 2m Graz - Kopie.png,523,forestfragmentation,0.36344730854034424,11,48.90909090909091,37.18181818181818
HighRes TrueColor 2018 2m Graz - Kopie.png,524,forestfragmentation,0.3283640146255493,14,54.5,58.785714285714285
HighRes TrueColor 2018 2m Graz - Kopie.png,525,forestfragmentation,0.31090766191482544,51,31.647058823529413,48.8235294117647
HighRes TrueColor 2018 2m Graz - Kopie.png,526,forest,0.4874746799468994,110,32.86363636363637,24.2
HighRes TrueColor 2018 2m Graz - Kopie.png,527,forestfragmentation,0.36344730854034424,11,48.90909090909091,37.18181818181818
HighRes TrueColor 2018 2m Graz - Kopie.png,528,forestfragmentation,0.3283640146255493,14,54.5,58.785714285714285
HighRes TrueColor 2018 2m Graz - Kopie.png,529,forestfragmentation,0.31090766191482544,51,31.647058823529413,48.8235294117647
HighRes TrueColor 2018 2m Graz - Kopie.png,530,forest,0.8907384872436523,7,18.714285714285715,20.0
HighRes TrueColor 2018 2m Graz - Kopie.png,531,forestfragmentation,0.5403333902359009,11,21.09090909090909,30.636363636363637
HighRes TrueColor 2018 2m Graz - Kopie.png,532,forestfragmentation,0.35315340757369995,18,6.5,21.666666666666668
HighRes TrueColor 2018 2m Graz - Kopie.png,533,forestfragmentation,0.34945499897003174,9,59.55555555555556,46.888888888888886
HighRes TrueColor 2018 2m Graz - Kopie.png,534,forestfragmentation,0.3125789165496826,10,11.0,44.1
HighRes TrueColor 2018 2m Graz - Kopie.png,535,forestfragmentation,0.2725248336791992,8,32.0,29.75
HighRes TrueColor 2018 2m Graz - Kopie.png,536,forestfragmentation,0.26154518127441406,11,43.90909090909091,3.909090909090909
HighRes TrueColor 2018 2m Graz - Kopie.png,537,forestfragmentation,0.24651497602462769,11,60.36363636363637,25.363636363636363
HighRes TrueColor 2018 2m Graz - Kopie.png,538,forestfragmentation,0.2433229684829712,18,54.333333333333336,58.94444444444444
HighRes TrueColor 2018 2m Graz - Kopie.png,539,forestfragmentation,0.22189241647720337,9,49.22222222222222,13.11111111111111
HighRes TrueColor 2018 2m Graz - Kopie.png,540,forestfragmentation,0.22021973133087158,11,31.272727272727273,9.909090909090908
HighRes TrueColor 2018 2m Graz - Kopie.png,541,forestfragmentation,0.21909064054489136,4,62.0,10.5
HighRes TrueColor 2018 2m Graz - Kopie.png,542,forestfragmentation,0.21859461069107056,8,54.5,6.625
HighRes TrueColor 2018 2m Graz - Kopie.png,543,forestfragmentation,0.21283727884292603,6,44.333333333333336,30.833333333333332
HighRes TrueColor 2018 2m Graz - Kopie.png,544,forest,0.8907384872436523,7,18.714285714285715,20.0
HighRes TrueColor 2018 2m Graz - Kopie.png,545,forestfragmentation,0.5403333902359009,11,21.09090909090909,30.636363636363637
HighRes TrueColor 2018 2m Graz - Kopie.png,546,forestfragmentation,0.35315340757369995,18,6.5,21.666666666666668
HighRes TrueColor 2018 2m Graz - Kopie.png,547,forestfragmentation,0.34945499897003174,9,59.55555555555556,46.888888888888886
HighRes TrueColor 2018 2m Graz - Kopie.png,548,forestfragmentation,0.3125789165496826,10,11.0,44.1
HighRes TrueColor 2018 2m Graz - Kopie.png,549,forestfragmentation,0.2725248336791992,8,32.0,29.75
HighRes TrueColor 2018 2m Graz - Kopie.png,550,forestfragmentation,0.26154518127441406,11,43.90909090909091,3.909090909090909
HighRes TrueColor 2018 2m Graz - Kopie.png,551,forestfragmentation,0.24651497602462769,11,60.36363636363637,25.363636363636363
HighRes TrueColor 2018 2m Graz - Kopie.png,552,forestfragmentation,0.2433229684829712,18,54.333333333333336,58.94444444444444
HighRes TrueColor 2018 2m Graz - Kopie.png,553,forestfragmentation,0.22189241647720337,9,49.22222222222222,13.11111111111111
HighRes TrueColor 2018 2m Graz - Kopie.png,554,forestfragmentation,0.22021973133087158,11,31.272727272727273,9.909090909090908
HighRes TrueColor 2018 2m Graz - Kopie.png,555,forestfragmentation,0.21909064054489136,4,62.0,10.5
HighRes TrueColor 2018 2m Graz - Kopie.png,556,forestfragmentation,0.21859461069107056,8,54.5,6.625
HighRes TrueColor 2018 2m Graz - Kopie.png,557,forestfragmentation,0.21283727884292603,6,44.333333333333336,30.833333333333332
HighRes TrueColor 2018 2m Graz - Kopie.png,558,forest,0.852464497089386,37,52.2972972972973,19.83783783783784
HighRes TrueColor 2018 2m Graz - Kopie.png,559,forestfragmentation,0.4255436658859253,33,16.848484848484848,51.93939393939394
HighRes TrueColor 2018 2m Graz - Kopie.png,560,forest,0.852464497089386,37,52.2972972972973,19.83783783783784
HighRes TrueColor 2018 2m Graz - Kopie.png,561,forestfragmentation,0.4255436658859253,33,16.848484848484848,51.93939393939394
HighRes TrueColor 2018 2m Graz - Kopie.png,562,forest,0.699069082736969,69,34.391304347826086,30.07246376811594
HighRes TrueColor 2018 2m Graz - Kopie.png,563,forestfragmentation,0.24217456579208374,7,48.57142857142857,61.0
HighRes TrueColor 2018 2m Graz - Kopie.png,564,forestfragmentation,0.206615149974823,28,45.785714285714285,42.857142857142854
HighRes TrueColor 2018 2m Graz - Kopie.png,565,forest,0.699069082736969,69,34.391304347826086,30.07246376811594
HighRes TrueColor 2018 2m Graz - Kopie.png,566,forestfragmentation,0.24217456579208374,7,48.57142857142857,61.0
HighRes TrueColor 2018 2m Graz - Kopie.png,567,forestfragmentation,0.206615149974823,28,45.785714285714285,42.857142857142854
HighRes TrueColor 2018 2m Graz - Kopie.png,568,forest,0.7330510020256042,37,12.594594594594595,38.54054054054054
HighRes TrueColor 2018 2m Graz - Kopie.png,569,forestfragmentation,0.5541589856147766,10,55.5,2.3
HighRes TrueColor 2018 2m Graz - Kopie.png,570,forestfragmentation,0.3113608956336975,12,57.25,50.25
HighRes TrueColor 2018 2m Graz - Kopie.png,571,forestfragmentation,0.24562817811965942,16,30.5,58.0625
HighRes TrueColor 2018 2m Graz - Kopie.png,572,forest,0.7330510020256042,37,12.594594594594595,38.54054054054054
HighRes TrueColor 2018 2m Graz - Kopie.png,573,forestfragmentation,0.5541589856147766,10,55.5,2.3
HighRes TrueColor 2018 2m Graz - Kopie.png,574,forestfragmentation,0.3113608956336975,12,57.25,50.25
HighRes TrueColor 2018 2m Graz - Kopie.png,575,forestfragmentation,0.24562817811965942,16,30.5,58.0625
HighRes TrueColor 2018 2m Graz - Kopie.png,576,forest,0.8157915472984314,4,31.5,31.5
HighRes TrueColor 2018 2m Graz - Kopie.png,577,forestfragmentation,0.31250613927841187,11,18.727272727272727,2.4545454545454546
HighRes TrueColor 2018 2m Graz - Kopie.png,578,forestfragmentation,0.2940239906311035,9,55.22222222222222,23.11111111111111
HighRes TrueColor 2018 2m Graz - Kopie.png,579,forestfragmentation,0.26346683502197266,17,45.294117647058826,58.94117647058823
HighRes TrueColor 2018 2m Graz - Kopie.png,580,forestfragmentation,0.24219369888305664,13,4.846153846153846,50.15384615384615
HighRes TrueColor 2018 2m Graz - Kopie.png,581,forestfragmentation,0.20810043811798096,9,3.7777777777777777,2.0
HighRes TrueColor 2018 2m Graz - Kopie.png,582,forest,0.8157915472984314,4,31.5,31.5
HighRes TrueColor 2018 2m Graz - Kopie.png,583,forestfragmentation,0.31250613927841187,11,18.727272727272727,2.4545454545454546
HighRes TrueColor 2018 2m Graz - Kopie.png,584,forestfragmentation,0.2940239906311035,9,55.22222222222222,23.11111111111111
HighRes TrueColor 2018 2m Graz - Kopie.png,585,forestfragmentation,0.26346683502197266,17,45.294117647058826,58.94117647058823
HighRes TrueColor 2018 2m Graz - Kopie.png,586,forestfragmentation,0.24219369888305664,13,4.846153846153846,50.15384615384615
HighRes TrueColor 2018 2m Graz - Kopie.png,587,forestfragmentation,0.20810043811798096,9,3.7777777777777777,2.0
HighRes TrueColor 2018 2m Graz - Kopie.png,588,forest,0.8125485181808472,4,31.5,31.5
HighRes TrueColor 2018 2m Graz - Kopie.png,589,forestfragmentation,0.37169718742370605,11,9.545454545454545,2.4545454545454546
HighRes TrueColor 2018 2m Graz - Kopie.png,590,forestfragmentation,0.35289037227630615,15,36.266666666666666,59.0
HighRes TrueColor 2018 2m Graz - Kopie.png,591,forestfragmentation,0.28645074367523193,11,59.63636363636363,13.727272727272727
HighRes TrueColor 2018 2m Graz - Kopie.png,592,forestfragmentation,0.2509506940841675,9,46.22222222222222,23.11111111111111
HighRes TrueColor 2018 2m Graz - Kopie.png,593,forestfragmentation,0.22696441411972046,4,60.5,35.0
HighRes TrueColor 2018 2m Graz - Kopie.png,594,forestfragmentation,0.2009899616241455,13,51.92307692307692,54.30769230769231
HighRes TrueColor 2018 2m Graz - Kopie.png,595,forest,0.8125485181808472,4,31.5,31.5
HighRes TrueColor 2018 2m Graz - Kopie.png,596,forestfragmentation,0.37169718742370605,11,9.545454545454545,2.4545454545454546
HighRes TrueColor 2018 2m Graz - Kopie.png,597,forestfragmentation,0.35289037227630615,15,36.266666666666666,59.0
HighRes TrueColor 2018 2m Graz - Kopie.png,598,forestfragmentation,0.28645074367523193,11,59.63636363636363,13.727272727272727
HighRes TrueColor 2018 2m Graz - Kopie.png,599,forestfragmentation,0.2509506940841675,9,46.22222222222222,23.11111111111111
HighRes TrueColor 2018 2m Graz - Kopie.png,600,forestfragmentation,0.22696441411972046,4,60.5,35.0
HighRes TrueColor 2018 2m Graz - Kopie.png,601,forestfragmentation,0.2009899616241455,13,51.92307692307692,54.30769230769231
HighRes TrueColor 2018 2m Graz - Kopie.png,602,forest,0.9052844047546387,20,45.5,54.85
HighRes TrueColor 2018 2m Graz - Kopie.png,603,forestfragmentation,0.7562283277511597,46,11.152173913043478,12.673913043478262
HighRes TrueColor 2018 2m Graz - Kopie.png,604,forestfragmentation,0.6532487869262695,11,53.45454545454545,32.63636363636363
HighRes TrueColor 2018 2m Graz - Kopie.png,605,forestfragmentation,0.5377935171127319,12,54.416666666666664,26.083333333333332
HighRes TrueColor 2018 2m Graz - Kopie.png,606,forestfragmentation,0.500031590461731,7,13.142857142857142,33.57142857142857
HighRes TrueColor 2018 2m Graz - Kopie.png,607,forestfragmentation,0.26752811670303345,5,48.6,33.0
HighRes TrueColor 2018 2m Graz - Kopie.png,608,forestfragmentation,0.24287033081054688,27,27.25925925925926,7.777777777777778
HighRes TrueColor 2018 2m Graz - Kopie.png,609,forestfragmentation,0.24154335260391235,7,61.57142857142857,53.42857142857143
HighRes TrueColor 2018 2m Graz - Kopie.png,610,forestfragmentation,0.2167741060256958,8,47.125,2.625
HighRes TrueColor 2018 2m Graz - Kopie.png,611,forest,0.9052844047546387,20,45.5,54.85
HighRes TrueColor 2018 2m Graz - Kopie.png,612,forestfragmentation,0.7562283277511597,46,11.152173913043478,12.673913043478262
HighRes TrueColor 2018 2m Graz - Kopie.png,613,forestfragmentation,0.6532487869262695,11,53.45454545454545,32.63636363636363
HighRes TrueColor 2018 2m Graz - Kopie.png,614,forestfragmentation,0.5377935171127319,12,54.416666666666664,26.083333333333332
HighRes TrueColor 2018 2m Graz - Kopie.png,615,forestfragmentation,0.500031590461731,7,13.142857142857142,33.57142857142857
HighRes TrueColor 2018 2m Graz - Kopie.png,616,forestfragmentation,0.26752811670303345,5,48.6,33.0
HighRes TrueColor 2018 2m Graz - Kopie.png,617,forestfragmentation,0.24287033081054688,27,27.25925925925926,7.777777777777778
HighRes TrueColor 2018 2m Graz - Kopie.png,618,forestfragmentation,0.24154335260391235,7,61.57142857142857,53.42857142857143
HighRes TrueColor 2018 2m Graz - Kopie.png,619,forestfragmentation,0.2167741060256958,8,47.125,2.625
HighRes TrueColor 2018 2m Graz - Kopie.png,620,forest,0.9192599058151245,20,13.8,52.4
HighRes TrueColor 2018 2m Graz - Kopie.png,621,forestfragmentation,0.7248809337615967,10,48.5,38.1
HighRes TrueColor 2018 2m Graz - Kopie.png,622,forestfragmentation,0.5988199710845947,26,42.26923076923077,56.23076923076923
HighRes TrueColor 2018 2m Graz - Kopie.png,623,forestfragmentation,0.5415392518043518,28,39.964285714285715,26.214285714285715
HighRes TrueColor 2018 2m Graz - Kopie.png,624,forestfragmentation,0.5354161858558655,13,50.30769230769231,47.07692307692308
HighRes TrueColor 2018 2m Graz - Kopie.png,625,forestfragmentation,0.5282090306282043,8,54.0,57.75
HighRes TrueColor 2018 2m Graz - Kopie.png,626,forestfragmentation,0.4965437054634094,8,2.125,32.875
HighRes TrueColor 2018 2m Graz - Kopie.png,627,forestfragmentation,0.3722909092903137,26,53.96153846153846,5.346153846153846
HighRes TrueColor 2018 2m Graz - Kopie.png,628,forestfragmentation,0.36153942346572876,12,59.833333333333336,18.166666666666668
HighRes TrueColor 2018 2m Graz - Kopie.png,629,forestfragmentation,0.2796659469604492,11,59.81818181818182,59.09090909090909
HighRes TrueColor 2018 2m Graz - Kopie.png,630,forestfragmentation,0.24960845708847046,9,3.0,27.22222222222222
HighRes TrueColor 2018 2m Graz - Kopie.png,631,forest,0.9192599058151245,20,13.8,52.4
HighRes TrueColor 2018 2m Graz - Kopie.png,632,forestfragmentation,0.7248809337615967,10,48.5,38.1
HighRes TrueColor 2018 2m Graz - Kopie.png,633,forestfragmentation,0.5988199710845947,26,42.26923076923077,56.23076923076923
HighRes TrueColor 2018 2m Graz - Kopie.png,634,forestfragmentation,0.5415392518043518,28,39.964285714285715,26.214285714285715
HighRes TrueColor 2018 2m Graz - Kopie.png,635,forestfragmentation,0.5354161858558655,13,50.30769230769231,47.07692307692308
HighRes TrueColor 2018 2m Graz - Kopie.png,636,forestfragmentation,0.5282090306282043,8,54.0,57.75
HighRes TrueColor 2018 2m Graz - Kopie.png,637,forestfragmentation,0.4965437054634094,8,2.125,32.875
HighRes TrueColor 2018 2m Graz - Kopie.png,638,forestfragmentation,0.3722909092903137,26,53.96153846153846,5.346153846153846
HighRes TrueColor 2018 2m Graz - Kopie.png,639,forestfragmentation,0.36153942346572876,12,59.833333333333336,18.166666666666668
HighRes TrueColor 2018 2m Graz - Kopie.png,640,forestfragmentation,0.2796659469604492,11,59.81818181818182,59.09090909090909
HighRes TrueColor 2018 2m Graz - Kopie.png,641,forestfragmentation,0.24960845708847046,9,3.0,27.22222222222222
HighRes TrueColor 2018 2m Graz - Kopie.png,642,forest,0.9527369737625122,68,34.19117647058823,13.279411764705882
HighRes TrueColor 2018 2m Graz - Kopie.png,643,forestfragmentation,0.5290737748146057,10,40.8,31.1
HighRes TrueColor 2018 2m Graz - Kopie.png,644,forestfragmentation,0.5229969024658203,9,13.222222222222221,29.88888888888889
HighRes TrueColor 2018 2m Graz - Kopie.png,645,forestfragmentation,0.3468284010887146,11,53.45454545454545,19.363636363636363
HighRes TrueColor 2018 2m Graz - Kopie.png,646,forestfragmentation,0.3459479808807373,20,16.65,58.75
HighRes TrueColor 2018 2m Graz - Kopie.png,647,forestfragmentation,0.33937984704971313,10,8.7,18.3
HighRes TrueColor 2018 2m Graz - Kopie.png,648,forestfragmentation,0.2759813666343689,7,2.142857142857143,57.57142857142857
HighRes TrueColor 2018 2m Graz - Kopie.png,649,forest,0.9527369737625122,68,34.19117647058823,13.279411764705882
HighRes TrueColor 2018 2m Graz - Kopie.png,650,forestfragmentation,0.5290737748146057,10,40.8,31.1
HighRes TrueColor 2018 2m Graz - Kopie.png,651,forestfragmentation,0.5229969024658203,9,13.222222222222221,29.88888888888889
HighRes TrueColor 2018 2m Graz - Kopie.png,652,forestfragmentation,0.3468284010887146,11,53.45454545454545,19.363636363636363
HighRes TrueColor 2018 2m Graz - Kopie.png,653,forestfragmentation,0.3459479808807373,20,16.65,58.75
HighRes TrueColor 2018 2m Graz - Kopie.png,654,forestfragmentation,0.33937984704971313,10,8.7,18.3
HighRes TrueColor 2018 2m Graz - Kopie.png,655,forestfragmentation,0.2759813666343689,7,2.142857142857143,57.57142857142857
HighRes TrueColor 2018 2m Graz - Kopie.png,656,forest,0.6854720115661621,10,8.6,4.3
HighRes TrueColor 2018 2m Graz - Kopie.png,657,forest,0.5561314821243286,151,28.90066225165563,33.271523178807946
HighRes TrueColor 2018 2m Graz - Kopie.png,658,forestfragmentation,0.38870948553085327,6,2.1666666666666665,20.333333333333332
HighRes TrueColor 2018 2m Graz - Kopie.png,659,forestfragmentation,0.21908843517303467,30,15.2,10.033333333333333
HighRes TrueColor 2018 2m Graz - Kopie.png,660,forest,0.6854720115661621,10,8.6,4.3
HighRes TrueColor 2018 2m Graz - Kopie.png,661,forest,0.5561314821243286,151,28.90066225165563,33.271523178807946
HighRes TrueColor 2018 2m Graz - Kopie.png,662,forestfragmentation,0.38870948553085327,6,2.1666666666666665,20.333333333333332
HighRes TrueColor 2018 2m Graz - Kopie.png,663,forestfragmentation,0.21908843517303467,30,15.2,10.033333333333333
HighRes TrueColor 2018 2m Graz - Kopie.png,664,forest,0.6336839199066162,72,26.125,41.52777777777778
HighRes TrueColor 2018 2m Graz - Kopie.png,665,forestfragmentation,0.42308729887008667,5,40.2,53.0
HighRes TrueColor 2018 2m Graz - Kopie.png,666,forest,0.36149317026138306,11,58.27272727272727,21.09090909090909
HighRes TrueColor 2018 2m Graz - Kopie.png,667,forest,0.31964725255966187,27,25.962962962962962,18.77777777777778
HighRes TrueColor 2018 2m Graz - Kopie.png,668,forestfragmentation,0.30324405431747437,7,44.857142857142854,44.57142857142857
HighRes TrueColor 2018 2m Graz - Kopie.png,669,forest,0.2996947765350342,33,38.06060606060606,8.969696969696969
HighRes TrueColor 2018 2m Graz - Kopie.png,670,forest,0.6336839199066162,72,26.125,41.52777777777778
HighRes TrueColor 2018 2m Graz - Kopie.png,671,forestfragmentation,0.42308729887008667,5,40.2,53.0
HighRes TrueColor 2018 2m Graz - Kopie.png,672,forest,0.36149317026138306,11,58.27272727272727,21.09090909090909
HighRes TrueColor 2018 2m Graz - Kopie.png,673,forest,0.31964725255966187,27,25.962962962962962,18.77777777777778
HighRes TrueColor 2018 2m Graz - Kopie.png,674,forestfragmentation,0.30324405431747437,7,44.857142857142854,44.57142857142857
HighRes TrueColor 2018 2m Graz - Kopie.png,675,forest,0.2996947765350342,33,38.06060606060606,8.969696969696969
HighRes TrueColor 2018 2m Graz - Kopie.png,676,forest,0.9020348787307739,122,27.204918032786885,23.40983606557377
HighRes TrueColor 2018 2m Graz - Kopie.png,677,forestfragmentation,0.6454538702964783,7,21.857142857142858,50.142857142857146
HighRes TrueColor 2018 2m Graz - Kopie.png,678,forestfragmentation,0.4025968909263611,11,49.72727272727273,32.81818181818182
HighRes TrueColor 2018 2m Graz - Kopie.png,679,forestfragmentation,0.2986658811569214,9,58.77777777777778,49.888888888888886
HighRes TrueColor 2018 2m Graz - Kopie.png,680,forestfragmentation,0.2581965923309326,6,61.666666666666664,60.833333333333336
HighRes TrueColor 2018 2m Graz - Kopie.png,681,forestfragmentation,0.2329542636871338,11,12.181818181818182,59.72727272727273
HighRes TrueColor 2018 2m Graz - Kopie.png,682,forest,0.9020348787307739,122,27.204918032786885,23.40983606557377
HighRes TrueColor 2018 2m Graz - Kopie.png,683,forestfragmentation,0.6454538702964783,7,21.857142857142858,50.142857142857146
HighRes TrueColor 2018 2m Graz - Kopie.png,684,forestfragmentation,0.4025968909263611,11,49.72727272727273,32.81818181818182
HighRes TrueColor 2018 2m Graz - Kopie.png,685,forestfragmentation,0.2986658811569214,9,58.77777777777778,49.888888888888886
HighRes TrueColor 2018 2m Graz - Kopie.png,686,forestfragmentation,0.2581965923309326,6,61.666666666666664,60.833333333333336
HighRes TrueColor 2018 2m Graz - Kopie.png,687,forestfragmentation,0.2329542636871338,11,12.181818181818182,59.72727272727273
HighRes TrueColor 2018 2m Graz - Kopie.png,688,forest,0.6477962732315063,90,35.522222222222226,22.1
HighRes TrueColor 2018 2m Graz - Kopie.png,689,forestfragmentation,0.5134993195533752,11,27.545454545454547,60.36363636363637
HighRes TrueColor 2018 2m Graz - Kopie.png,690,forestfragmentation,0.35113996267318726,11,42.45454545454545,58.90909090909091
HighRes TrueColor 2018 2m Graz - Kopie.png,691,forest,0.6477962732315063,90,35.522222222222226,22.1
HighRes TrueColor 2018 2m Graz - Kopie.png,692,forestfragmentation,0.5134993195533752,11,27.545454545454547,60.36363636363637
HighRes TrueColor 2018 2m Graz - Kopie.png,693,forestfragmentation,0.35113996267318726,11,42.45454545454545,58.90909090909091
HighRes TrueColor 2018 2m Graz - Kopie.png,694,forest,0.8155459761619568,22,12.045454545454545,36.54545454545455
HighRes TrueColor 2018 2m Graz - Kopie.png,695,forestfragmentation,0.4108467698097229,11,58.45454545454545,25.90909090909091
HighRes TrueColor 2018 2m Graz - Kopie.png,696,forestfragmentation,0.3899473547935486,11,13.454545454545455,59.45454545454545
HighRes TrueColor 2018 2m Graz - Kopie.png,697,forestfragmentation,0.3500351905822754,11,16.09090909090909,30.0
HighRes TrueColor 2018 2m Graz - Kopie.png,698,forestfragmentation,0.34829163551330566,11,39.81818181818182,41.09090909090909
HighRes TrueColor 2018 2m Graz - Kopie.png,699,forestfragmentation,0.22147846221923828,35,21.0,12.428571428571429
HighRes TrueColor 2018 2m Graz - Kopie.png,700,forest,0.8155459761619568,22,12.045454545454545,36.54545454545455
HighRes TrueColor 2018 2m Graz - Kopie.png,701,forestfragmentation,0.4108467698097229,11,58.45454545454545,25.90909090909091
HighRes TrueColor 2018 2m Graz - Kopie.png,702,forestfragmentation,0.3899473547935486,11,13.454545454545455,59.45454545454545
HighRes TrueColor 2018 2m Graz - Kopie.png,703,forestfragmentation,0.3500351905822754,11,16.09090909090909,30.0
HighRes TrueColor 2018 2m Graz - Kopie.png,704,forestfragmentation,0.34829163551330566,11,39.81818181818182,41.09090909090909
HighRes TrueColor 2018 2m Graz - Kopie.png,705,forestfragmentation,0.22147846221923828,35,21.0,12.428571428571429
HighRes TrueColor 2018 2m Graz - Kopie.png,706,forest,0.9022901058197021,92,42.93478260869565,21.782608695652176
HighRes TrueColor 2018 2m Graz - Kopie.png,707,forestfragmentation,0.5006645917892456,6,16.666666666666668,54.833333333333336
HighRes TrueColor 2018 2m Graz - Kopie.png,708,forestfragmentation,0.3920553922653198,10,5.6,26.0
HighRes TrueColor 2018 2m Graz - Kopie.png,709,forestfragmentation,0.3015902042388916,7,35.142857142857146,54.142857142857146
HighRes TrueColor 2018 2m Graz - Kopie.png,710,forestfragmentation,0.24025291204452515,21,13.380952380952381,9.714285714285714
HighRes TrueColor 2018 2m Graz - Kopie.png,711,forestfragmentation,0.2002568244934082,8,34.75,61.0
HighRes TrueColor 2018 2m Graz - Kopie.png,712,forest,0.9022901058197021,92,42.93478260869565,21.782608695652176
HighRes TrueColor 2018 2m Graz - Kopie.png,713,forestfragmentation,0.5006645917892456,6,16.666666666666668,54.833333333333336
HighRes TrueColor 2018 2m Graz - Kopie.png,714,forestfragmentation,0.3920553922653198,10,5.6,26.0
HighRes TrueColor 2018 2m Graz - Kopie.png,715,forestfragmentation,0.3015902042388916,7,35.142857142857146,54.142857142857146
HighRes TrueColor 2018 2m Graz - Kopie.png,716,forestfragmentation,0.24025291204452515,21,13.380952380952381,9.714285714285714
HighRes TrueColor 2018 2m Graz - Kopie.png,717,forestfragmentation,0.2002568244934082,8,34.75,61.0
HighRes TrueColor 2018 2m Graz - Kopie.png,718,forest,0.685662567615509,143,31.944055944055943,32.88811188811189
HighRes TrueColor 2018 2m Graz - Kopie.png,719,forestfragmentation,0.4860536456108093,52,39.11538461538461,47.94230769230769
HighRes TrueColor 2018 2m Graz - Kopie.png,720,forestfragmentation,0.4574413299560547,14,54.642857142857146,6.785714285714286
HighRes TrueColor 2018 2m Graz - Kopie.png,721,forestfragmentation,0.2903671860694885,18,41.888888888888886,2.7222222222222223
HighRes TrueColor 2018 2m Graz - Kopie.png,722,forestfragmentation,0.23024636507034302,12,17.833333333333332,3.9166666666666665
HighRes TrueColor 2018 2m Graz - Kopie.png,723,forest,0.685662567615509,143,31.944055944055943,32.88811188811189
HighRes TrueColor 2018 2m Graz - Kopie.png,724,forestfragmentation,0.4860536456108093,52,39.11538461538461,47.94230769230769
HighRes TrueColor 2018 2m Graz - Kopie.png,725,forestfragmentation,0.4574413299560547,14,54.642857142857146,6.785714285714286
HighRes TrueColor 2018 2m Graz - Kopie.png,726,forestfragmentation,0.2903671860694885,18,41.888888888888886,2.7222222222222223
HighRes TrueColor 2018 2m Graz - Kopie.png,727,forestfragmentation,0.23024636507034302,12,17.833333333333332,3.9166666666666665
HighRes TrueColor 2018 2m Graz - Kopie.png,728,forest,0.5838066339492798,7,24.428571428571427,18.142857142857142
HighRes TrueColor 2018 2m Graz - Kopie.png,729,forestfragmentation,0.3979341983795166,8,33.5,24.75
HighRes TrueColor 2018 2m Graz - Kopie.png,730,forestfragmentation,0.3485379219055176,23,54.34782608695652,7.782608695652174
HighRes TrueColor 2018 2m Graz - Kopie.png,731,forestfragmentation,0.24074852466583252,8,35.5,45.5
HighRes TrueColor 2018 2m Graz - Kopie.png,732,forest,0.5838066339492798,7,24.428571428571427,18.142857142857142
HighRes TrueColor 2018 2m Graz - Kopie.png,733,forestfragmentation,0.3979341983795166,8,33.5,24.75
HighRes TrueColor 2018 2m Graz - Kopie.png,734,forestfragmentation,0.3485379219055176,23,54.34782608695652,7.782608695652174
HighRes TrueColor 2018 2m Graz - Kopie.png,735,forestfragmentation,0.24074852466583252,8,35.5,45.5
HighRes TrueColor 2018 2m Graz - Kopie.png,736,forest,0.9196165800094604,14,17.714285714285715,19.571428571428573
HighRes TrueColor 2018 2m Graz - Kopie.png,737,forestfragmentation,0.5846975445747375,14,41.857142857142854,20.714285714285715
HighRes TrueColor 2018 2m Graz - Kopie.png,738,forestfragmentation,0.4423111081123352,21,23.19047619047619,5.380952380952381
HighRes TrueColor 2018 2m Graz - Kopie.png,739,forestfragmentation,0.36158454418182373,13,3.4615384615384617,8.153846153846153
HighRes TrueColor 2018 2m Graz - Kopie.png,740,forest,0.9196165800094604,14,17.714285714285715,19.571428571428573
HighRes TrueColor 2018 2m Graz - Kopie.png,741,forestfragmentation,0.5846975445747375,14,41.857142857142854,20.714285714285715
HighRes TrueColor 2018 2m Graz - Kopie.png,742,forestfragmentation,0.4423111081123352,21,23.19047619047619,5.380952380952381
HighRes TrueColor 2018 2m Graz - Kopie.png,743,forestfragmentation,0.36158454418182373,13,3.4615384615384617,8.153846153846153
HighRes TrueColor 2018 2m Graz - Kopie.png,744,forest,0.8457314372062683,151,33.41721854304636,29.71523178807947
HighRes TrueColor 2018 2m Graz - Kopie.png,745,forestfragmentation,0.44706445932388306,11,35.90909090909091,46.63636363636363
HighRes TrueColor 2018 2m Graz - Kopie.png,746,forestfragmentation,0.3385663628578186,17,55.64705882352941,36.8235294117647
HighRes TrueColor 2018 2m Graz - Kopie.png,747,forestfragmentation,0.3109867572784424,10,3.0,54.2
HighRes TrueColor 2018 2m Graz - Kopie.png,748,forestfragmentation,0.30527716875076294,9,55.55555555555556,48.0
HighRes TrueColor 2018 2m Graz - Kopie.png,749,forestfragmentation,0.2997838854789734,10,41.0,60.9
HighRes TrueColor 2018 2m Graz - Kopie.png,750,forest,0.8457314372062683,151,33.41721854304636,29.71523178807947
HighRes TrueColor 2018 2m Graz - Kopie.png,751,forestfragmentation,0.44706445932388306,11,35.90909090909091,46.63636363636363
HighRes TrueColor 2018 2m Graz - Kopie.png,752,forestfragmentation,0.3385663628578186,17,55.64705882352941,36.8235294117647
HighRes TrueColor 2018 2m Graz - Kopie.png,753,forestfragmentation,0.3109867572784424,10,3.0,54.2
HighRes TrueColor 2018 2m Graz - Kopie.png,754,forestfragmentation,0.30527716875076294,9,55.55555555555556,48.0
HighRes TrueColor 2018 2m Graz - Kopie.png,755,forestfragmentation,0.2997838854789734,10,41.0,60.9
HighRes TrueColor 2018 2m Graz - Kopie.png,756,forest,0.8188954591751099,11,47.45454545454545,12.454545454545455
HighRes TrueColor 2018 2m Graz - Kopie.png,757,forestfragmentation,0.5069114565849304,14,3.857142857142857,37.142857142857146
HighRes TrueColor 2018 2m Graz - Kopie.png,758,forestfragmentation,0.4922351837158203,9,34.666666666666664,40.22222222222222
HighRes TrueColor 2018 2m Graz - Kopie.png,759,forestfragmentation,0.46166741847991943,10,3.3,47.5
HighRes TrueColor 2018 2m Graz - Kopie.png,760,forestfragmentation,0.41501277685165405,16,53.875,59.375
HighRes TrueColor 2018 2m Graz - Kopie.png,761,forestfragmentation,0.3877553343772888,21,10.952380952380953,14.80952380952381
HighRes TrueColor 2018 2m Graz - Kopie.png,762,forestfragmentation,0.307975172996521,6,2.5,1.6666666666666667
HighRes TrueColor 2018 2m Graz - Kopie.png,763,forestfragmentation,0.2812245488166809,34,34.23529411764706,16.323529411764707
HighRes TrueColor 2018 2m Graz - Kopie.png,764,forestfragmentation,0.24345076084136963,8,31.5,27.625
HighRes TrueColor 2018 2m Graz - Kopie.png,765,forest,0.8188954591751099,11,47.45454545454545,12.454545454545455
HighRes TrueColor 2018 2m Graz - Kopie.png,766,forestfragmentation,0.5069114565849304,14,3.857142857142857,37.142857142857146
HighRes TrueColor 2018 2m Graz - Kopie.png,767,forestfragmentation,0.4922351837158203,9,34.666666666666664,40.22222222222222
HighRes TrueColor 2018 2m Graz - Kopie.png,768,forestfragmentation,0.46166741847991943,10,3.3,47.5
HighRes TrueColor 2018 2m Graz - Kopie.png,769,forestfragmentation,0.41501277685165405,16,53.875,59.375
HighRes TrueColor 2018 2m Graz - Kopie.png,770,forestfragmentation,0.3877553343772888,21,10.952380952380953,14.80952380952381
HighRes TrueColor 2018 2m Graz - Kopie.png,771,forestfragmentation,0.307975172996521,6,2.5,1.6666666666666667
HighRes TrueColor 2018 2m Graz - Kopie.png,772,forestfragmentation,0.2812245488166809,34,34.23529411764706,16.323529411764707
HighRes TrueColor 2018 2m Graz - Kopie.png,773,forestfragmentation,0.24345076084136963,8,31.5,27.625
HighRes TrueColor 2018 2m Graz - Kopie.png,774,forest,0.8530660271644592,15,31.733333333333334,10.066666666666666
HighRes TrueColor 2018 2m Graz - Kopie.png,775,forestfragmentation,0.29696184396743774,32,34.46875,33.40625
HighRes TrueColor 2018 2m Graz - Kopie.png,776,forestfragmentation,0.25940436124801636,12,29.333333333333332,59.833333333333336
HighRes TrueColor 2018 2m Graz - Kopie.png,777,forestfragmentation,0.2368333339691162,7,25.285714285714285,21.714285714285715
HighRes TrueColor 2018 2m Graz - Kopie.png,778,forestfragmentation,0.2264804244041443,30,50.766666666666666,41.833333333333336
HighRes TrueColor 2018 2m Graz - Kopie.png,779,forest,0.8530660271644592,15,31.733333333333334,10.066666666666666
HighRes TrueColor 2018 2m Graz - Kopie.png,780,forestfragmentation,0.29696184396743774,32,34.46875,33.40625
HighRes TrueColor 2018 2m Graz - Kopie.png,781,forestfragmentation,0.25940436124801636,12,29.333333333333332,59.833333333333336
HighRes TrueColor 2018 2m Graz - Kopie.png,782,forestfragmentation,0.2368333339691162,7,25.285714285714285,21.714285714285715
HighRes TrueColor 2018 2m Graz - Kopie.png,783,forestfragmentation,0.2264804244041443,30,50.766666666666666,41.833333333333336
HighRes TrueColor 2018 2m Graz - Kopie.png,784,forest,0.8574521541595459,45,37.71111111111111,23.133333333333333
HighRes TrueColor 2018 2m Graz - Kopie.png,785,forestfragmentation,0.38092154264450073,10,60.3,56.0
HighRes TrueColor 2018 2m Graz - Kopie.png,786,forest,0.32436567544937134,9,60.55555555555556,34.22222222222222
HighRes TrueColor 2018 2m Graz - Kopie.png,787,forestfragmentation,0.21790456771850586,34,26.38235294117647,33.970588235294116
HighRes TrueColor 2018 2m Graz - Kopie.png,788,forestfragmentation,0.21696680784225464,8,16.625,21.625
HighRes TrueColor 2018 2m Graz - Kopie.png,789,forestfragmentation,0.20951437950134277,10,21.0,60.0
HighRes TrueColor 2018 2m Graz - Kopie.png,790,forest,0.8574521541595459,45,37.71111111111111,23.133333333333333
HighRes TrueColor 2018 2m Graz - Kopie.png,791,forestfragmentation,0.38092154264450073,10,60.3,56.0
HighRes TrueColor 2018 2m Graz - Kopie.png,792,forest,0.32436567544937134,9,60.55555555555556,34.22222222222222
HighRes TrueColor 2018 2m Graz - Kopie.png,793,forestfragmentation,0.21790456771850586,34,26.38235294117647,33.970588235294116
HighRes TrueColor 2018 2m Graz - Kopie.png,794,forestfragmentation,0.21696680784225464,8,16.625,21.625
HighRes TrueColor 2018 2m Graz - Kopie.png,795,forestfragmentation,0.20951437950134277,10,21.0,60.0
HighRes TrueColor 2018 2m Graz - Kopie.png,796,forest,0.924595296382904,71,34.16901408450704,25.718309859154928
HighRes TrueColor 2018 2m Graz - Kopie.png,797,forestfragmentation,0.686482310295105,17,47.588235294117645,38.64705882352941
HighRes TrueColor 2018 2m Graz - Kopie.png,798,forestfragmentation,0.4767712950706482,12,57.083333333333336,50.416666666666664
HighRes TrueColor 2018 2m Graz - Kopie.png,799,forestfragmentation,0.4601024389266968,28,11.321428571428571,23.785714285714285
HighRes TrueColor 2018 2m Graz - Kopie.png,800,forestfragmentation,0.3428437113761902,11,32.18181818181818,42.18181818181818
HighRes TrueColor 2018 2m Graz - Kopie.png,801,forestfragmentation,0.2117190957069397,15,46.6,26.8
HighRes TrueColor 2018 2m Graz - Kopie.png,802,forest,0.924595296382904,71,34.16901408450704,25.718309859154928
HighRes TrueColor 2018 2m Graz - Kopie.png,803,forestfragmentation,0.686482310295105,17,47.588235294117645,38.64705882352941
HighRes TrueColor 2018 2m Graz - Kopie.png,804,forestfragmentation,0.4767712950706482,12,57.083333333333336,50.416666666666664
HighRes TrueColor 2018 2m Graz - Kopie.png,805,forestfragmentation,0.4601024389266968,28,11.321428571428571,23.785714285714285
HighRes TrueColor 2018 2m Graz - Kopie.png,806,forestfragmentation,0.3428437113761902,11,32.18181818181818,42.18181818181818
HighRes TrueColor 2018 2m Graz - Kopie.png,807,forestfragmentation,0.2117190957069397,15,46.6,26.8
HighRes TrueColor 2018 2m Graz - Kopie.png,808,forest,0.914766788482666,132,41.77272727272727,26.727272727272727
HighRes TrueColor 2018 2m Graz - Kopie.png,809,forestfragmentation,0.4703289270401001,44,18.25,9.045454545454545
HighRes TrueColor 2018 2m Graz - Kopie.png,810,forestfragmentation,0.4414975643157959,13,37.92307692307692,33.15384615384615
HighRes TrueColor 2018 2m Graz - Kopie.png,811,forestfragmentation,0.4302448034286499,8,53.75,5.375
HighRes TrueColor 2018 2m Graz - Kopie.png,812,forestfragmentation,0.2727864384651184,44,46.18181818181818,14.068181818181818
HighRes TrueColor 2018 2m Graz - Kopie.png,813,forestfragmentation,0.22930699586868286,23,22.217391304347824,37.608695652173914
HighRes TrueColor 2018 2m Graz - Kopie.png,814,forest,0.914766788482666,132,41.77272727272727,26.727272727272727
HighRes TrueColor 2018 2m Graz - Kopie.png,815,forestfragmentation,0.4703289270401001,44,18.25,9.045454545454545
HighRes TrueColor 2018 2m Graz - Kopie.png,816,forestfragmentation,0.4414975643157959,13,37.92307692307692,33.15384615384615
HighRes TrueColor 2018 2m Graz - Kopie.png,817,forestfragmentation,0.4302448034286499,8,53.75,5.375
HighRes TrueColor 2018 2m Graz - Kopie.png,818,forestfragmentation,0.2727864384651184,44,46.18181818181818,14.068181818181818
HighRes TrueColor 2018 2m Graz - Kopie.png,819,forestfragmentation,0.22930699586868286,23,22.217391304347824,37.608695652173914
HighRes TrueColor 2018 2m Graz - Kopie.png,820,forest,0.5888069868087769,14,7.214285714285714,30.071428571428573
HighRes TrueColor 2018 2m Graz - Kopie.png,821,forest,0.4635215401649475,28,54.357142857142854,7.928571428571429
HighRes TrueColor 2018 2m Graz - Kopie.png,822,forest,0.4161797761917114,58,32.51724137931034,49.5
HighRes TrueColor 2018 2m Graz - Kopie.png,823,forest,0.40511196851730347,52,24.25,7.653846153846154
HighRes TrueColor 2018 2m Graz - Kopie.png,824,forest,0.5888069868087769,14,7.214285714285714,30.071428571428573
HighRes TrueColor 2018 2m Graz - Kopie.png,825,forest,0.4635215401649475,28,54.357142857142854,7.928571428571429
HighRes TrueColor 2018 2m Graz - Kopie.png,826,forest,0.4161797761917114,58,32.51724137931034,49.5
HighRes TrueColor 2018 2m Graz - Kopie.png,827,forest,0.40511196851730347,52,24.25,7.653846153846154
HighRes TrueColor 2018 2m Graz - Kopie.png,828,forest,0.3566710352897644,62,40.12903225806452,27.887096774193548
HighRes TrueColor 2018 2m Graz - Kopie.png,829,forestfragmentation,0.32432299852371216,24,44.333333333333336,54.5
HighRes TrueColor 2018 2m Graz - Kopie.png,830,forestfragmentation,0.2689260244369507,4,50.5,61.5
HighRes TrueColor 2018 2m Graz - Kopie.png,831,forestfragmentation,0.23756790161132812,5,23.0,59.4
HighRes TrueColor 2018 2m Graz - Kopie.png,832,forestfragmentation,0.21429234743118286,6,49.166666666666664,43.666666666666664
HighRes TrueColor 2018 2m Graz - Kopie.png,833,forest,0.3566710352897644,62,40.12903225806452,27.887096774193548
HighRes TrueColor 2018 2m Graz - Kopie.png,834,forestfragmentation,0.32432299852371216,24,44.333333333333336,54.5
HighRes TrueColor 2018 2m Graz - Kopie.png,835,forestfragmentation,0.2689260244369507,4,50.5,61.5
HighRes TrueColor 2018 2m Graz - Kopie.png,836,forestfragmentation,0.23756790161132812,5,23.0,59.4
HighRes TrueColor 2018 2m Graz - Kopie.png,837,forestfragmentation,0.21429234743118286,6,49.166666666666664,43.666666666666664
HighRes TrueColor 2018 2m Graz - Kopie.png,838,forest,0.8965328931808472,24,43.958333333333336,18.916666666666668
HighRes TrueColor 2018 2m Graz - Kopie.png,839,forestfragmentation,0.7114375829696655,10,16.7,20.4
HighRes TrueColor 2018 2m Graz - Kopie.png,840,forestfragmentation,0.5018973350524902,11,10.0,41.63636363636363
HighRes TrueColor 2018 2m Graz - Kopie.png,841,forestfragmentation,0.4318654537200928,5,40.4,1.4
HighRes TrueColor 2018 2m Graz - Kopie.png,842,forestfragmentation,0.3299994468688965,9,41.0,46.111111111111114
HighRes TrueColor 2018 2m Graz - Kopie.png,843,forest,0.8965328931808472,24,43.958333333333336,18.916666666666668
HighRes TrueColor 2018 2m Graz - Kopie.png,844,forestfragmentation,0.7114375829696655,10,16.7,20.4
HighRes TrueColor 2018 2m Graz - Kopie.png,845,forestfragmentation,0.5018973350524902,11,10.0,41.63636363636363
HighRes TrueColor 2018 2m Graz - Kopie.png,846,forestfragmentation,0.4318654537200928,5,40.4,1.4
HighRes TrueColor 2018 2m Graz - Kopie.png,847,forestfragmentation,0.3299994468688965,9,41.0,46.111111111111114
HighRes TrueColor 2018 2m Graz - Kopie.png,848,forest,0.867141604423523,4,31.5,31.5
HighRes TrueColor 2018 2m Graz - Kopie.png,849,forestfragmentation,0.5423747897148132,14,12.571428571428571,13.857142857142858
HighRes TrueColor 2018 2m Graz - Kopie.png,850,forestfragmentation,0.5294421911239624,13,47.46153846153846,54.0
HighRes TrueColor 2018 2m Graz - Kopie.png,851,forestfragmentation,0.5224329829216003,13,50.07692307692308,33.0
HighRes TrueColor 2018 2m Graz - Kopie.png,852,forestfragmentation,0.30832648277282715,9,60.111111111111114,39.0
HighRes TrueColor 2018 2m Graz - Kopie.png,853,forestfragmentation,0.234114408493042,7,55.285714285714285,61.285714285714285
HighRes TrueColor 2018 2m Graz - Kopie.png,854,forest,0.867141604423523,4,31.5,31.5
HighRes TrueColor 2018 2m Graz - Kopie.png,855,forestfragmentation,0.5423747897148132,14,12.571428571428571,13.857142857142858
HighRes TrueColor 2018 2m Graz - Kopie.png,856,forestfragmentation,0.5294421911239624,13,47.46153846153846,54.0
HighRes TrueColor 2018 2m Graz - Kopie.png,857,forestfragmentation,0.5224329829216003,13,50.07692307692308,33.0
HighRes TrueColor 2018 2m Graz - Kopie.png,858,forestfragmentation,0.30832648277282715,9,60.111111111111114,39.0
HighRes TrueColor 2018 2m Graz - Kopie.png,859,forestfragmentation,0.234114408493042,7,55.285714285714285,61.285714285714285
HighRes TrueColor 2018 2m Graz - Kopie.png,860,forest,0.9384453296661377,4,31.5,31.5
HighRes TrueColor 2018 2m Graz - Kopie.png,861,forestfragmentation,0.6480682492256165,15,49.13333333333333,47.46666666666667
HighRes TrueColor 2018 2m Graz - Kopie.png,862,forestfragmentation,0.5235214233398438,18,53.27777777777778,29.944444444444443
HighRes TrueColor 2018 2m Graz - Kopie.png,863,forestfragmentation,0.42101114988327026,7,51.285714285714285,4.428571428571429
HighRes TrueColor 2018 2m Graz - Kopie.png,864,forestfragmentation,0.35779690742492676,14,42.5,5.571428571428571
HighRes TrueColor 2018 2m Graz - Kopie.png,865,forestfragmentation,0.33514535427093506,15,20.8,28.066666666666666
HighRes TrueColor 2018 2m Graz - Kopie.png,866,forestfragmentation,0.2957005500793457,6,59.166666666666664,46.333333333333336
HighRes TrueColor 2018 2m Graz - Kopie.png,867,forestfragmentation,0.2747759222984314,6,35.833333333333336,44.666666666666664
HighRes TrueColor 2018 2m Graz - Kopie.png,868,forestfragmentation,0.22665852308273315,6,25.833333333333332,1.0
HighRes TrueColor 2018 2m Graz - Kopie.png,869,forestfragmentation,0.2185646891593933,5,53.2,56.6
HighRes TrueColor 2018 2m Graz - Kopie.png,870,forestfragmentation,0.21100622415542603,6,2.6666666666666665,60.666666666666664
HighRes TrueColor 2018 2m Graz - Kopie.png,871,forest,0.9384453296661377,4,31.5,31.5
HighRes TrueColor 2018 2m Graz - Kopie.png,872,forestfragmentation,0.6480682492256165,15,49.13333333333333,47.46666666666667
HighRes TrueColor 2018 2m Graz - Kopie.png,873,forestfragmentation,0.5235214233398438,18,53.27777777777778,29.944444444444443
HighRes TrueColor 2018 2m Graz - Kopie.png,874,forestfragmentation,0.42101114988327026,7,51.285714285714285,4.428571428571429
HighRes TrueColor 2018 2m Graz - Kopie.png,875,forestfragmentation,0.35779690742492676,14,42.5,5.571428571428571
HighRes TrueColor 2018 2m Graz - Kopie.png,876,forestfragmentation,0.33514535427093506,15,20.8,28.066666666666666
HighRes TrueColor 2018 2m Graz - Kopie.png,877,forestfragmentation,0.2957005500793457,6,59.166666666666664,46.333333333333336
HighRes TrueColor 2018 2m Graz - Kopie.png,878,forestfragmentation,0.2747759222984314,6,35.833333333333336,44.666666666666664
HighRes TrueColor 2018 2m Graz - Kopie.png,879,forestfragmentation,0.22665852308273315,6,25.833333333333332,1.0
HighRes TrueColor 2018 2m Graz - Kopie.png,880,forestfragmentation,0.2185646891593933,5,53.2,56.6
HighRes TrueColor 2018 2m Graz - Kopie.png,881,forestfragmentation,0.21100622415542603,6,2.6666666666666665,60.666666666666664
HighRes TrueColor 2018 2m Graz - Kopie.png,882,forest,0.9618969559669495,4,31.5,31.5
HighRes TrueColor 2018 2m Graz - Kopie.png,883,forestfragmentation,0.6124812364578247,16,15.5625,7.5625
HighRes TrueColor 2018 2m Graz - Kopie.png,884,forestfragmentation,0.43975508213043213,12,23.833333333333332,34.0
HighRes TrueColor 2018 2m Graz - Kopie.png,885,forestfragmentation,0.38631612062454224,4,3.5,30.5
HighRes TrueColor 2018 2m Graz - Kopie.png,886,forest,0.9618969559669495,4,31.5,31.5
HighRes TrueColor 2018 2m Graz - Kopie.png,887,forestfragmentation,0.6124812364578247,16,15.5625,7.5625
HighRes TrueColor 2018 2m Graz - Kopie.png,888,forestfragmentation,0.43975508213043213,12,23.833333333333332,34.0
HighRes TrueColor 2018 2m Graz - Kopie.png,889,forestfragmentation,0.38631612062454224,4,3.5,30.5
HighRes TrueColor 2018 2m Graz - Kopie.png,890,forest,0.9362500905990601,4,31.5,31.5
HighRes TrueColor 2018 2m Graz - Kopie.png,891,forestfragmentation,0.4254288077354431,6,16.666666666666668,2.8333333333333335
HighRes TrueColor 2018 2m Graz - Kopie.png,892,forestfragmentation,0.35428786277770996,20,55.65,4.2
HighRes TrueColor 2018 2m Graz - Kopie.png,893,forestfragmentation,0.3088861107826233,4,2.5,14.0
HighRes TrueColor 2018 2m Graz - Kopie.png,894,forestfragmentation,0.2799651622772217,27,14.62962962962963,36.407407407407405
HighRes TrueColor 2018 2m Graz - Kopie.png,895,forestfragmentation,0.278312623500824,6,35.0,9.0
HighRes TrueColor 2018 2m Graz - Kopie.png,896,forestfragmentation,0.2733535170555115,7,47.714285714285715,38.285714285714285
HighRes TrueColor 2018 2m Graz - Kopie.png,897,forestfragmentation,0.2440941333770752,17,25.0,38.294117647058826
HighRes TrueColor 2018 2m Graz - Kopie.png,898,forestfragmentation,0.22673916816711426,15,20.066666666666666,16.6
HighRes TrueColor 2018 2m Graz - Kopie.png,899,forest,0.9362500905990601,4,31.5,31.5
HighRes TrueColor 2018 2m Graz - Kopie.png,900,forestfragmentation,0.4254288077354431,6,16.666666666666668,2.8333333333333335
HighRes TrueColor 2018 2m Graz - Kopie.png,901,forestfragmentation,0.35428786277770996,20,55.65,4.2
HighRes TrueColor 2018 2m Graz - Kopie.png,902,forestfragmentation,0.3088861107826233,4,2.5,14.0
HighRes TrueColor 2018 2m Graz - Kopie.png,903,forestfragmentation,0.2799651622772217,27,14.62962962962963,36.407407407407405
HighRes TrueColor 2018 2m Graz - Kopie.png,904,forestfragmentation,0.278312623500824,6,35.0,9.0
HighRes TrueColor 2018 2m Graz - Kopie.png,905,forestfragmentation,0.2733535170555115,7,47.714285714285715,38.285714285714285
HighRes TrueColor 2018 2m Graz - Kopie.png,906,forestfragmentation,0.2440941333770752,17,25.0,38.294117647058826
HighRes TrueColor 2018 2m Graz - Kopie.png,907,forestfragmentation,0.22673916816711426,15,20.066666666666666,16.6
HighRes TrueColor 2018 2m Graz - Kopie.png,908,forest,0.7100186347961426,25,12.68,15.16
HighRes TrueColor 2018 2m Graz - Kopie.png,909,forestfragmentation,0.5774665474891663,7,45.57142857142857,58.285714285714285
HighRes TrueColor 2018 2m Graz - Kopie.png,910,forest,0.4896697402000427,43,28.348837209302324,42.651162790697676
HighRes TrueColor 2018 2m Graz - Kopie.png,911,forestfragmentation,0.3496719002723694,46,21.195652173913043,44.41304347826087
HighRes TrueColor 2018 2m Graz - Kopie.png,912,forestfragmentation,0.3480549454689026,25,57.68,8.28
HighRes TrueColor 2018 2m Graz - Kopie.png,913,forest,0.2751696705818176,16,8.125,1.625
HighRes TrueColor 2018 2m Graz - Kopie.png,914,forest,0.23927563428878784,10,60.2,35.0
HighRes TrueColor 2018 2m Graz - Kopie.png,915,forest,0.7100186347961426,25,12.68,15.16
HighRes TrueColor 2018 2m Graz - Kopie.png,916,forestfragmentation,0.5774665474891663,7,45.57142857142857,58.285714285714285
HighRes TrueColor 2018 2m Graz - Kopie.png,917,forest,0.4896697402000427,43,28.348837209302324,42.651162790697676
HighRes TrueColor 2018 2m Graz - Kopie.png,918,forestfragmentation,0.3496719002723694,46,21.195652173913043,44.41304347826087
HighRes TrueColor 2018 2m Graz - Kopie.png,919,forestfragmentation,0.3480549454689026,25,57.68,8.28
HighRes TrueColor 2018 2m Graz - Kopie.png,920,forest,0.2751696705818176,16,8.125,1.625
HighRes TrueColor 2018 2m Graz - Kopie.png,921,forest,0.23927563428878784,10,60.2,35.0
HighRes TrueColor 2018 2m Graz - Kopie.png,922,forest,0.7892235517501831,11,12.545454545454545,48.45454545454545
HighRes TrueColor 2018 2m Graz - Kopie.png,923,forestfragmentation,0.36171311140060425,36,8.944444444444445,8.416666666666666
HighRes TrueColor 2018 2m Graz - Kopie.png,924,forestfragmentation,0.35815054178237915,10,8.2,38.9
HighRes TrueColor 2018 2m Graz - Kopie.png,925,forestfragmentation,0.2010771632194519,5,62.0,57.2
HighRes TrueColor 2018 2m Graz - Kopie.png,926,forest,0.7892235517501831,11,12.545454545454545,48.45454545454545
HighRes TrueColor 2018 2m Graz - Kopie.png,927,forestfragmentation,0.36171311140060425,36,8.944444444444445,8.416666666666666
HighRes TrueColor 2018 2m Graz - Kopie.png,928,forestfragmentation,0.35815054178237915,10,8.2,38.9
HighRes TrueColor 2018 2m Graz - Kopie.png,929,forestfragmentation,0.2010771632194519,5,62.0,57.2
HighRes TrueColor 2018 2m Graz - Kopie.png,930,forest,0.5997425317764282,4,31.5,39.5
HighRes TrueColor 2018 2m Graz - Kopie.png,931,forestfragmentation,0.38068461418151855,17,16.235294117647058,57.76470588235294
HighRes TrueColor 2018 2m Graz - Kopie.png,932,forestfragmentation,0.34940123558044434,16,48.125,33.1875
HighRes TrueColor 2018 2m Graz - Kopie.png,933,forestfragmentation,0.3404041528701782,4,61.5,52.5
HighRes TrueColor 2018 2m Graz - Kopie.png,934,forestfragmentation,0.28586578369140625,45,37.84444444444444,16.177777777777777
HighRes TrueColor 2018 2m Graz - Kopie.png,935,forestfragmentation,0.26331913471221924,7,8.142857142857142,2.0
HighRes TrueColor 2018 2m Graz - Kopie.png,936,forestfragmentation,0.20169097185134888,8,20.625,32.375
HighRes TrueColor 2018 2m Graz - Kopie.png,937,forest,0.5997425317764282,4,31.5,39.5
HighRes TrueColor 2018 2m Graz - Kopie.png,938,forestfragmentation,0.38068461418151855,17,16.235294117647058,57.76470588235294
HighRes TrueColor 2018 2m Graz - Kopie.png,939,forestfragmentation,0.34940123558044434,16,48.125,33.1875
HighRes TrueColor 2018 2m Graz - Kopie.png,940,forestfragmentation,0.3404041528701782,4,61.5,52.5
HighRes TrueColor 2018 2m Graz - Kopie.png,941,forestfragmentation,0.28586578369140625,45,37.84444444444444,16.177777777777777
HighRes TrueColor 2018 2m Graz - Kopie.png,942,forestfragmentation,0.26331913471221924,7,8.142857142857142,2.0
HighRes TrueColor 2018 2m Graz - Kopie.png,943,forestfragmentation,0.20169097185134888,8,20.625,32.375
HighRes TrueColor 2018 2m Graz - Kopie.png,944,forest,0.8122610449790955,25,22.44,8.16
HighRes TrueColor 2018 2m Graz - Kopie.png,945,forestfragmentation,0.5847799777984619,10,47.5,2.1
HighRes TrueColor 2018 2m Graz - Kopie.png,946,forestfragmentation,0.5834394097328186,40,41.6,34.6
HighRes TrueColor 2018 2m Graz - Kopie.png,947,forestfragmentation,0.2644175887107849,9,30.444444444444443,10.88888888888889
HighRes TrueColor 2018 2m Graz - Kopie.png,948,forest,0.8122610449790955,25,22.44,8.16
HighRes TrueColor 2018 2m Graz - Kopie.png,949,forestfragmentation,0.5847799777984619,10,47.5,2.1
HighRes TrueColor 2018 2m Graz - Kopie.png,950,forestfragmentation,0.5834394097328186,40,41.6,34.6
HighRes TrueColor 2018 2m Graz - Kopie.png,951,forestfragmentation,0.2644175887107849,9,30.444444444444443,10.88888888888889
HighRes TrueColor 2018 2m Graz - Kopie.png,952,forest,0.8680433034896851,51,41.05882352941177,49.0
HighRes TrueColor 2018 2m Graz - Kopie.png,953,forestfragmentation,0.3177623152732849,26,58.42307692307692,18.692307692307693
HighRes TrueColor 2018 2m Graz - Kopie.png,954,forestfragmentation,0.3073912262916565,6,50.5,36.666666666666664
HighRes TrueColor 2018 2m Graz - Kopie.png,955,forestfragmentation,0.302851140499115,18,44.55555555555556,20.61111111111111
HighRes TrueColor 2018 2m Graz - Kopie.png,956,forestfragmentation,0.2923276424407959,9,33.333333333333336,15.222222222222221
HighRes TrueColor 2018 2m Graz - Kopie.png,957,forest,0.8680433034896851,51,41.05882352941177,49.0
HighRes TrueColor 2018 2m Graz - Kopie.png,958,forestfragmentation,0.3177623152732849,26,58.42307692307692,18.692307692307693
HighRes TrueColor 2018 2m Graz - Kopie.png,959,forestfragmentation,0.3073912262916565,6,50.5,36.666666666666664
HighRes TrueColor 2018 2m Graz - Kopie.png,960,forestfragmentation,0.302851140499115,18,44.55555555555556,20.61111111111111
HighRes TrueColor 2018 2m Graz - Kopie.png,961,forestfragmentation,0.2923276424407959,9,33.333333333333336,15.222222222222221
HighRes TrueColor 2018 2m Graz - Kopie.png,962,forest,0.8131868839263916,39,22.41025641025641,46.1025641025641
HighRes TrueColor 2018 2m Graz - Kopie.png,963,forestfragmentation,0.2484460473060608,25,9.4,17.64
HighRes TrueColor 2018 2m Graz - Kopie.png,964,forest,0.8131868839263916,39,22.41025641025641,46.1025641025641
HighRes TrueColor 2018 2m Graz - Kopie.png,965,forestfragmentation,0.2484460473060608,25,9.4,17.64
HighRes TrueColor 2018 2m Graz - Kopie.png,966,forest,0.8248780369758606,74,10.094594594594595,42.513513513513516
HighRes TrueColor 2018 2m Graz - Kopie.png,967,forestfragmentation,0.42811787128448486,9,58.888888888888886,53.666666666666664
HighRes TrueColor 2018 2m Graz - Kopie.png,968,forestfragmentation,0.36842113733291626,19,53.94736842105263,21.42105263157895
HighRes TrueColor 2018 2m Graz - Kopie.png,969,forestfragmentation,0.25659722089767456,8,60.25,3.75
HighRes TrueColor 2018 2m Graz - Kopie.png,970,forestfragmentation,0.2331443428993225,11,55.36363636363637,61.09090909090909
HighRes TrueColor 2018 2m Graz - Kopie.png,971,forest,0.8248780369758606,74,10.094594594594595,42.513513513513516
HighRes TrueColor 2018 2m Graz - Kopie.png,972,forestfragmentation,0.42811787128448486,9,58.888888888888886,53.666666666666664
HighRes TrueColor 2018 2m Graz - Kopie.png,973,forestfragmentation,0.36842113733291626,19,53.94736842105263,21.42105263157895
HighRes TrueColor 2018 2m Graz - Kopie.png,974,forestfragmentation,0.25659722089767456,8,60.25,3.75
HighRes TrueColor 2018 2m Graz - Kopie.png,975,forestfragmentation,0.2331443428993225,11,55.36363636363637,61.09090909090909
HighRes TrueColor 2018 2m Graz - Kopie.png,976,forest,0.7584735155105591,141,23.93617021276596,28.829787234042552
HighRes TrueColor 2018 2m Graz - Kopie.png,977,forestfragmentation,0.7305855751037598,14,36.285714285714285,54.357142857142854
HighRes TrueColor 2018 2m Graz - Kopie.png,978,forestfragmentation,0.44224244356155396,61,40.31147540983606,40.0655737704918
HighRes TrueColor 2018 2m Graz - Kopie.png,979,forest,0.7584735155105591,141,23.93617021276596,28.829787234042552
HighRes TrueColor 2018 2m Graz - Kopie.png,980,forestfragmentation,0.7305855751037598,14,36.285714285714285,54.357142857142854
HighRes TrueColor 2018 2m Graz - Kopie.png,981,forestfragmentation,0.44224244356155396,61,40.31147540983606,40.0655737704918
HighRes TrueColor 2018 2m Graz - Kopie.png,982,forest,0.8919878602027893,114,20.19298245614035,27.25438596491228
HighRes TrueColor 2018 2m Graz - Kopie.png,983,forestfragmentation,0.5798061490058899,9,13.88888888888889,28.333333333333332
HighRes TrueColor 2018 2m Graz - Kopie.png,984,forestfragmentation,0.5127140283584595,28,16.678571428571427,23.928571428571427
HighRes TrueColor 2018 2m Graz - Kopie.png,985,forest,0.37613892555236816,17,48.23529411764706,58.05882352941177
HighRes TrueColor 2018 2m Graz - Kopie.png,986,forestfragmentation,0.3466131091117859,11,14.636363636363637,57.63636363636363
HighRes TrueColor 2018 2m Graz - Kopie.png,987,forest,0.21521812677383423,14,48.214285714285715,2.2857142857142856
HighRes TrueColor 2018 2m Graz - Kopie.png,988,forest,0.8919878602027893,114,20.19298245614035,27.25438596491228
HighRes TrueColor 2018 2m Graz - Kopie.png,989,forestfragmentation,0.5798061490058899,9,13.88888888888889,28.333333333333332
HighRes TrueColor 2018 2m Graz - Kopie.png,990,forestfragmentation,0.5127140283584595,28,16.678571428571427,23.928571428571427
HighRes TrueColor 2018 2m Graz - Kopie.png,991,forest,0.37613892555236816,17,48.23529411764706,58.05882352941177
HighRes TrueColor 2018 2m Graz - Kopie.png,992,forestfragmentation,0.3466131091117859,11,14.636363636363637,57.63636363636363
HighRes TrueColor 2018 2m Graz - Kopie.png,993,forest,0.21521812677383423,14,48.214285714285715,2.2857142857142856
HighRes TrueColor 2018 2m Graz - Kopie.png,994,forest,0.9271135926246643,134,27.074626865671643,26.91044776119403
HighRes TrueColor 2018 2m Graz - Kopie.png,995,forestfragmentation,0.7029798626899719,32,50.21875,46.3125
HighRes TrueColor 2018 2m Graz - Kopie.png,996,forestfragmentation,0.6391516327857971,26,32.11538461538461,53.0
HighRes TrueColor 2018 2m Graz - Kopie.png,997,forest,0.9271135926246643,134,27.074626865671643,26.91044776119403
HighRes TrueColor 2018 2m Graz - Kopie.png,998,forestfragmentation,0.7029798626899719,32,50.21875,46.3125
HighRes TrueColor 2018 2m Graz - Kopie.png,999,forestfragmentation,0.6391516327857971,26,32.11538461538461,53.0
HighRes TrueColor 2018 2m Graz - Kopie.png,1000,forest,0.7518765330314636,19,8.157894736842104,58.21052631578947
HighRes TrueColor 2018 2m Graz - Kopie.png,1001,forest,0.7092009782791138,70,23.857142857142858,44.94285714285714
HighRes TrueColor 2018 2m Graz - Kopie.png,1002,forestfragmentation,0.6335849761962891,13,51.0,11.76923076923077
HighRes TrueColor 2018 2m Graz - Kopie.png,1003,forestfragmentation,0.4234933853149414,12,59.083333333333336,27.5
HighRes TrueColor 2018 2m Graz - Kopie.png,1004,forestfragmentation,0.4204726219177246,12,38.083333333333336,22.166666666666668
HighRes TrueColor 2018 2m Graz - Kopie.png,1005,forestfragmentation,0.222131609916687,21,55.23809523809524,46.76190476190476
HighRes TrueColor 2018 2m Graz - Kopie.png,1006,forest,0.7518765330314636,19,8.157894736842104,58.21052631578947
HighRes TrueColor 2018 2m Graz - Kopie.png,1007,forest,0.7092009782791138,70,23.857142857142858,44.94285714285714
HighRes TrueColor 2018 2m Graz - Kopie.png,1008,forestfragmentation,0.6335849761962891,13,51.0,11.76923076923077
HighRes TrueColor 2018 2m Graz - Kopie.png,1009,forestfragmentation,0.4234933853149414,12,59.083333333333336,27.5
HighRes TrueColor 2018 2m Graz - Kopie.png,1010,forestfragmentation,0.4204726219177246,12,38.083333333333336,22.166666666666668
HighRes TrueColor 2018 2m Graz - Kopie.png,1011,forestfragmentation,0.222131609916687,21,55.23809523809524,46.76190476190476
HighRes TrueColor 2018 2m Graz - Kopie.png,1012,forest,0.9159609079360962,24,46.541666666666664,30.708333333333332
HighRes TrueColor 2018 2m Graz - Kopie.png,1013,forestfragmentation,0.7907046675682068,37,13.91891891891892,28.81081081081081
HighRes TrueColor 2018 2m Graz - Kopie.png,1014,forestfragmentation,0.7799341082572937,36,51.083333333333336,51.69444444444444
HighRes TrueColor 2018 2m Graz - Kopie.png,1015,forestfragmentation,0.547450602054596,44,40.54545454545455,25.75
HighRes TrueColor 2018 2m Graz - Kopie.png,1016,forestfragmentation,0.4234556555747986,11,33.36363636363637,2.727272727272727
HighRes TrueColor 2018 2m Graz - Kopie.png,1017,forestfragmentation,0.33791327476501465,23,25.565217391304348,11.043478260869565
HighRes TrueColor 2018 2m Graz - Kopie.png,1018,forestfragmentation,0.2170361876487732,7,1.0,12.285714285714286
HighRes TrueColor 2018 2m Graz - Kopie.png,1019,forest,0.9159609079360962,24,46.541666666666664,30.708333333333332
HighRes TrueColor 2018 2m Graz - Kopie.png,1020,forestfragmentation,0.7907046675682068,37,13.91891891891892,28.81081081081081
HighRes TrueColor 2018 2m Graz - Kopie.png,1021,forestfragmentation,0.7799341082572937,36,51.083333333333336,51.69444444444444
HighRes TrueColor 2018 2m Graz - Kopie.png,1022,forestfragmentation,0.547450602054596,44,40.54545454545455,25.75
HighRes TrueColor 2018 2m Graz - Kopie.png,1023,forestfragmentation,0.4234556555747986,11,33.36363636363637,2.727272727272727
HighRes TrueColor 2018 2m Graz - Kopie.png,1024,forestfragmentation,0.33791327476501465,23,25.565217391304348,11.043478260869565
HighRes TrueColor 2018 2m Graz - Kopie.png,1025,forestfragmentation,0.2170361876487732,7,1.0,12.285714285714286
HighRes TrueColor 2018 2m Graz - Kopie.png,1026,forest,0.872179388999939,4,31.5,31.5
HighRes TrueColor 2018 2m Graz - Kopie.png,1027,forestfragmentation,0.46167004108428955,14,55.642857142857146,11.285714285714286
HighRes TrueColor 2018 2m Graz - Kopie.png,1028,forestfragmentation,0.4379841685295105,9,47.111111111111114,2.7777777777777777
HighRes TrueColor 2018 2m Graz - Kopie.png,1029,forestfragmentation,0.25842785835266113,11,58.0,32.63636363636363
HighRes TrueColor 2018 2m Graz - Kopie.png,1030,forestfragmentation,0.24267715215682983,11,39.81818181818182,61.45454545454545
HighRes TrueColor 2018 2m Graz - Kopie.png,1031,forestfragmentation,0.2282353639602661,6,12.166666666666666,31.666666666666668
HighRes TrueColor 2018 2m Graz - Kopie.png,1032,forestfragmentation,0.20935779809951782,18,4.5,47.611111111111114
HighRes TrueColor 2018 2m Graz - Kopie.png,1033,forest,0.872179388999939,4,31.5,31.5
HighRes TrueColor 2018 2m Graz - Kopie.png,1034,forestfragmentation,0.46167004108428955,14,55.642857142857146,11.285714285714286
HighRes TrueColor 2018 2m Graz - Kopie.png,1035,forestfragmentation,0.4379841685295105,9,47.111111111111114,2.7777777777777777
HighRes TrueColor 2018 2m Graz - Kopie.png,1036,forestfragmentation,0.25842785835266113,11,58.0,32.63636363636363
HighRes TrueColor 2018 2m Graz - Kopie.png,1037,forestfragmentation,0.24267715215682983,11,39.81818181818182,61.45454545454545
HighRes TrueColor 2018 2m Graz - Kopie.png,1038,forestfragmentation,0.2282353639602661,6,12.166666666666666,31.666666666666668
HighRes TrueColor 2018 2m Graz - Kopie.png,1039,forestfragmentation,0.20935779809951782,18,4.5,47.611111111111114
HighRes TrueColor 2018 2m Graz - Kopie.png,1040,forest,0.8999748229980469,4,31.5,31.5
HighRes TrueColor 2018 2m Graz - Kopie.png,1041,forestfragmentation,0.49555885791778564,11,4.090909090909091,11.909090909090908
HighRes TrueColor 2018 2m Graz - Kopie.png,1042,forestfragmentation,0.2898705005645752,7,54.57142857142857,14.285714285714286
HighRes TrueColor 2018 2m Graz - Kopie.png,1043,forestfragmentation,0.2809961438179016,9,14.555555555555555,15.444444444444445
HighRes TrueColor 2018 2m Graz - Kopie.png,1044,forestfragmentation,0.21675723791122437,5,31.4,58.6
HighRes TrueColor 2018 2m Graz - Kopie.png,1045,forestfragmentation,0.20395678281784058,15,59.333333333333336,44.2
HighRes TrueColor 2018 2m Graz - Kopie.png,1046,forest,0.8999748229980469,4,31.5,31.5
HighRes TrueColor 2018 2m Graz - Kopie.png,1047,forestfragmentation,0.49555885791778564,11,4.090909090909091,11.909090909090908
HighRes TrueColor 2018 2m Graz - Kopie.png,1048,forestfragmentation,0.2898705005645752,7,54.57142857142857,14.285714285714286
HighRes TrueColor 2018 2m Graz - Kopie.png,1049,forestfragmentation,0.2809961438179016,9,14.555555555555555,15.444444444444445
HighRes TrueColor 2018 2m Graz - Kopie.png,1050,forestfragmentation,0.21675723791122437,5,31.4,58.6
HighRes TrueColor 2018 2m Graz - Kopie.png,1051,forestfragmentation,0.20395678281784058,15,59.333333333333336,44.2
HighRes TrueColor 2018 2m Graz - Kopie.png,1052,forest,0.860683262348175,4,31.5,31.5
HighRes TrueColor 2018 2m Graz - Kopie.png,1053,forestfragmentation,0.4726226329803467,9,43.77777777777778,33.0
HighRes TrueColor 2018 2m Graz - Kopie.png,1054,forestfragmentation,0.44961869716644287,13,40.92307692307692,21.615384615384617
HighRes TrueColor 2018 2m Graz - Kopie.png,1055,forestfragmentation,0.22212332487106323,7,2.5714285714285716,14.285714285714286
HighRes TrueColor 2018 2m Graz - Kopie.png,1056,forest,0.860683262348175,4,31.5,31.5
HighRes TrueColor 2018 2m Graz - Kopie.png,1057,forestfragmentation,0.4726226329803467,9,43.77777777777778,33.0
HighRes TrueColor 2018 2m Graz - Kopie.png,1058,forestfragmentation,0.44961869716644287,13,40.92307692307692,21.615384615384617
HighRes TrueColor 2018 2m Graz - Kopie.png,1059,forestfragmentation,0.22212332487106323,7,2.5714285714285716,14.285714285714286
HighRes TrueColor 2018 2m Graz - Kopie.png,1060,forest,0.9299409985542297,19,7.947368421052632,29.105263157894736
HighRes TrueColor 2018 2m Graz - Kopie.png,1061,forestfragmentation,0.8116446733474731,15,13.266666666666667,36.6
HighRes TrueColor 2018 2m Graz - Kopie.png,1062,forestfragmentation,0.7806251049041748,11,25.90909090909091,51.81818181818182
HighRes TrueColor 2018 2m Graz - Kopie.png,1063,forestfragmentation,0.4749724268913269,20,30.7,42.0
HighRes TrueColor 2018 2m Graz - Kopie.png,1064,forestfragmentation,0.4728451371192932,16,38.1875,30.625
HighRes TrueColor 2018 2m Graz - Kopie.png,1065,forestfragmentation,0.42391735315322876,18,17.27777777777778,57.111111111111114
HighRes TrueColor 2018 2m Graz - Kopie.png,1066,forestfragmentation,0.40856611728668213,7,32.142857142857146,61.42857142857143
HighRes TrueColor 2018 2m Graz - Kopie.png,1067,forestfragmentation,0.3057475686073303,5,22.8,21.0
HighRes TrueColor 2018 2m Graz - Kopie.png,1068,forestfragmentation,0.30149024724960327,7,1.8571428571428572,56.57142857142857
HighRes TrueColor 2018 2m Graz - Kopie.png,1069,forestfragmentation,0.29737424850463867,8,15.375,48.25
HighRes TrueColor 2018 2m Graz - Kopie.png,1070,forestfragmentation,0.2866376042366028,7,54.714285714285715,18.428571428571427
HighRes TrueColor 2018 2m Graz - Kopie.png,1071,forestfragmentation,0.2508319616317749,9,59.333333333333336,60.55555555555556
HighRes TrueColor 2018 2m Graz - Kopie.png,1072,forestfragmentation,0.21371835470199585,6,46.833333333333336,12.666666666666666
HighRes TrueColor 2018 2m Graz - Kopie.png,1073,forestfragmentation,0.20693904161453247,10,58.9,35.3
HighRes TrueColor 2018 2m Graz - Kopie.png,1074,forest,0.9299409985542297,19,7.947368421052632,29.105263157894736
HighRes TrueColor 2018 2m Graz - Kopie.png,1075,forestfragmentation,0.8116446733474731,15,13.266666666666667,36.6
HighRes TrueColor 2018 2m Graz - Kopie.png,1076,forestfragmentation,0.7806251049041748,11,25.90909090909091,51.81818181818182
HighRes TrueColor 2018 2m Graz - Kopie.png,1077,forestfragmentation,0.4749724268913269,20,30.7,42.0
HighRes TrueColor 2018 2m Graz - Kopie.png,1078,forestfragmentation,0.4728451371192932,16,38.1875,30.625
HighRes TrueColor 2018 2m Graz - Kopie.png,1079,forestfragmentation,0.42391735315322876,18,17.27777777777778,57.111111111111114
HighRes TrueColor 2018 2m Graz - Kopie.png,1080,forestfragmentation,0.40856611728668213,7,32.142857142857146,61.42857142857143
HighRes TrueColor 2018 2m Graz - Kopie.png,1081,forestfragmentation,0.3057475686073303,5,22.8,21.0
HighRes TrueColor 2018 2m Graz - Kopie.png,1082,forestfragmentation,0.30149024724960327,7,1.8571428571428572,56.57142857142857
HighRes TrueColor 2018 2m Graz - Kopie.png,1083,forestfragmentation,0.29737424850463867,8,15.375,48.25
HighRes TrueColor 2018 2m Graz - Kopie.png,1084,forestfragmentation,0.2866376042366028,7,54.714285714285715,18.428571428571427
HighRes TrueColor 2018 2m Graz - Kopie.png,1085,forestfragmentation,0.2508319616317749,9,59.333333333333336,60.55555555555556
HighRes TrueColor 2018 2m Graz - Kopie.png,1086,forestfragmentation,0.21371835470199585,6,46.833333333333336,12.666666666666666
HighRes TrueColor 2018 2m Graz - Kopie.png,1087,forestfragmentation,0.20693904161453247,10,58.9,35.3
HighRes TrueColor 2018 2m Graz - Kopie.png,1088,forest,0.9220324754714966,4,31.5,31.5
HighRes TrueColor 2018 2m Graz - Kopie.png,1089,forestfragmentation,0.5830032825469971,24,38.25,34.75
HighRes TrueColor 2018 2m Graz - Kopie.png,1090,forestfragmentation,0.5531154274940491,8,46.375,6.125
HighRes TrueColor 2018 2m Graz - Kopie.png,1091,forestfragmentation,0.49581706523895264,55,52.345454545454544,19.618181818181817
HighRes TrueColor 2018 2m Graz - Kopie.png,1092,forestfragmentation,0.44147688150405884,21,15.142857142857142,49.095238095238095
HighRes TrueColor 2018 2m Graz - Kopie.png,1093,forestfragmentation,0.4158092141151428,8,22.625,11.625
HighRes TrueColor 2018 2m Graz - Kopie.png,1094,forestfragmentation,0.37087690830230713,9,2.3333333333333335,18.11111111111111
HighRes TrueColor 2018 2m Graz - Kopie.png,1095,forestfragmentation,0.29151880741119385,10,7.4,36.3
HighRes TrueColor 2018 2m Graz - Kopie.png,1096,forestfragmentation,0.20877861976623535,9,26.333333333333332,47.888888888888886
HighRes TrueColor 2018 2m Graz - Kopie.png,1097,forest,0.9220324754714966,4,31.5,31.5
HighRes TrueColor 2018 2m Graz - Kopie.png,1098,forestfragmentation,0.5830032825469971,24,38.25,34.75
HighRes TrueColor 2018 2m Graz - Kopie.png,1099,forestfragmentation,0.5531154274940491,8,46.375,6.125
HighRes TrueColor 2018 2m Graz - Kopie.png,1100,forestfragmentation,0.49581706523895264,55,52.345454545454544,19.618181818181817
HighRes TrueColor 2018 2m Graz - Kopie.png,1101,forestfragmentation,0.44147688150405884,21,15.142857142857142,49.095238095238095
HighRes TrueColor 2018 2m Graz - Kopie.png,1102,forestfragmentation,0.4158092141151428,8,22.625,11.625
HighRes TrueColor 2018 2m Graz - Kopie.png,1103,forestfragmentation,0.37087690830230713,9,2.3333333333333335,18.11111111111111
HighRes TrueColor 2018 2m Graz - Kopie.png,1104,forestfragmentation,0.29151880741119385,10,7.4,36.3
HighRes TrueColor 2018 2m Graz - Kopie.png,1105,forestfragmentation,0.20877861976623535,9,26.333333333333332,47.888888888888886
HighRes TrueColor 2018 2m Graz - Kopie.png,1106,forest,0.8812380433082581,70,40.27142857142857,38.0
HighRes TrueColor 2018 2m Graz - Kopie.png,1107,forestfragmentation,0.3670427203178406,47,18.19148936170213,39.48936170212766
HighRes TrueColor 2018 2m Graz - Kopie.png,1108,forestfragmentation,0.34972381591796875,14,35.214285714285715,58.714285714285715
HighRes TrueColor 2018 2m Graz - Kopie.png,1109,forestfragmentation,0.2932658791542053,12,33.25,51.083333333333336
HighRes TrueColor 2018 2m Graz - Kopie.png,1110,forestfragmentation,0.2836034893989563,6,34.833333333333336,36.666666666666664
HighRes TrueColor 2018 2m Graz - Kopie.png,1111,forestfragmentation,0.2593652606010437,6,62.0,5.833333333333333
HighRes TrueColor 2018 2m Graz - Kopie.png,1112,forest,0.8812380433082581,70,40.27142857142857,38.0
HighRes TrueColor 2018 2m Graz - Kopie.png,1113,forestfragmentation,0.3670427203178406,47,18.19148936170213,39.48936170212766
HighRes TrueColor 2018 2m Graz - Kopie.png,1114,forestfragmentation,0.34972381591796875,14,35.214285714285715,58.714285714285715
HighRes TrueColor 2018 2m Graz - Kopie.png,1115,forestfragmentation,0.2932658791542053,12,33.25,51.083333333333336
HighRes TrueColor 2018 2m Graz - Kopie.png,1116,forestfragmentation,0.2836034893989563,6,34.833333333333336,36.666666666666664
HighRes TrueColor 2018 2m Graz - Kopie.png,1117,forestfragmentation,0.2593652606010437,6,62.0,5.833333333333333
HighRes TrueColor 2018 2m Graz - Kopie.png,1118,forest,0.8424208760261536,57,40.64912280701754,43.91228070175438
HighRes TrueColor 2018 2m Graz - Kopie.png,1119,forestfragmentation,0.5918646454811096,19,14.68421052631579,6.157894736842105
HighRes TrueColor 2018 2m Graz - Kopie.png,1120,forestfragmentation,0.30888503789901733,10,3.3,21.0
HighRes TrueColor 2018 2m Graz - Kopie.png,1121,forestfragmentation,0.24251985549926758,27,41.44444444444444,3.740740740740741
HighRes TrueColor 2018 2m Graz - Kopie.png,1122,forestfragmentation,0.21418005228042603,9,34.0,19.22222222222222
HighRes TrueColor 2018 2m Graz - Kopie.png,1123,forestfragmentation,0.2005261778831482,4,61.5,1.0
HighRes TrueColor 2018 2m Graz - Kopie.png,1124,forest,0.8424208760261536,57,40.64912280701754,43.91228070175438
HighRes TrueColor 2018 2m Graz - Kopie.png,1125,forestfragmentation,0.5918646454811096,19,14.68421052631579,6.157894736842105
HighRes TrueColor 2018 2m Graz - Kopie.png,1126,forestfragmentation,0.30888503789901733,10,3.3,21.0
HighRes TrueColor 2018 2m Graz - Kopie.png,1127,forestfragmentation,0.24251985549926758,27,41.44444444444444,3.740740740740741
HighRes TrueColor 2018 2m Graz - Kopie.png,1128,forestfragmentation,0.21418005228042603,9,34.0,19.22222222222222
HighRes TrueColor 2018 2m Graz - Kopie.png,1129,forestfragmentation,0.2005261778831482,4,61.5,1.0
HighRes TrueColor 2018 2m Graz - Kopie.png,1130,forest,0.37655049562454224,31,58.87096774193548,50.483870967741936
HighRes TrueColor 2018 2m Graz - Kopie.png,1131,forestfragmentation,0.2948761582374573,5,61.4,1.0
HighRes TrueColor 2018 2m Graz - Kopie.png,1132,forestfragmentation,0.2793557643890381,17,21.941176470588236,49.705882352941174
HighRes TrueColor 2018 2m Graz - Kopie.png,1133,forestfragmentation,0.27490437030792236,6,50.333333333333336,2.6666666666666665
HighRes TrueColor 2018 2m Graz - Kopie.png,1134,forest,0.27267295122146606,8,26.125,2.375
HighRes TrueColor 2018 2m Graz - Kopie.png,1135,forestfragmentation,0.25193655490875244,6,36.333333333333336,61.5
HighRes TrueColor 2018 2m Graz - Kopie.png,1136,forest,0.24987190961837769,29,6.206896551724138,5.896551724137931
HighRes TrueColor 2018 2m Graz - Kopie.png,1137,forest,0.23238086700439453,110,50.054545454545455,40.64545454545455
HighRes TrueColor 2018 2m Graz - Kopie.png,1138,forest,0.37655049562454224,31,58.87096774193548,50.483870967741936
HighRes TrueColor 2018 2m Graz - Kopie.png,1139,forestfragmentation,0.2948761582374573,5,61.4,1.0
HighRes TrueColor 2018 2m Graz - Kopie.png,1140,forestfragmentation,0.2793557643890381,17,21.941176470588236,49.705882352941174
HighRes TrueColor 2018 2m Graz - Kopie.png,1141,forestfragmentation,0.27490437030792236,6,50.333333333333336,2.6666666666666665
HighRes TrueColor 2018 2m Graz - Kopie.png,1142,forest,0.27267295122146606,8,26.125,2.375
HighRes TrueColor 2018 2m Graz - Kopie.png,1143,forestfragmentation,0.25193655490875244,6,36.333333333333336,61.5
HighRes TrueColor 2018 2m Graz - Kopie.png,1144,forest,0.24987190961837769,29,6.206896551724138,5.896551724137931
HighRes TrueColor 2018 2m Graz - Kopie.png,1145,forest,0.23238086700439453,110,50.054545454545455,40.64545454545455
HighRes TrueColor 2018 2m Graz - Kopie.png,1146,forest,0.5109853744506836,79,31.139240506329113,25.9873417721519
HighRes TrueColor 2018 2m Graz - Kopie.png,1147,forestfragmentation,0.47060781717300415,8,50.375,45.875
HighRes TrueColor 2018 2m Graz - Kopie.png,1148,forest,0.456531286239624,16,48.9375,4.9375
HighRes TrueColor 2018 2m Graz - Kopie.png,1149,forestfragmentation,0.22419524192810059,16,14.0,29.25
HighRes TrueColor 2018 2m Graz - Kopie.png,1150,forest,0.5109853744506836,79,31.139240506329113,25.9873417721519
HighRes TrueColor 2018 2m Graz - Kopie.png,1151,forestfragmentation,0.47060781717300415,8,50.375,45.875
HighRes TrueColor 2018 2m Graz - Kopie.png,1152,forest,0.456531286239624,16,48.9375,4.9375
HighRes TrueColor 2018 2m Graz - Kopie.png,1153,forestfragmentation,0.22419524192810059,16,14.0,29.25
HighRes TrueColor 2018 2m Graz - Kopie.png,1154,forest,0.8709665536880493,110,23.772727272727273,15.763636363636364
HighRes TrueColor 2018 2m Graz - Kopie.png,1155,forestfragmentation,0.2646952271461487,11,45.81818181818182,41.0
HighRes TrueColor 2018 2m Graz - Kopie.png,1156,forest,0.8709665536880493,110,23.772727272727273,15.763636363636364
HighRes TrueColor 2018 2m Graz - Kopie.png,1157,forestfragmentation,0.2646952271461487,11,45.81818181818182,41.0
HighRes TrueColor 2018 2m Graz - Kopie.png,1158,forest,0.7768072485923767,48,19.791666666666668,16.708333333333332
HighRes TrueColor 2018 2m Graz - Kopie.png,1159,forestfragmentation,0.3059046268463135,10,36.4,41.1
HighRes TrueColor 2018 2m Graz - Kopie.png,1160,forest,0.7768072485923767,48,19.791666666666668,16.708333333333332
HighRes TrueColor 2018 2m Graz - Kopie.png,1161,forestfragmentation,0.3059046268463135,10,36.4,41.1
HighRes TrueColor 2018 2m Graz - Kopie.png,1162,forest,0.7768082618713379,74,19.56756756756757,35.83783783783784
HighRes TrueColor 2018 2m Graz - Kopie.png,1163,forest,0.4257415533065796,28,56.5,36.857142857142854
HighRes TrueColor 2018 2m Graz - Kopie.png,1164,forest,0.41854798793792725,25,57.44,52.56
HighRes TrueColor 2018 2m Graz - Kopie.png,1165,forest,0.37810128927230835,8,60.625,25.375
HighRes TrueColor 2018 2m Graz - Kopie.png,1166,forest,0.33158963918685913,88,38.09090909090909,12.113636363636363
HighRes TrueColor 2018 2m Graz - Kopie.png,1167,forestfragmentation,0.25316309928894043,11,38.36363636363637,3.090909090909091
HighRes TrueColor 2018 2m Graz - Kopie.png,1168,forestfragmentation,0.23267263174057007,5,46.0,10.2
HighRes TrueColor 2018 2m Graz - Kopie.png,1169,forestfragmentation,0.22765791416168213,4,43.5,1.0
HighRes TrueColor 2018 2m Graz - Kopie.png,1170,forestfragmentation,0.22249823808670044,7,15.857142857142858,3.2857142857142856
HighRes TrueColor 2018 2m Graz - Kopie.png,1171,forest,0.2015405297279358,16,10.1875,60.3125
HighRes TrueColor 2018 2m Graz - Kopie.png,1172,forestfragmentation,0.2009948492050171,6,24.333333333333332,28.666666666666668
HighRes TrueColor 2018 2m Graz - Kopie.png,1173,forest,0.7768082618713379,74,19.56756756756757,35.83783783783784
HighRes TrueColor 2018 2m Graz - Kopie.png,1174,forest,0.4257415533065796,28,56.5,36.857142857142854
HighRes TrueColor 2018 2m Graz - Kopie.png,1175,forest,0.41854798793792725,25,57.44,52.56
HighRes TrueColor 2018 2m Graz - Kopie.png,1176,forest,0.37810128927230835,8,60.625,25.375
HighRes TrueColor 2018 2m Graz - Kopie.png,1177,forest,0.33158963918685913,88,38.09090909090909,12.113636363636363
HighRes TrueColor 2018 2m Graz - Kopie.png,1178,forestfragmentation,0.25316309928894043,11,38.36363636363637,3.090909090909091
HighRes TrueColor 2018 2m Graz - Kopie.png,1179,forestfragmentation,0.23267263174057007,5,46.0,10.2
HighRes TrueColor 2018 2m Graz - Kopie.png,1180,forestfragmentation,0.22765791416168213,4,43.5,1.0
HighRes TrueColor 2018 2m Graz - Kopie.png,1181,forestfragmentation,0.22249823808670044,7,15.857142857142858,3.2857142857142856
HighRes TrueColor 2018 2m Graz - Kopie.png,1182,forest,0.2015405297279358,16,10.1875,60.3125
HighRes TrueColor 2018 2m Graz - Kopie.png,1183,forestfragmentation,0.2009948492050171,6,24.333333333333332,28.666666666666668
HighRes TrueColor 2018 2m Graz - Kopie.png,1184,forest,0.8585332036018372,197,36.69035532994924,24.700507614213198
HighRes TrueColor 2018 2m Graz - Kopie.png,1185,forestfragmentation,0.26706844568252563,10,44.8,57.2
HighRes TrueColor 2018 2m Graz - Kopie.png,1186,forestfragmentation,0.2648954391479492,40,55.0,46.175
HighRes TrueColor 2018 2m Graz - Kopie.png,1187,forest,0.8585332036018372,197,36.69035532994924,24.700507614213198
HighRes TrueColor 2018 2m Graz - Kopie.png,1188,forestfragmentation,0.26706844568252563,10,44.8,57.2
HighRes TrueColor 2018 2m Graz - Kopie.png,1189,forestfragmentation,0.2648954391479492,40,55.0,46.175
HighRes TrueColor 2018 2m Graz - Kopie.png,1190,forest,0.7310245037078857,133,39.21052631578947,27.518796992481203
HighRes TrueColor 2018 2m Graz - Kopie.png,1191,forestfragmentation,0.37888103723526,8,31.0,3.5
HighRes TrueColor 2018 2m Graz - Kopie.png,1192,forestfragmentation,0.26994943618774414,16,6.875,45.5
HighRes TrueColor 2018 2m Graz - Kopie.png,1193,forestfragmentation,0.23836016654968262,18,54.666666666666664,3.611111111111111
HighRes TrueColor 2018 2m Graz - Kopie.png,1194,forest,0.7310245037078857,133,39.21052631578947,27.518796992481203
HighRes TrueColor 2018 2m Graz - Kopie.png,1195,forestfragmentation,0.37888103723526,8,31.0,3.5
HighRes TrueColor 2018 2m Graz - Kopie.png,1196,forestfragmentation,0.26994943618774414,16,6.875,45.5
HighRes TrueColor 2018 2m Graz - Kopie.png,1197,forestfragmentation,0.23836016654968262,18,54.666666666666664,3.611111111111111
HighRes TrueColor 2018 2m Graz - Kopie.png,1198,forest,0.875482976436615,32,7.96875,9.09375
HighRes TrueColor 2018 2m Graz - Kopie.png,1199,forest,0.7766562104225159,34,15.294117647058824,49.44117647058823
HighRes TrueColor 2018 2m Graz - Kopie.png,1200,forestfragmentation,0.6725191473960876,29,56.44827586206897,34.793103448275865
HighRes TrueColor 2018 2m Graz - Kopie.png,1201,forest,0.5223153233528137,16,33.9375,55.3125
HighRes TrueColor 2018 2m Graz - Kopie.png,1202,forest,0.3697212338447571,13,55.38461538461539,59.84615384615385
HighRes TrueColor 2018 2m Graz - Kopie.png,1203,forestfragmentation,0.23380756378173828,7,60.142857142857146,13.142857142857142
HighRes TrueColor 2018 2m Graz - Kopie.png,1204,forestfragmentation,0.22858572006225586,6,41.833333333333336,6.666666666666667
HighRes TrueColor 2018 2m Graz - Kopie.png,1205,forest,0.21805238723754883,25,27.4,22.96
HighRes TrueColor 2018 2m Graz - Kopie.png,1206,forest,0.20741456747055054,106,47.235849056603776,32.867924528301884
HighRes TrueColor 2018 2m Graz - Kopie.png,1207,forest,0.875482976436615,32,7.96875,9.09375
HighRes TrueColor 2018 2m Graz - Kopie.png,1208,forest,0.7766562104225159,34,15.294117647058824,49.44117647058823
HighRes TrueColor 2018 2m Graz - Kopie.png,1209,forestfragmentation,0.6725191473960876,29,56.44827586206897,34.793103448275865
HighRes TrueColor 2018 2m Graz - Kopie.png,1210,forest,0.5223153233528137,16,33.9375,55.3125
HighRes TrueColor 2018 2m Graz - Kopie.png,1211,forest,0.3697212338447571,13,55.38461538461539,59.84615384615385
HighRes TrueColor 2018 2m Graz - Kopie.png,1212,forestfragmentation,0.23380756378173828,7,60.142857142857146,13.142857142857142
HighRes TrueColor 2018 2m Graz - Kopie.png,1213,forestfragmentation,0.22858572006225586,6,41.833333333333336,6.666666666666667
HighRes TrueColor 2018 2m Graz - Kopie.png,1214,forest,0.21805238723754883,25,27.4,22.96
HighRes TrueColor 2018 2m Graz - Kopie.png,1215,forest,0.20741456747055054,106,47.235849056603776,32.867924528301884
HighRes TrueColor 2018 2m Graz - Kopie.png,1216,forest,0.933159351348877,8,47.0,23.5
HighRes TrueColor 2018 2m Graz - Kopie.png,1217,forestfragmentation,0.8409775495529175,38,9.078947368421053,36.81578947368421
HighRes TrueColor 2018 2m Graz - Kopie.png,1218,forestfragmentation,0.46107274293899536,15,9.0,59.06666666666667
HighRes TrueColor 2018 2m Graz - Kopie.png,1219,forestfragmentation,0.41757386922836304,20,32.1,6.7
HighRes TrueColor 2018 2m Graz - Kopie.png,1220,forestfragmentation,0.3007492423057556,19,58.05263157894737,17.263157894736842
HighRes TrueColor 2018 2m Graz - Kopie.png,1221,forestfragmentation,0.27610427141189575,11,25.09090909090909,33.27272727272727
HighRes TrueColor 2018 2m Graz - Kopie.png,1222,forestfragmentation,0.2729114890098572,32,31.34375,26.875
HighRes TrueColor 2018 2m Graz - Kopie.png,1223,forestfragmentation,0.21844381093978882,8,13.0,13.0
HighRes TrueColor 2018 2m Graz - Kopie.png,1224,forestfragmentation,0.20114082098007202,10,48.2,50.2
HighRes TrueColor 2018 2m Graz - Kopie.png,1225,forest,0.933159351348877,8,47.0,23.5
HighRes TrueColor 2018 2m Graz - Kopie.png,1226,forestfragmentation,0.8409775495529175,38,9.078947368421053,36.81578947368421
HighRes TrueColor 2018 2m Graz - Kopie.png,1227,forestfragmentation,0.46107274293899536,15,9.0,59.06666666666667
HighRes TrueColor 2018 2m Graz - Kopie.png,1228,forestfragmentation,0.41757386922836304,20,32.1,6.7
HighRes TrueColor 2018 2m Graz - Kopie.png,1229,forestfragmentation,0.3007492423057556,19,58.05263157894737,17.263157894736842
HighRes TrueColor 2018 2m Graz - Kopie.png,1230,forestfragmentation,0.27610427141189575,11,25.09090909090909,33.27272727272727
HighRes TrueColor 2018 2m Graz - Kopie.png,1231,forestfragmentation,0.2729114890098572,32,31.34375,26.875
HighRes TrueColor 2018 2m Graz - Kopie.png,1232,forestfragmentation,0.21844381093978882,8,13.0,13.0
HighRes TrueColor 2018 2m Graz - Kopie.png,1233,forestfragmentation,0.20114082098007202,10,48.2,50.2
HighRes TrueColor 2018 2m Graz - Kopie.png,1234,forest,0.9009100794792175,14,36.42857142857143,44.857142857142854
HighRes TrueColor 2018 2m Graz - Kopie.png,1235,forestfragmentation,0.5121726989746094,15,40.266666666666666,11.133333333333333
HighRes TrueColor 2018 2m Graz - Kopie.png,1236,forestfragmentation,0.2964705228805542,7,16.285714285714285,61.714285714285715
HighRes TrueColor 2018 2m Graz - Kopie.png,1237,forestfragmentation,0.2643786072731018,19,26.63157894736842,56.78947368421053
HighRes TrueColor 2018 2m Graz - Kopie.png,1238,forestfragmentation,0.2510632276535034,5,29.6,43.0
HighRes TrueColor 2018 2m Graz - Kopie.png,1239,forest,0.9009100794792175,14,36.42857142857143,44.857142857142854
HighRes TrueColor 2018 2m Graz - Kopie.png,1240,forestfragmentation,0.5121726989746094,15,40.266666666666666,11.133333333333333
HighRes TrueColor 2018 2m Graz - Kopie.png,1241,forestfragmentation,0.2964705228805542,7,16.285714285714285,61.714285714285715
HighRes TrueColor 2018 2m Graz - Kopie.png,1242,forestfragmentation,0.2643786072731018,19,26.63157894736842,56.78947368421053
HighRes TrueColor 2018 2m Graz - Kopie.png,1243,forestfragmentation,0.2510632276535034,5,29.6,43.0
HighRes TrueColor 2018 2m Graz - Kopie.png,1244,forest,0.9242358803749084,37,42.13513513513514,35.810810810810814
HighRes TrueColor 2018 2m Graz - Kopie.png,1245,forestfragmentation,0.3444957733154297,11,48.09090909090909,40.0
HighRes TrueColor 2018 2m Graz - Kopie.png,1246,forestfragmentation,0.3435947895050049,13,29.0,41.07692307692308
HighRes TrueColor 2018 2m Graz - Kopie.png,1247,forestfragmentation,0.21480649709701538,7,32.0,19.857142857142858
HighRes TrueColor 2018 2m Graz - Kopie.png,1248,forest,0.9242358803749084,37,42.13513513513514,35.810810810810814
HighRes TrueColor 2018 2m Graz - Kopie.png,1249,forestfragmentation,0.3444957733154297,11,48.09090909090909,40.0
HighRes TrueColor 2018 2m Graz - Kopie.png,1250,forestfragmentation,0.3435947895050049,13,29.0,41.07692307692308
HighRes TrueColor 2018 2m Graz - Kopie.png,1251,forestfragmentation,0.21480649709701538,7,32.0,19.857142857142858
HighRes TrueColor 2018 2m Graz - Kopie.png,1252,forestfragmentation,0.620576024055481,12,55.666666666666664,14.166666666666666
HighRes TrueColor 2018 2m Graz - Kopie.png,1253,forest,0.46295416355133057,15,3.4,42.93333333333333
HighRes TrueColor 2018 2m Graz - Kopie.png,1254,forestfragmentation,0.3967404365539551,9,49.333333333333336,25.11111111111111
HighRes TrueColor 2018 2m Graz - Kopie.png,1255,forestfragmentation,0.30870336294174194,14,30.785714285714285,23.0
HighRes TrueColor 2018 2m Graz - Kopie.png,1256,forestfragmentation,0.21366852521896362,7,30.285714285714285,18.428571428571427
HighRes TrueColor 2018 2m Graz - Kopie.png,1257,forestfragmentation,0.620576024055481,12,55.666666666666664,14.166666666666666
HighRes TrueColor 2018 2m Graz - Kopie.png,1258,forest,0.46295416355133057,15,3.4,42.93333333333333
HighRes TrueColor 2018 2m Graz - Kopie.png,1259,forestfragmentation,0.3967404365539551,9,49.333333333333336,25.11111111111111
HighRes TrueColor 2018 2m Graz - Kopie.png,1260,forestfragmentation,0.30870336294174194,14,30.785714285714285,23.0
HighRes TrueColor 2018 2m Graz - Kopie.png,1261,forestfragmentation,0.21366852521896362,7,30.285714285714285,18.428571428571427
HighRes TrueColor 2018 2m Graz - Kopie.png,1262,forest,0.8992308378219604,13,52.84615384615385,32.38461538461539
HighRes TrueColor 2018 2m Graz - Kopie.png,1263,forestfragmentation,0.6872835159301758,13,3.769230769230769,13.692307692307692
HighRes TrueColor 2018 2m Graz - Kopie.png,1264,forestfragmentation,0.6177151203155518,26,15.346153846153847,6.076923076923077
HighRes TrueColor 2018 2m Graz - Kopie.png,1265,forestfragmentation,0.5196217894554138,13,29.53846153846154,59.30769230769231
HighRes TrueColor 2018 2m Graz - Kopie.png,1266,forestfragmentation,0.4330946207046509,8,1.75,4.0
HighRes TrueColor 2018 2m Graz - Kopie.png,1267,forestfragmentation,0.39343589544296265,13,33.53846153846154,10.538461538461538
HighRes TrueColor 2018 2m Graz - Kopie.png,1268,forestfragmentation,0.37031328678131104,6,20.5,58.333333333333336
HighRes TrueColor 2018 2m Graz - Kopie.png,1269,forestfragmentation,0.3633112907409668,8,17.75,44.875
HighRes TrueColor 2018 2m Graz - Kopie.png,1270,forestfragmentation,0.32549625635147095,15,28.266666666666666,40.46666666666667
HighRes TrueColor 2018 2m Graz - Kopie.png,1271,forestfragmentation,0.3145960569381714,13,26.384615384615383,18.076923076923077
HighRes TrueColor 2018 2m Graz - Kopie.png,1272,forestfragmentation,0.2857837677001953,4,36.5,52.0
HighRes TrueColor 2018 2m Graz - Kopie.png,1273,forestfragmentation,0.26989078521728516,7,52.714285714285715,33.42857142857143
HighRes TrueColor 2018 2m Graz - Kopie.png,1274,forestfragmentation,0.24140334129333496,11,59.18181818181818,11.545454545454545
HighRes TrueColor 2018 2m Graz - Kopie.png,1275,forest,0.8992308378219604,13,52.84615384615385,32.38461538461539
HighRes TrueColor 2018 2m Graz - Kopie.png,1276,forestfragmentation,0.6872835159301758,13,3.769230769230769,13.692307692307692
HighRes TrueColor 2018 2m Graz - Kopie.png,1277,forestfragmentation,0.6177151203155518,26,15.346153846153847,6.076923076923077
HighRes TrueColor 2018 2m Graz - Kopie.png,1278,forestfragmentation,0.5196217894554138,13,29.53846153846154,59.30769230769231
HighRes TrueColor 2018 2m Graz - Kopie.png,1279,forestfragmentation,0.4330946207046509,8,1.75,4.0
HighRes TrueColor 2018 2m Graz - Kopie.png,1280,forestfragmentation,0.39343589544296265,13,33.53846153846154,10.538461538461538
HighRes TrueColor 2018 2m Graz - Kopie.png,1281,forestfragmentation,0.37031328678131104,6,20.5,58.333333333333336
HighRes TrueColor 2018 2m Graz - Kopie.png,1282,forestfragmentation,0.3633112907409668,8,17.75,44.875
HighRes TrueColor 2018 2m Graz - Kopie.png,1283,forestfragmentation,0.32549625635147095,15,28.266666666666666,40.46666666666667
HighRes TrueColor 2018 2m Graz - Kopie.png,1284,forestfragmentation,0.3145960569381714,13,26.384615384615383,18.076923076923077
HighRes TrueColor 2018 2m Graz - Kopie.png,1285,forestfragmentation,0.2857837677001953,4,36.5,52.0
HighRes TrueColor 2018 2m Graz - Kopie.png,1286,forestfragmentation,0.26989078521728516,7,52.714285714285715,33.42857142857143
HighRes TrueColor 2018 2m Graz - Kopie.png,1287,forestfragmentation,0.24140334129333496,11,59.18181818181818,11.545454545454545
HighRes TrueColor 2018 2m Graz - Kopie.png,1288,forest,0.8614438772201538,4,31.5,31.5
HighRes TrueColor 2018 2m Graz - Kopie.png,1289,forestfragmentation,0.5473830699920654,15,48.53333333333333,59.266666666666666
HighRes TrueColor 2018 2m Graz - Kopie.png,1290,forestfragmentation,0.5229164361953735,7,25.571428571428573,39.714285714285715
HighRes TrueColor 2018 2m Graz - Kopie.png,1291,forestfragmentation,0.3648926615715027,16,10.5625,29.0
HighRes TrueColor 2018 2m Graz - Kopie.png,1292,forestfragmentation,0.3551087975502014,25,47.16,42.72
HighRes TrueColor 2018 2m Graz - Kopie.png,1293,forestfragmentation,0.3312916159629822,9,18.0,2.5555555555555554
HighRes TrueColor 2018 2m Graz - Kopie.png,1294,forestfragmentation,0.27654606103897095,16,34.5625,4.75
HighRes TrueColor 2018 2m Graz - Kopie.png,1295,forestfragmentation,0.24505293369293213,4,61.5,50.5
HighRes TrueColor 2018 2m Graz - Kopie.png,1296,forest,0.8614438772201538,4,31.5,31.5
HighRes TrueColor 2018 2m Graz - Kopie.png,1297,forestfragmentation,0.5473830699920654,15,48.53333333333333,59.266666666666666
HighRes TrueColor 2018 2m Graz - Kopie.png,1298,forestfragmentation,0.5229164361953735,7,25.571428571428573,39.714285714285715
HighRes TrueColor 2018 2m Graz - Kopie.png,1299,forestfragmentation,0.3648926615715027,16,10.5625,29.0
HighRes TrueColor 2018 2m Graz - Kopie.png,1300,forestfragmentation,0.3551087975502014,25,47.16,42.72
HighRes TrueColor 2018 2m Graz - Kopie.png,1301,forestfragmentation,0.3312916159629822,9,18.0,2.5555555555555554
HighRes TrueColor 2018 2m Graz - Kopie.png,1302,forestfragmentation,0.27654606103897095,16,34.5625,4.75
HighRes TrueColor 2018 2m Graz - Kopie.png,1303,forestfragmentation,0.24505293369293213,4,61.5,50.5
HighRes TrueColor 2018 2m Graz - Kopie.png,1304,forest,0.5668943524360657,154,33.23376623376623,24.948051948051948
HighRes TrueColor 2018 2m Graz - Kopie.png,1305,forestfragmentation,0.4410102963447571,13,8.307692307692308,60.69230769230769
HighRes TrueColor 2018 2m Graz - Kopie.png,1306,forestfragmentation,0.253181517124176,9,6.222222222222222,27.444444444444443
HighRes TrueColor 2018 2m Graz - Kopie.png,1307,forestfragmentation,0.213495671749115,8,12.0,4.5
HighRes TrueColor 2018 2m Graz - Kopie.png,1308,forest,0.5668943524360657,154,33.23376623376623,24.948051948051948
HighRes TrueColor 2018 2m Graz - Kopie.png,1309,forestfragmentation,0.4410102963447571,13,8.307692307692308,60.69230769230769
HighRes TrueColor 2018 2m Graz - Kopie.png,1310,forestfragmentation,0.253181517124176,9,6.222222222222222,27.444444444444443
HighRes TrueColor 2018 2m Graz - Kopie.png,1311,forestfragmentation,0.213495671749115,8,12.0,4.5
HighRes TrueColor 2018 2m Graz - Kopie.png,1312,forest,0.7429383397102356,110,22.827272727272728,30.045454545454547
HighRes TrueColor 2018 2m Graz - Kopie.png,1313,forestfragmentation,0.2577235698699951,11,39.45454545454545,21.636363636363637
HighRes TrueColor 2018 2m Graz - Kopie.png,1314,forest,0.7429383397102356,110,22.827272727272728,30.045454545454547
HighRes TrueColor 2018 2m Graz - Kopie.png,1315,forestfragmentation,0.2577235698699951,11,39.45454545454545,21.636363636363637
HighRes TrueColor 2018 2m Graz - Kopie.png,1316,forest,0.6496118307113647,4,31.5,31.5
HighRes TrueColor 2018 2m Graz - Kopie.png,1317,forestfragmentation,0.26670151948928833,15,49.666666666666664,53.13333333333333
HighRes TrueColor 2018 2m Graz - Kopie.png,1318,forestfragmentation,0.21459966897964478,16,51.9375,41.4375
HighRes TrueColor 2018 2m Graz - Kopie.png,1319,forest,0.6496118307113647,4,31.5,31.5
HighRes TrueColor 2018 2m Graz - Kopie.png,1320,forestfragmentation,0.26670151948928833,15,49.666666666666664,53.13333333333333
HighRes TrueColor 2018 2m Graz - Kopie.png,1321,forestfragmentation,0.21459966897964478,16,51.9375,41.4375
HighRes TrueColor 2018 2m Graz - Kopie.png,1322,forest,0.8342241644859314,37,26.72972972972973,10.0
HighRes TrueColor 2018 2m Graz - Kopie.png,1323,forestfragmentation,0.2224903702735901,15,19.8,41.06666666666667
HighRes TrueColor 2018 2m Graz - Kopie.png,1324,forest,0.8342241644859314,37,26.72972972972973,10.0
HighRes TrueColor 2018 2m Graz - Kopie.png,1325,forestfragmentation,0.2224903702735901,15,19.8,41.06666666666667
HighRes TrueColor 2018 2m Graz - Kopie.png,1326,forest,0.7742281556129456,62,34.96774193548387,45.03225806451613
HighRes TrueColor 2018 2m Graz - Kopie.png,1327,forest,0.7742281556129456,62,34.96774193548387,45.03225806451613
HighRes TrueColor 2018 2m Graz - Kopie.png,1328,forest,0.8707777857780457,70,41.542857142857144,46.885714285714286
HighRes TrueColor 2018 2m Graz - Kopie.png,1329,forestfragmentation,0.20947057008743286,40,46.025,52.425
HighRes TrueColor 2018 2m Graz - Kopie.png,1330,forest,0.8707777857780457,70,41.542857142857144,46.885714285714286
HighRes TrueColor 2018 2m Graz - Kopie.png,1331,forestfragmentation,0.20947057008743286,40,46.025,52.425
HighRes TrueColor 2018 2m Graz - Kopie.png,1332,forest,0.6130722761154175,35,15.885714285714286,14.428571428571429
HighRes TrueColor 2018 2m Graz - Kopie.png,1333,forest,0.5161686539649963,17,58.76470588235294,6.0
HighRes TrueColor 2018 2m Graz - Kopie.png,1334,forest,0.4403541088104248,19,28.263157894736842,4.2631578947368425
HighRes TrueColor 2018 2m Graz - Kopie.png,1335,forest,0.414375364780426,66,14.833333333333334,47.84848484848485
HighRes TrueColor 2018 2m Graz - Kopie.png,1336,forestfragmentation,0.3601410984992981,6,15.666666666666666,61.666666666666664
HighRes TrueColor 2018 2m Graz - Kopie.png,1337,forest,0.6130722761154175,35,15.885714285714286,14.428571428571429
HighRes TrueColor 2018 2m Graz - Kopie.png,1338,forest,0.5161686539649963,17,58.76470588235294,6.0
HighRes TrueColor 2018 2m Graz - Kopie.png,1339,forest,0.4403541088104248,19,28.263157894736842,4.2631578947368425
HighRes TrueColor 2018 2m Graz - Kopie.png,1340,forest,0.414375364780426,66,14.833333333333334,47.84848484848485
HighRes TrueColor 2018 2m Graz - Kopie.png,1341,forestfragmentation,0.3601410984992981,6,15.666666666666666,61.666666666666664
HighRes TrueColor 2018 2m Graz - Kopie.png,1342,forest,0.7455649971961975,121,29.305785123966942,22.09090909090909
HighRes TrueColor 2018 2m Graz - Kopie.png,1343,forestfragmentation,0.6690750122070312,27,49.81481481481482,15.37037037037037
HighRes TrueColor 2018 2m Graz - Kopie.png,1344,forestfragmentation,0.6688619256019592,8,53.5,4.625
HighRes TrueColor 2018 2m Graz - Kopie.png,1345,forest,0.7455649971961975,121,29.305785123966942,22.09090909090909
HighRes TrueColor 2018 2m Graz - Kopie.png,1346,forestfragmentation,0.6690750122070312,27,49.81481481481482,15.37037037037037
HighRes TrueColor 2018 2m Graz - Kopie.png,1347,forestfragmentation,0.6688619256019592,8,53.5,4.625
HighRes TrueColor 2018 2m Graz - Kopie.png,1348,forest,0.9466794729232788,115,36.08695652173913,35.22608695652174
HighRes TrueColor 2018 2m Graz - Kopie.png,1349,forestfragmentation,0.5939763784408569,10,57.3,54.1
HighRes TrueColor 2018 2m Graz - Kopie.png,1350,forestfragmentation,0.5064042806625366,35,50.42857142857143,28.114285714285714
HighRes TrueColor 2018 2m Graz - Kopie.png,1351,forestfragmentation,0.49435532093048096,6,3.0,5.0
HighRes TrueColor 2018 2m Graz - Kopie.png,1352,forestfragmentation,0.49289703369140625,9,59.888888888888886,45.111111111111114
HighRes TrueColor 2018 2m Graz - Kopie.png,1353,forestfragmentation,0.48927485942840576,19,14.842105263157896,17.42105263157895
HighRes TrueColor 2018 2m Graz - Kopie.png,1354,forestfragmentation,0.43942105770111084,13,15.23076923076923,50.30769230769231
HighRes TrueColor 2018 2m Graz - Kopie.png,1355,forestfragmentation,0.27639806270599365,5,13.8,2.2
HighRes TrueColor 2018 2m Graz - Kopie.png,1356,forestfragmentation,0.26631176471710205,14,5.428571428571429,48.357142857142854
HighRes TrueColor 2018 2m Graz - Kopie.png,1357,forest,0.9466794729232788,115,36.08695652173913,35.22608695652174
HighRes TrueColor 2018 2m Graz - Kopie.png,1358,forestfragmentation,0.5939763784408569,10,57.3,54.1
HighRes TrueColor 2018 2m Graz - Kopie.png,1359,forestfragmentation,0.5064042806625366,35,50.42857142857143,28.114285714285714
HighRes TrueColor 2018 2m Graz - Kopie.png,1360,forestfragmentation,0.49435532093048096,6,3.0,5.0
HighRes TrueColor 2018 2m Graz - Kopie.png,1361,forestfragmentation,0.49289703369140625,9,59.888888888888886,45.111111111111114
HighRes TrueColor 2018 2m Graz - Kopie.png,1362,forestfragmentation,0.48927485942840576,19,14.842105263157896,17.42105263157895
HighRes TrueColor 2018 2m Graz - Kopie.png,1363,forestfragmentation,0.43942105770111084,13,15.23076923076923,50.30769230769231
HighRes TrueColor 2018 2m Graz - Kopie.png,1364,forestfragmentation,0.27639806270599365,5,13.8,2.2
HighRes TrueColor 2018 2m Graz - Kopie.png,1365,forestfragmentation,0.26631176471710205,14,5.428571428571429,48.357142857142854
HighRes TrueColor 2018 2m Graz - Kopie.png,1366,forest,0.731023907661438,29,11.137931034482758,10.586206896551724
HighRes TrueColor 2018 2m Graz - Kopie.png,1367,forestfragmentation,0.655829131603241,12,8.5,45.083333333333336
HighRes TrueColor 2018 2m Graz - Kopie.png,1368,forestfragmentation,0.5375121235847473,19,5.368421052631579,32.73684210526316
HighRes TrueColor 2018 2m Graz - Kopie.png,1369,forest,0.5248943567276001,36,55.0,48.25
HighRes TrueColor 2018 2m Graz - Kopie.png,1370,forest,0.472988486289978,11,34.0,4.2727272727272725
HighRes TrueColor 2018 2m Graz - Kopie.png,1371,forestfragmentation,0.3827108144760132,16,7.8125,56.875
HighRes TrueColor 2018 2m Graz - Kopie.png,1372,forestfragmentation,0.2702215313911438,6,21.0,52.833333333333336
HighRes TrueColor 2018 2m Graz - Kopie.png,1373,forest,0.23573732376098633,89,24.808988764044944,41.42696629213483
HighRes TrueColor 2018 2m Graz - Kopie.png,1374,forest,0.731023907661438,29,11.137931034482758,10.586206896551724
HighRes TrueColor 2018 2m Graz - Kopie.png,1375,forestfragmentation,0.655829131603241,12,8.5,45.083333333333336
HighRes TrueColor 2018 2m Graz - Kopie.png,1376,forestfragmentation,0.5375121235847473,19,5.368421052631579,32.73684210526316
HighRes TrueColor 2018 2m Graz - Kopie.png,1377,forest,0.5248943567276001,36,55.0,48.25
HighRes TrueColor 2018 2m Graz - Kopie.png,1378,forest,0.472988486289978,11,34.0,4.2727272727272725
HighRes TrueColor 2018 2m Graz - Kopie.png,1379,forestfragmentation,0.3827108144760132,16,7.8125,56.875
HighRes TrueColor 2018 2m Graz - Kopie.png,1380,forestfragmentation,0.2702215313911438,6,21.0,52.833333333333336
HighRes TrueColor 2018 2m Graz - Kopie.png,1381,forest,0.23573732376098633,89,24.808988764044944,41.42696629213483
HighRes TrueColor 2018 2m Graz - Kopie.png,1382,forest,0.7112454175949097,12,28.083333333333332,32.666666666666664
HighRes TrueColor 2018 2m Graz - Kopie.png,1383,forestfragmentation,0.6350717544555664,8,50.625,42.125
HighRes TrueColor 2018 2m Graz - Kopie.png,1384,forestfragmentation,0.5952426195144653,14,58.857142857142854,47.07142857142857
HighRes TrueColor 2018 2m Graz - Kopie.png,1385,forest,0.41330093145370483,35,16.457142857142856,7.6
HighRes TrueColor 2018 2m Graz - Kopie.png,1386,forestfragmentation,0.370796799659729,26,20.307692307692307,25.26923076923077
HighRes TrueColor 2018 2m Graz - Kopie.png,1387,forestfragmentation,0.22968930006027222,6,61.5,55.0
HighRes TrueColor 2018 2m Graz - Kopie.png,1388,forestfragmentation,0.22768408060073853,17,14.941176470588236,47.8235294117647
HighRes TrueColor 2018 2m Graz - Kopie.png,1389,forestfragmentation,0.20979082584381104,7,59.285714285714285,30.571428571428573
HighRes TrueColor 2018 2m Graz - Kopie.png,1390,forest,0.7112454175949097,12,28.083333333333332,32.666666666666664
HighRes TrueColor 2018 2m Graz - Kopie.png,1391,forestfragmentation,0.6350717544555664,8,50.625,42.125
HighRes TrueColor 2018 2m Graz - Kopie.png,1392,forestfragmentation,0.5952426195144653,14,58.857142857142854,47.07142857142857
HighRes TrueColor 2018 2m Graz - Kopie.png,1393,forest,0.41330093145370483,35,16.457142857142856,7.6
HighRes TrueColor 2018 2m Graz - Kopie.png,1394,forestfragmentation,0.370796799659729,26,20.307692307692307,25.26923076923077
HighRes TrueColor 2018 2m Graz - Kopie.png,1395,forestfragmentation,0.22968930006027222,6,61.5,55.0
HighRes TrueColor 2018 2m Graz - Kopie.png,1396,forestfragmentation,0.22768408060073853,17,14.941176470588236,47.8235294117647
HighRes TrueColor 2018 2m Graz - Kopie.png,1397,forestfragmentation,0.20979082584381104,7,59.285714285714285,30.571428571428573
HighRes TrueColor 2018 2m Graz - Kopie.png,1398,forest,0.9464414715766907,36,50.55555555555556,13.88888888888889
HighRes TrueColor 2018 2m Graz - Kopie.png,1399,forestfragmentation,0.6443297863006592,9,6.0,46.22222222222222
HighRes TrueColor 2018 2m Graz - Kopie.png,1400,forestfragmentation,0.5702071189880371,15,59.266666666666666,46.0
HighRes TrueColor 2018 2m Graz - Kopie.png,1401,forestfragmentation,0.5024697780609131,33,35.84848484848485,45.72727272727273
HighRes TrueColor 2018 2m Graz - Kopie.png,1402,forestfragmentation,0.4526844620704651,9,16.555555555555557,10.222222222222221
HighRes TrueColor 2018 2m Graz - Kopie.png,1403,forestfragmentation,0.42754632234573364,6,49.0,47.0
HighRes TrueColor 2018 2m Graz - Kopie.png,1404,forestfragmentation,0.3726194500923157,8,10.375,55.25
HighRes TrueColor 2018 2m Graz - Kopie.png,1405,forestfragmentation,0.3648614287376404,11,49.0,38.0
HighRes TrueColor 2018 2m Graz - Kopie.png,1406,forestfragmentation,0.2924792766571045,14,23.214285714285715,29.928571428571427
HighRes TrueColor 2018 2m Graz - Kopie.png,1407,forestfragmentation,0.23474210500717163,10,16.7,14.2
HighRes TrueColor 2018 2m Graz - Kopie.png,1408,forestfragmentation,0.22124648094177246,9,21.444444444444443,54.0
HighRes TrueColor 2018 2m Graz - Kopie.png,1409,forest,0.9464414715766907,36,50.55555555555556,13.88888888888889
HighRes TrueColor 2018 2m Graz - Kopie.png,1410,forestfragmentation,0.6443297863006592,9,6.0,46.22222222222222
HighRes TrueColor 2018 2m Graz - Kopie.png,1411,forestfragmentation,0.5702071189880371,15,59.266666666666666,46.0
HighRes TrueColor 2018 2m Graz - Kopie.png,1412,forestfragmentation,0.5024697780609131,33,35.84848484848485,45.72727272727273
HighRes TrueColor 2018 2m Graz - Kopie.png,1413,forestfragmentation,0.4526844620704651,9,16.555555555555557,10.222222222222221
HighRes TrueColor 2018 2m Graz - Kopie.png,1414,forestfragmentation,0.42754632234573364,6,49.0,47.0
HighRes TrueColor 2018 2m Graz - Kopie.png,1415,forestfragmentation,0.3726194500923157,8,10.375,55.25
HighRes TrueColor 2018 2m Graz - Kopie.png,1416,forestfragmentation,0.3648614287376404,11,49.0,38.0
HighRes TrueColor 2018 2m Graz - Kopie.png,1417,forestfragmentation,0.2924792766571045,14,23.214285714285715,29.928571428571427
HighRes TrueColor 2018 2m Graz - Kopie.png,1418,forestfragmentation,0.23474210500717163,10,16.7,14.2
HighRes TrueColor 2018 2m Graz - Kopie.png,1419,forestfragmentation,0.22124648094177246,9,21.444444444444443,54.0
HighRes TrueColor 2018 2m Graz - Kopie.png,1420,forest,0.5969301462173462,31,39.935483870967744,22.741935483870968
HighRes TrueColor 2018 2m Graz - Kopie.png,1421,forestfragmentation,0.2904921770095825,5,24.8,58.6
HighRes TrueColor 2018 2m Graz - Kopie.png,1422,forestfragmentation,0.2861366271972656,11,14.0,59.63636363636363
HighRes TrueColor 2018 2m Graz - Kopie.png,1423,forestfragmentation,0.2611691951751709,10,38.5,15.1
HighRes TrueColor 2018 2m Graz - Kopie.png,1424,forest,0.5969301462173462,31,39.935483870967744,22.741935483870968
HighRes TrueColor 2018 2m Graz - Kopie.png,1425,forestfragmentation,0.2904921770095825,5,24.8,58.6
HighRes TrueColor 2018 2m Graz - Kopie.png,1426,forestfragmentation,0.2861366271972656,11,14.0,59.63636363636363
HighRes TrueColor 2018 2m Graz - Kopie.png,1427,forestfragmentation,0.2611691951751709,10,38.5,15.1
HighRes TrueColor 2018 2m Graz - Kopie.png,1428,forest,0.3865991234779358,48,43.895833333333336,50.4375
HighRes TrueColor 2018 2m Graz - Kopie.png,1429,forestfragmentation,0.34428834915161133,18,47.166666666666664,16.555555555555557
HighRes TrueColor 2018 2m Graz - Kopie.png,1430,forest,0.24707508087158203,10,6.6,60.2
HighRes TrueColor 2018 2m Graz - Kopie.png,1431,forest,0.21044695377349854,99,26.09090909090909,47.676767676767675
HighRes TrueColor 2018 2m Graz - Kopie.png,1432,forest,0.3865991234779358,48,43.895833333333336,50.4375
HighRes TrueColor 2018 2m Graz - Kopie.png,1433,forestfragmentation,0.34428834915161133,18,47.166666666666664,16.555555555555557
HighRes TrueColor 2018 2m Graz - Kopie.png,1434,forest,0.24707508087158203,10,6.6,60.2
HighRes TrueColor 2018 2m Graz - Kopie.png,1435,forest,0.21044695377349854,99,26.09090909090909,47.676767676767675
HighRes TrueColor 2018 2m Graz - Kopie.png,1436,forest,0.8894655108451843,39,25.025641025641026,47.46153846153846
HighRes TrueColor 2018 2m Graz - Kopie.png,1437,forestfragmentation,0.5618140697479248,10,29.4,8.8
HighRes TrueColor 2018 2m Graz - Kopie.png,1438,forestfragmentation,0.3709290027618408,19,50.21052631578947,7.947368421052632
HighRes TrueColor 2018 2m Graz - Kopie.png,1439,forestfragmentation,0.2629724144935608,12,54.166666666666664,46.833333333333336
HighRes TrueColor 2018 2m Graz - Kopie.png,1440,forestfragmentation,0.23784905672073364,10,56.2,15.3
HighRes TrueColor 2018 2m Graz - Kopie.png,1441,forestfragmentation,0.21558845043182373,7,36.142857142857146,1.0
HighRes TrueColor 2018 2m Graz - Kopie.png,1442,forest,0.8894655108451843,39,25.025641025641026,47.46153846153846
HighRes TrueColor 2018 2m Graz - Kopie.png,1443,forestfragmentation,0.5618140697479248,10,29.4,8.8
HighRes TrueColor 2018 2m Graz - Kopie.png,1444,forestfragmentation,0.3709290027618408,19,50.21052631578947,7.947368421052632
HighRes TrueColor 2018 2m Graz - Kopie.png,1445,forestfragmentation,0.2629724144935608,12,54.166666666666664,46.833333333333336
HighRes TrueColor 2018 2m Graz - Kopie.png,1446,forestfragmentation,0.23784905672073364,10,56.2,15.3
HighRes TrueColor 2018 2m Graz - Kopie.png,1447,forestfragmentation,0.21558845043182373,7,36.142857142857146,1.0
HighRes TrueColor 2018 2m Graz - Kopie.png,1448,forest,0.8728286027908325,4,31.5,31.5
HighRes TrueColor 2018 2m Graz - Kopie.png,1449,forestfragmentation,0.619125485420227,13,55.84615384615385,20.923076923076923
HighRes TrueColor 2018 2m Graz - Kopie.png,1450,forestfragmentation,0.5354109406471252,11,2.727272727272727,47.09090909090909
HighRes TrueColor 2018 2m Graz - Kopie.png,1451,forestfragmentation,0.499492883682251,14,48.42857142857143,8.0
HighRes TrueColor 2018 2m Graz - Kopie.png,1452,forestfragmentation,0.4855377674102783,16,40.625,52.5625
HighRes TrueColor 2018 2m Graz - Kopie.png,1453,forestfragmentation,0.39997804164886475,17,19.176470588235293,41.1764705882353
HighRes TrueColor 2018 2m Graz - Kopie.png,1454,forestfragmentation,0.38024765253067017,10,31.2,46.2
HighRes TrueColor 2018 2m Graz - Kopie.png,1455,forestfragmentation,0.339200496673584,8,51.75,25.5
HighRes TrueColor 2018 2m Graz - Kopie.png,1456,forestfragmentation,0.3350642919540405,10,4.3,15.4
HighRes TrueColor 2018 2m Graz - Kopie.png,1457,forestfragmentation,0.273779034614563,11,41.63636363636363,27.818181818181817
HighRes TrueColor 2018 2m Graz - Kopie.png,1458,forestfragmentation,0.25771838426589966,6,29.833333333333332,1.8333333333333333
HighRes TrueColor 2018 2m Graz - Kopie.png,1459,forestfragmentation,0.2534230947494507,9,4.777777777777778,41.111111111111114
HighRes TrueColor 2018 2m Graz - Kopie.png,1460,forestfragmentation,0.21540558338165283,11,60.63636363636363,37.54545454545455
HighRes TrueColor 2018 2m Graz - Kopie.png,1461,forestfragmentation,0.20071721076965332,21,6.142857142857143,11.047619047619047
HighRes TrueColor 2018 2m Graz - Kopie.png,1462,forest,0.8728286027908325,4,31.5,31.5
HighRes TrueColor 2018 2m Graz - Kopie.png,1463,forestfragmentation,0.619125485420227,13,55.84615384615385,20.923076923076923
HighRes TrueColor 2018 2m Graz - Kopie.png,1464,forestfragmentation,0.5354109406471252,11,2.727272727272727,47.09090909090909
HighRes TrueColor 2018 2m Graz - Kopie.png,1465,forestfragmentation,0.499492883682251,14,48.42857142857143,8.0
HighRes TrueColor 2018 2m Graz - Kopie.png,1466,forestfragmentation,0.4855377674102783,16,40.625,52.5625
HighRes TrueColor 2018 2m Graz - Kopie.png,1467,forestfragmentation,0.39997804164886475,17,19.176470588235293,41.1764705882353
HighRes TrueColor 2018 2m Graz - Kopie.png,1468,forestfragmentation,0.38024765253067017,10,31.2,46.2
HighRes TrueColor 2018 2m Graz - Kopie.png,1469,forestfragmentation,0.339200496673584,8,51.75,25.5
HighRes TrueColor 2018 2m Graz - Kopie.png,1470,forestfragmentation,0.3350642919540405,10,4.3,15.4
HighRes TrueColor 2018 2m Graz - Kopie.png,1471,forestfragmentation,0.273779034614563,11,41.63636363636363,27.818181818181817
HighRes TrueColor 2018 2m Graz - Kopie.png,1472,forestfragmentation,0.25771838426589966,6,29.833333333333332,1.8333333333333333
HighRes TrueColor 2018 2m Graz - Kopie.png,1473,forestfragmentation,0.2534230947494507,9,4.777777777777778,41.111111111111114
HighRes TrueColor 2018 2m Graz - Kopie.png,1474,forestfragmentation,0.21540558338165283,11,60.63636363636363,37.54545454545455
HighRes TrueColor 2018 2m Graz - Kopie.png,1475,forestfragmentation,0.20071721076965332,21,6.142857142857143,11.047619047619047
HighRes TrueColor 2018 2m Graz - Kopie.png,1476,forest,0.9035226702690125,15,39.333333333333336,13.666666666666666
HighRes TrueColor 2018 2m Graz - Kopie.png,1477,forestfragmentation,0.4327962398529053,10,13.0,21.1
HighRes TrueColor 2018 2m Graz - Kopie.png,1478,forestfragmentation,0.22688746452331543,12,23.75,19.25
HighRes TrueColor 2018 2m Graz - Kopie.png,1479,forestfragmentation,0.22639310359954834,15,8.266666666666667,9.8
HighRes TrueColor 2018 2m Graz - Kopie.png,1480,forest,0.9035226702690125,15,39.333333333333336,13.666666666666666
HighRes TrueColor 2018 2m Graz - Kopie.png,1481,forestfragmentation,0.4327962398529053,10,13.0,21.1
HighRes TrueColor 2018 2m Graz - Kopie.png,1482,forestfragmentation,0.22688746452331543,12,23.75,19.25
HighRes TrueColor 2018 2m Graz - Kopie.png,1483,forestfragmentation,0.22639310359954834,15,8.266666666666667,9.8
HighRes TrueColor 2018 2m Graz - Kopie.png,1484,forest,0.8922852873802185,61,21.868852459016395,22.65573770491803
HighRes TrueColor 2018 2m Graz - Kopie.png,1485,forestfragmentation,0.515598475933075,7,59.857142857142854,43.857142857142854
HighRes TrueColor 2018 2m Graz - Kopie.png,1486,forest,0.8922852873802185,61,21.868852459016395,22.65573770491803
HighRes TrueColor 2018 2m Graz - Kopie.png,1487,forestfragmentation,0.515598475933075,7,59.857142857142854,43.857142857142854
HighRes TrueColor 2018 2m Graz - Kopie.png,1488,forest,0.8683781623840332,68,29.323529411764707,46.38235294117647
HighRes TrueColor 2018 2m Graz - Kopie.png,1489,forestfragmentation,0.6351649761199951,22,12.272727272727273,45.04545454545455
HighRes TrueColor 2018 2m Graz - Kopie.png,1490,forestfragmentation,0.5103279948234558,11,24.09090909090909,15.545454545454545
HighRes TrueColor 2018 2m Graz - Kopie.png,1491,forestfragmentation,0.45055723190307617,12,13.666666666666666,54.166666666666664
HighRes TrueColor 2018 2m Graz - Kopie.png,1492,forestfragmentation,0.3431771397590637,7,2.2857142857142856,61.42857142857143
HighRes TrueColor 2018 2m Graz - Kopie.png,1493,forestfragmentation,0.34176743030548096,13,48.69230769230769,2.5384615384615383
HighRes TrueColor 2018 2m Graz - Kopie.png,1494,forestfragmentation,0.31530070304870605,5,38.4,18.0
HighRes TrueColor 2018 2m Graz - Kopie.png,1495,forestfragmentation,0.2605936527252197,6,1.5,43.0
HighRes TrueColor 2018 2m Graz - Kopie.png,1496,forestfragmentation,0.21565771102905273,8,20.375,2.125
HighRes TrueColor 2018 2m Graz - Kopie.png,1497,forestfragmentation,0.21021592617034912,19,12.578947368421053,28.263157894736842
HighRes TrueColor 2018 2m Graz - Kopie.png,1498,forestfragmentation,0.20739078521728516,11,61.45454545454545,20.545454545454547
HighRes TrueColor 2018 2m Graz - Kopie.png,1499,forestfragmentation,0.20178067684173584,5,3.6,52.6
HighRes TrueColor 2018 2m Graz - Kopie.png,1500,forest,0.8683781623840332,68,29.323529411764707,46.38235294117647
HighRes TrueColor 2018 2m Graz - Kopie.png,1501,forestfragmentation,0.6351649761199951,22,12.272727272727273,45.04545454545455
HighRes TrueColor 2018 2m Graz - Kopie.png,1502,forestfragmentation,0.5103279948234558,11,24.09090909090909,15.545454545454545
HighRes TrueColor 2018 2m Graz - Kopie.png,1503,forestfragmentation,0.45055723190307617,12,13.666666666666666,54.166666666666664
HighRes TrueColor 2018 2m Graz - Kopie.png,1504,forestfragmentation,0.3431771397590637,7,2.2857142857142856,61.42857142857143
HighRes TrueColor 2018 2m Graz - Kopie.png,1505,forestfragmentation,0.34176743030548096,13,48.69230769230769,2.5384615384615383
HighRes TrueColor 2018 2m Graz - Kopie.png,1506,forestfragmentation,0.31530070304870605,5,38.4,18.0
HighRes TrueColor 2018 2m Graz - Kopie.png,1507,forestfragmentation,0.2605936527252197,6,1.5,43.0
HighRes TrueColor 2018 2m Graz - Kopie.png,1508,forestfragmentation,0.21565771102905273,8,20.375,2.125
HighRes TrueColor 2018 2m Graz - Kopie.png,1509,forestfragmentation,0.21021592617034912,19,12.578947368421053,28.263157894736842
HighRes TrueColor 2018 2m Graz - Kopie.png,1510,forestfragmentation,0.20739078521728516,11,61.45454545454545,20.545454545454547
HighRes TrueColor 2018 2m Graz - Kopie.png,1511,forestfragmentation,0.20178067684173584,5,3.6,52.6
HighRes TrueColor 2018 2m Graz - Kopie.png,1512,forest,0.7764740586280823,68,22.41176470588235,40.25
HighRes TrueColor 2018 2m Graz - Kopie.png,1513,forest,0.5628486275672913,29,53.6551724137931,40.13793103448276
HighRes TrueColor 2018 2m Graz - Kopie.png,1514,forestfragmentation,0.32294660806655884,8,21.625,38.25
HighRes TrueColor 2018 2m Graz - Kopie.png,1515,forest,0.23876315355300903,8,51.125,61.25
HighRes TrueColor 2018 2m Graz - Kopie.png,1516,forest,0.7764740586280823,68,22.41176470588235,40.25
HighRes TrueColor 2018 2m Graz - Kopie.png,1517,forest,0.5628486275672913,29,53.6551724137931,40.13793103448276
HighRes TrueColor 2018 2m Graz - Kopie.png,1518,forestfragmentation,0.32294660806655884,8,21.625,38.25
HighRes TrueColor 2018 2m Graz - Kopie.png,1519,forest,0.23876315355300903,8,51.125,61.25
HighRes TrueColor 2018 2m Graz - Kopie.png,1520,forest,0.565406084060669,29,3.2413793103448274,41.13793103448276
HighRes TrueColor 2018 2m Graz - Kopie.png,1521,forest,0.554620623588562,18,39.22222222222222,32.5
HighRes TrueColor 2018 2m Graz - Kopie.png,1522,forest,0.5110827088356018,51,19.705882352941178,52.0
HighRes TrueColor 2018 2m Graz - Kopie.png,1523,forest,0.49534332752227783,18,58.94444444444444,57.94444444444444
HighRes TrueColor 2018 2m Graz - Kopie.png,1524,forest,0.3429177403450012,41,23.78048780487805,5.341463414634147
HighRes TrueColor 2018 2m Graz - Kopie.png,1525,forest,0.24681830406188965,10,59.7,46.6
HighRes TrueColor 2018 2m Graz - Kopie.png,1526,forest,0.565406084060669,29,3.2413793103448274,41.13793103448276
HighRes TrueColor 2018 2m Graz - Kopie.png,1527,forest,0.554620623588562,18,39.22222222222222,32.5
HighRes TrueColor 2018 2m Graz - Kopie.png,1528,forest,0.5110827088356018,51,19.705882352941178,52.0
HighRes TrueColor 2018 2m Graz - Kopie.png,1529,forest,0.49534332752227783,18,58.94444444444444,57.94444444444444
HighRes TrueColor 2018 2m Graz - Kopie.png,1530,forest,0.3429177403450012,41,23.78048780487805,5.341463414634147
HighRes TrueColor 2018 2m Graz - Kopie.png,1531,forest,0.24681830406188965,10,59.7,46.6
HighRes TrueColor 2018 2m Graz - Kopie.png,1532,forest,0.6865829229354858,23,56.52173913043478,45.391304347826086
HighRes TrueColor 2018 2m Graz - Kopie.png,1533,forest,0.6800861358642578,25,57.68,5.84
HighRes TrueColor 2018 2m Graz - Kopie.png,1534,forest,0.4852776527404785,16,30.5625,33.1875
HighRes TrueColor 2018 2m Graz - Kopie.png,1535,forest,0.4631209373474121,31,18.387096774193548,3.5483870967741935
HighRes TrueColor 2018 2m Graz - Kopie.png,1536,forest,0.35630834102630615,43,14.325581395348838,52.116279069767444
HighRes TrueColor 2018 2m Graz - Kopie.png,1537,forest,0.26025259494781494,16,4.875,30.9375
HighRes TrueColor 2018 2m Graz - Kopie.png,1538,forest,0.6865829229354858,23,56.52173913043478,45.391304347826086
HighRes TrueColor 2018 2m Graz - Kopie.png,1539,forest,0.6800861358642578,25,57.68,5.84
HighRes TrueColor 2018 2m Graz - Kopie.png,1540,forest,0.4852776527404785,16,30.5625,33.1875
HighRes TrueColor 2018 2m Graz - Kopie.png,1541,forest,0.4631209373474121,31,18.387096774193548,3.5483870967741935
HighRes TrueColor 2018 2m Graz - Kopie.png,1542,forest,0.35630834102630615,43,14.325581395348838,52.116279069767444
HighRes TrueColor 2018 2m Graz - Kopie.png,1543,forest,0.26025259494781494,16,4.875,30.9375
HighRes TrueColor 2018 2m Graz - Kopie.png,1544,forest,0.7716612219810486,34,43.6764705882353,53.05882352941177
HighRes TrueColor 2018 2m Graz - Kopie.png,1545,forest,0.6489698886871338,102,19.705882352941178,21.274509803921568
HighRes TrueColor 2018 2m Graz - Kopie.png,1546,forestfragmentation,0.3644779920578003,15,17.066666666666666,11.533333333333333
HighRes TrueColor 2018 2m Graz - Kopie.png,1547,forestfragmentation,0.3506097197532654,15,25.2,3.7333333333333334
HighRes TrueColor 2018 2m Graz - Kopie.png,1548,forest,0.2937319874763489,12,22.583333333333332,59.833333333333336
HighRes TrueColor 2018 2m Graz - Kopie.png,1549,forestfragmentation,0.2896798849105835,7,51.142857142857146,50.714285714285715
HighRes TrueColor 2018 2m Graz - Kopie.png,1550,forestfragmentation,0.26964271068573,13,25.846153846153847,23.923076923076923
HighRes TrueColor 2018 2m Graz - Kopie.png,1551,forestfragmentation,0.25900202989578247,32,9.84375,21.625
HighRes TrueColor 2018 2m Graz - Kopie.png,1552,forest,0.7716612219810486,34,43.6764705882353,53.05882352941177
HighRes TrueColor 2018 2m Graz - Kopie.png,1553,forest,0.6489698886871338,102,19.705882352941178,21.274509803921568
HighRes TrueColor 2018 2m Graz - Kopie.png,1554,forestfragmentation,0.3644779920578003,15,17.066666666666666,11.533333333333333
HighRes TrueColor 2018 2m Graz - Kopie.png,1555,forestfragmentation,0.3506097197532654,15,25.2,3.7333333333333334
HighRes TrueColor 2018 2m Graz - Kopie.png,1556,forest,0.2937319874763489,12,22.583333333333332,59.833333333333336
HighRes TrueColor 2018 2m Graz - Kopie.png,1557,forestfragmentation,0.2896798849105835,7,51.142857142857146,50.714285714285715
HighRes TrueColor 2018 2m Graz - Kopie.png,1558,forestfragmentation,0.26964271068573,13,25.846153846153847,23.923076923076923
HighRes TrueColor 2018 2m Graz - Kopie.png,1559,forestfragmentation,0.25900202989578247,32,9.84375,21.625
HighRes TrueColor 2018 2m Graz - Kopie.png,1560,forest,0.6832571625709534,62,46.62903225806452,16.274193548387096
HighRes TrueColor 2018 2m Graz - Kopie.png,1561,forest,0.6832571625709534,62,46.62903225806452,16.274193548387096
HighRes TrueColor 2018 2m Graz - Kopie.png,1562,forest,0.6781343817710876,14,58.214285714285715,56.0
HighRes TrueColor 2018 2m Graz - Kopie.png,1563,forest,0.5706881284713745,35,12.257142857142858,5.685714285714286
HighRes TrueColor 2018 2m Graz - Kopie.png,1564,forest,0.5156230330467224,56,40.910714285714285,36.67857142857143
HighRes TrueColor 2018 2m Graz - Kopie.png,1565,forest,0.4970359802246094,40,38.925,15.6
HighRes TrueColor 2018 2m Graz - Kopie.png,1566,forest,0.25533121824264526,22,5.863636363636363,30.318181818181817
HighRes TrueColor 2018 2m Graz - Kopie.png,1567,forest,0.6781343817710876,14,58.214285714285715,56.0
HighRes TrueColor 2018 2m Graz - Kopie.png,1568,forest,0.5706881284713745,35,12.257142857142858,5.685714285714286
HighRes TrueColor 2018 2m Graz - Kopie.png,1569,forest,0.5156230330467224,56,40.910714285714285,36.67857142857143
HighRes TrueColor 2018 2m Graz - Kopie.png,1570,forest,0.4970359802246094,40,38.925,15.6
HighRes TrueColor 2018 2m Graz - Kopie.png,1571,forest,0.25533121824264526,22,5.863636363636363,30.318181818181817
HighRes TrueColor 2018 2m Graz - Kopie.png,1572,forestfragmentation,0.7320156693458557,34,51.6764705882353,10.117647058823529
HighRes TrueColor 2018 2m Graz - Kopie.png,1573,forest,0.6451007723808289,19,52.36842105263158,58.31578947368421
HighRes TrueColor 2018 2m Graz - Kopie.png,1574,forest,0.5097554326057434,16,3.0625,20.625
HighRes TrueColor 2018 2m Graz - Kopie.png,1575,forest,0.3017306923866272,13,11.846153846153847,3.769230769230769
HighRes TrueColor 2018 2m Graz - Kopie.png,1576,forest,0.27540820837020874,47,23.361702127659573,51.787234042553195
HighRes TrueColor 2018 2m Graz - Kopie.png,1577,forest,0.24150657653808594,117,33.572649572649574,18.726495726495727
HighRes TrueColor 2018 2m Graz - Kopie.png,1578,forestfragmentation,0.7320156693458557,34,51.6764705882353,10.117647058823529
HighRes TrueColor 2018 2m Graz - Kopie.png,1579,forest,0.6451007723808289,19,52.36842105263158,58.31578947368421
HighRes TrueColor 2018 2m Graz - Kopie.png,1580,forest,0.5097554326057434,16,3.0625,20.625
HighRes TrueColor 2018 2m Graz - Kopie.png,1581,forest,0.3017306923866272,13,11.846153846153847,3.769230769230769
HighRes TrueColor 2018 2m Graz - Kopie.png,1582,forest,0.27540820837020874,47,23.361702127659573,51.787234042553195
HighRes TrueColor 2018 2m Graz - Kopie.png,1583,forest,0.24150657653808594,117,33.572649572649574,18.726495726495727
HighRes TrueColor 2018 2m Graz - Kopie.png,1584,forest,0.8434212803840637,59,17.966101694915253,37.76271186440678
HighRes TrueColor 2018 2m Graz - Kopie.png,1585,forestfragmentation,0.518888533115387,17,22.41176470588235,17.470588235294116
HighRes TrueColor 2018 2m Graz - Kopie.png,1586,forestfragmentation,0.497086763381958,16,56.375,20.375
HighRes TrueColor 2018 2m Graz - Kopie.png,1587,forestfragmentation,0.4256954789161682,34,39.23529411764706,10.294117647058824
HighRes TrueColor 2018 2m Graz - Kopie.png,1588,forestfragmentation,0.2645382285118103,12,47.666666666666664,30.0
HighRes TrueColor 2018 2m Graz - Kopie.png,1589,forest,0.8434212803840637,59,17.966101694915253,37.76271186440678
HighRes TrueColor 2018 2m Graz - Kopie.png,1590,forestfragmentation,0.518888533115387,17,22.41176470588235,17.470588235294116
HighRes TrueColor 2018 2m Graz - Kopie.png,1591,forestfragmentation,0.497086763381958,16,56.375,20.375
HighRes TrueColor 2018 2m Graz - Kopie.png,1592,forestfragmentation,0.4256954789161682,34,39.23529411764706,10.294117647058824
HighRes TrueColor 2018 2m Graz - Kopie.png,1593,forestfragmentation,0.2645382285118103,12,47.666666666666664,30.0
HighRes TrueColor 2018 2m Graz - Kopie.png,1594,forest,0.9037065505981445,17,9.823529411764707,43.35294117647059
HighRes TrueColor 2018 2m Graz - Kopie.png,1595,forestfragmentation,0.41894423961639404,10,46.2,47.8
HighRes TrueColor 2018 2m Graz - Kopie.png,1596,forestfragmentation,0.4003552794456482,11,11.0,3.0
HighRes TrueColor 2018 2m Graz - Kopie.png,1597,forestfragmentation,0.3186580538749695,14,46.0,57.0
HighRes TrueColor 2018 2m Graz - Kopie.png,1598,forestfragmentation,0.27698689699172974,19,6.0,21.473684210526315
HighRes TrueColor 2018 2m Graz - Kopie.png,1599,forestfragmentation,0.24751830101013184,9,57.44444444444444,9.666666666666666
HighRes TrueColor 2018 2m Graz - Kopie.png,1600,forestfragmentation,0.23756611347198486,6,61.666666666666664,12.333333333333334
HighRes TrueColor 2018 2m Graz - Kopie.png,1601,forestfragmentation,0.2149655818939209,6,58.666666666666664,1.8333333333333333
HighRes TrueColor 2018 2m Graz - Kopie.png,1602,forest,0.9037065505981445,17,9.823529411764707,43.35294117647059
HighRes TrueColor 2018 2m Graz - Kopie.png,1603,forestfragmentation,0.41894423961639404,10,46.2,47.8
HighRes TrueColor 2018 2m Graz - Kopie.png,1604,forestfragmentation,0.4003552794456482,11,11.0,3.0
HighRes TrueColor 2018 2m Graz - Kopie.png,1605,forestfragmentation,0.3186580538749695,14,46.0,57.0
HighRes TrueColor 2018 2m Graz - Kopie.png,1606,forestfragmentation,0.27698689699172974,19,6.0,21.473684210526315
HighRes TrueColor 2018 2m Graz - Kopie.png,1607,forestfragmentation,0.24751830101013184,9,57.44444444444444,9.666666666666666
HighRes TrueColor 2018 2m Graz - Kopie.png,1608,forestfragmentation,0.23756611347198486,6,61.666666666666664,12.333333333333334
HighRes TrueColor 2018 2m Graz - Kopie.png,1609,forestfragmentation,0.2149655818939209,6,58.666666666666664,1.8333333333333333
HighRes TrueColor 2018 2m Graz - Kopie.png,1610,forest,0.9076414108276367,30,51.166666666666664,28.866666666666667
HighRes TrueColor 2018 2m Graz - Kopie.png,1611,forestfragmentation,0.5360463261604309,24,26.666666666666668,28.791666666666668
HighRes TrueColor 2018 2m Graz - Kopie.png,1612,forestfragmentation,0.40699756145477295,9,14.777777777777779,7.777777777777778
HighRes TrueColor 2018 2m Graz - Kopie.png,1613,forestfragmentation,0.3699924945831299,7,60.57142857142857,18.142857142857142
HighRes TrueColor 2018 2m Graz - Kopie.png,1614,forestfragmentation,0.33598560094833374,8,59.5,14.5
HighRes TrueColor 2018 2m Graz - Kopie.png,1615,forestfragmentation,0.25669223070144653,4,22.0,39.0
HighRes TrueColor 2018 2m Graz - Kopie.png,1616,forestfragmentation,0.247533917427063,34,27.352941176470587,48.205882352941174
HighRes TrueColor 2018 2m Graz - Kopie.png,1617,forestfragmentation,0.2378218173980713,6,6.666666666666667,1.8333333333333333
HighRes TrueColor 2018 2m Graz - Kopie.png,1618,forestfragmentation,0.22991448640823364,5,25.2,6.6
HighRes TrueColor 2018 2m Graz - Kopie.png,1619,forestfragmentation,0.22127383947372437,9,5.444444444444445,9.666666666666666
HighRes TrueColor 2018 2m Graz - Kopie.png,1620,forest,0.9076414108276367,30,51.166666666666664,28.866666666666667
HighRes TrueColor 2018 2m Graz - Kopie.png,1621,forestfragmentation,0.5360463261604309,24,26.666666666666668,28.791666666666668
HighRes TrueColor 2018 2m Graz - Kopie.png,1622,forestfragmentation,0.40699756145477295,9,14.777777777777779,7.777777777777778
HighRes TrueColor 2018 2m Graz - Kopie.png,1623,forestfragmentation,0.3699924945831299,7,60.57142857142857,18.142857142857142
HighRes TrueColor 2018 2m Graz - Kopie.png,1624,forestfragmentation,0.33598560094833374,8,59.5,14.5
HighRes TrueColor 2018 2m Graz - Kopie.png,1625,forestfragmentation,0.25669223070144653,4,22.0,39.0
HighRes TrueColor 2018 2m Graz - Kopie.png,1626,forestfragmentation,0.247533917427063,34,27.352941176470587,48.205882352941174
HighRes TrueColor 2018 2m Graz - Kopie.png,1627,forestfragmentation,0.2378218173980713,6,6.666666666666667,1.8333333333333333
HighRes TrueColor 2018 2m Graz - Kopie.png,1628,forestfragmentation,0.22991448640823364,5,25.2,6.6
HighRes TrueColor 2018 2m Graz - Kopie.png,1629,forestfragmentation,0.22127383947372437,9,5.444444444444445,9.666666666666666
HighRes TrueColor 2018 2m Graz - Kopie.png,1630,forestfragmentation,0.4482541084289551,12,1.9166666666666667,10.5
HighRes TrueColor 2018 2m Graz - Kopie.png,1631,forest,0.4464499354362488,20,54.3,16.05
HighRes TrueColor 2018 2m Graz - Kopie.png,1632,forest,0.4356534481048584,12,36.333333333333336,2.1666666666666665
HighRes TrueColor 2018 2m Graz - Kopie.png,1633,forest,0.36935991048812866,21,44.476190476190474,1.4285714285714286
HighRes TrueColor 2018 2m Graz - Kopie.png,1634,forest,0.31567811965942383,89,17.640449438202246,27.808988764044944
HighRes TrueColor 2018 2m Graz - Kopie.png,1635,forestfragmentation,0.31366217136383057,9,7.444444444444445,14.444444444444445
HighRes TrueColor 2018 2m Graz - Kopie.png,1636,forestfragmentation,0.21043801307678223,10,9.3,18.1
HighRes TrueColor 2018 2m Graz - Kopie.png,1637,forestfragmentation,0.4482541084289551,12,1.9166666666666667,10.5
HighRes TrueColor 2018 2m Graz - Kopie.png,1638,forest,0.4464499354362488,20,54.3,16.05
HighRes TrueColor 2018 2m Graz - Kopie.png,1639,forest,0.4356534481048584,12,36.333333333333336,2.1666666666666665
HighRes TrueColor 2018 2m Graz - Kopie.png,1640,forest,0.36935991048812866,21,44.476190476190474,1.4285714285714286
HighRes TrueColor 2018 2m Graz - Kopie.png,1641,forest,0.31567811965942383,89,17.640449438202246,27.808988764044944
HighRes TrueColor 2018 2m Graz - Kopie.png,1642,forestfragmentation,0.31366217136383057,9,7.444444444444445,14.444444444444445
HighRes TrueColor 2018 2m Graz - Kopie.png,1643,forestfragmentation,0.21043801307678223,10,9.3,18.1
HighRes TrueColor 2018 2m Graz - Kopie.png,1644,forest,0.6389313340187073,138,17.31159420289855,33.82608695652174
HighRes TrueColor 2018 2m Graz - Kopie.png,1645,forestfragmentation,0.5665090084075928,27,36.55555555555556,8.851851851851851
HighRes TrueColor 2018 2m Graz - Kopie.png,1646,forestfragmentation,0.44007444381713867,4,56.0,21.0
HighRes TrueColor 2018 2m Graz - Kopie.png,1647,forestfragmentation,0.3277122378349304,10,58.5,13.6
HighRes TrueColor 2018 2m Graz - Kopie.png,1648,forestfragmentation,0.22522985935211182,11,54.36363636363637,33.09090909090909
HighRes TrueColor 2018 2m Graz - Kopie.png,1649,forest,0.6389313340187073,138,17.31159420289855,33.82608695652174
HighRes TrueColor 2018 2m Graz - Kopie.png,1650,forestfragmentation,0.5665090084075928,27,36.55555555555556,8.851851851851851
HighRes TrueColor 2018 2m Graz - Kopie.png,1651,forestfragmentation,0.44007444381713867,4,56.0,21.0
HighRes TrueColor 2018 2m Graz - Kopie.png,1652,forestfragmentation,0.3277122378349304,10,58.5,13.6
HighRes TrueColor 2018 2m Graz - Kopie.png,1653,forestfragmentation,0.22522985935211182,11,54.36363636363637,33.09090909090909
HighRes TrueColor 2018 2m Graz - Kopie.png,1654,forest,0.7474184036254883,13,38.15384615384615,22.53846153846154
HighRes TrueColor 2018 2m Graz - Kopie.png,1655,forestfragmentation,0.5052642226219177,26,12.115384615384615,54.96153846153846
HighRes TrueColor 2018 2m Graz - Kopie.png,1656,forestfragmentation,0.3472309708595276,43,40.16279069767442,21.627906976744185
HighRes TrueColor 2018 2m Graz - Kopie.png,1657,forestfragmentation,0.3183521628379822,14,19.5,25.214285714285715
HighRes TrueColor 2018 2m Graz - Kopie.png,1658,forestfragmentation,0.29920631647109985,4,4.0,21.0
HighRes TrueColor 2018 2m Graz - Kopie.png,1659,forestfragmentation,0.2865263819694519,8,55.0,14.75
HighRes TrueColor 2018 2m Graz - Kopie.png,1660,forestfragmentation,0.26259005069732666,12,13.666666666666666,41.0
HighRes TrueColor 2018 2m Graz - Kopie.png,1661,forestfragmentation,0.25186091661453247,25,7.0,29.68
HighRes TrueColor 2018 2m Graz - Kopie.png,1662,forest,0.7474184036254883,13,38.15384615384615,22.53846153846154
HighRes TrueColor 2018 2m Graz - Kopie.png,1663,forestfragmentation,0.5052642226219177,26,12.115384615384615,54.96153846153846
HighRes TrueColor 2018 2m Graz - Kopie.png,1664,forestfragmentation,0.3472309708595276,43,40.16279069767442,21.627906976744185
HighRes TrueColor 2018 2m Graz - Kopie.png,1665,forestfragmentation,0.3183521628379822,14,19.5,25.214285714285715
HighRes TrueColor 2018 2m Graz - Kopie.png,1666,forestfragmentation,0.29920631647109985,4,4.0,21.0
HighRes TrueColor 2018 2m Graz - Kopie.png,1667,forestfragmentation,0.2865263819694519,8,55.0,14.75
HighRes TrueColor 2018 2m Graz - Kopie.png,1668,forestfragmentation,0.26259005069732666,12,13.666666666666666,41.0
HighRes TrueColor 2018 2m Graz - Kopie.png,1669,forestfragmentation,0.25186091661453247,25,7.0,29.68
HighRes TrueColor 2018 2m Graz - Kopie.png,1670,forest,0.7353975772857666,10,49.8,48.8
HighRes TrueColor 2018 2m Graz - Kopie.png,1671,forestfragmentation,0.5715020298957825,22,41.31818181818182,5.545454545454546
HighRes TrueColor 2018 2m Graz - Kopie.png,1672,forestfragmentation,0.29652273654937744,19,56.73684210526316,41.05263157894737
HighRes TrueColor 2018 2m Graz - Kopie.png,1673,forestfragmentation,0.28730589151382446,16,57.5625,2.4375
HighRes TrueColor 2018 2m Graz - Kopie.png,1674,forestfragmentation,0.27904367446899414,10,33.0,42.6
HighRes TrueColor 2018 2m Graz - Kopie.png,1675,forestfragmentation,0.24494802951812744,10,2.6,15.1
HighRes TrueColor 2018 2m Graz - Kopie.png,1676,forest,0.7353975772857666,10,49.8,48.8
HighRes TrueColor 2018 2m Graz - Kopie.png,1677,forestfragmentation,0.5715020298957825,22,41.31818181818182,5.545454545454546
HighRes TrueColor 2018 2m Graz - Kopie.png,1678,forestfragmentation,0.29652273654937744,19,56.73684210526316,41.05263157894737
HighRes TrueColor 2018 2m Graz - Kopie.png,1679,forestfragmentation,0.28730589151382446,16,57.5625,2.4375
HighRes TrueColor 2018 2m Graz - Kopie.png,1680,forestfragmentation,0.27904367446899414,10,33.0,42.6
HighRes TrueColor 2018 2m Graz - Kopie.png,1681,forestfragmentation,0.24494802951812744,10,2.6,15.1
HighRes TrueColor 2018 2m Graz - Kopie.png,1682,forest,0.6821945309638977,117,28.34188034188034,29.76923076923077
HighRes TrueColor 2018 2m Graz - Kopie.png,1683,forestfragmentation,0.3893771171569824,18,4.333333333333333,41.166666666666664
HighRes TrueColor 2018 2m Graz - Kopie.png,1684,forestfragmentation,0.2995854616165161,17,41.76470588235294,5.352941176470588
HighRes TrueColor 2018 2m Graz - Kopie.png,1685,forestfragmentation,0.2214098572731018,55,38.38181818181818,55.72727272727273
HighRes TrueColor 2018 2m Graz - Kopie.png,1686,forestfragmentation,0.22118890285491943,18,56.77777777777778,14.555555555555555
HighRes TrueColor 2018 2m Graz - Kopie.png,1687,forest,0.6821945309638977,117,28.34188034188034,29.76923076923077
HighRes TrueColor 2018 2m Graz - Kopie.png,1688,forestfragmentation,0.3893771171569824,18,4.333333333333333,41.166666666666664
HighRes TrueColor 2018 2m Graz - Kopie.png,1689,forestfragmentation,0.2995854616165161,17,41.76470588235294,5.352941176470588
HighRes TrueColor 2018 2m Graz - Kopie.png,1690,forestfragmentation,0.2214098572731018,55,38.38181818181818,55.72727272727273
HighRes TrueColor 2018 2m Graz - Kopie.png,1691,forestfragmentation,0.22118890285491943,18,56.77777777777778,14.555555555555555
HighRes TrueColor 2018 2m Graz - Kopie.png,1692,forest,0.8732630014419556,102,43.490196078431374,27.372549019607842
HighRes TrueColor 2018 2m Graz - Kopie.png,1693,forestfragmentation,0.490908682346344,11,13.090909090909092,2.5454545454545454
HighRes TrueColor 2018 2m Graz - Kopie.png,1694,forestfragmentation,0.4689072370529175,10,12.0,31.2
HighRes TrueColor 2018 2m Graz - Kopie.png,1695,forestfragmentation,0.2929355502128601,18,5.0,15.166666666666666
HighRes TrueColor 2018 2m Graz - Kopie.png,1696,forest,0.8732630014419556,102,43.490196078431374,27.372549019607842
HighRes TrueColor 2018 2m Graz - Kopie.png,1697,forestfragmentation,0.490908682346344,11,13.090909090909092,2.5454545454545454
HighRes TrueColor 2018 2m Graz - Kopie.png,1698,forestfragmentation,0.4689072370529175,10,12.0,31.2
HighRes TrueColor 2018 2m Graz - Kopie.png,1699,forestfragmentation,0.2929355502128601,18,5.0,15.166666666666666
HighRes TrueColor 2018 2m Graz - Kopie.png,1700,forest,0.7225788235664368,160,29.44375,27.18125
HighRes TrueColor 2018 2m Graz - Kopie.png,1701,forest,0.7225788235664368,160,29.44375,27.18125
HighRes TrueColor 2018 2m Graz - Kopie.png,1702,forest,0.9402477145195007,94,44.734042553191486,25.52127659574468
HighRes TrueColor 2018 2m Graz - Kopie.png,1703,forestfragmentation,0.4761250615119934,15,5.733333333333333,44.266666666666666
HighRes TrueColor 2018 2m Graz - Kopie.png,1704,forestfragmentation,0.4072444438934326,7,24.0,36.857142857142854
HighRes TrueColor 2018 2m Graz - Kopie.png,1705,forestfragmentation,0.2746128439903259,45,45.55555555555556,5.6
HighRes TrueColor 2018 2m Graz - Kopie.png,1706,forest,0.9402477145195007,94,44.734042553191486,25.52127659574468
HighRes TrueColor 2018 2m Graz - Kopie.png,1707,forestfragmentation,0.4761250615119934,15,5.733333333333333,44.266666666666666
HighRes TrueColor 2018 2m Graz - Kopie.png,1708,forestfragmentation,0.4072444438934326,7,24.0,36.857142857142854
HighRes TrueColor 2018 2m Graz - Kopie.png,1709,forestfragmentation,0.2746128439903259,45,45.55555555555556,5.6
HighRes TrueColor 2018 2m Graz - Kopie.png,1710,forest,0.9197199940681458,113,41.64601769911504,28.92920353982301
HighRes TrueColor 2018 2m Graz - Kopie.png,1711,forestfragmentation,0.4520418047904968,8,14.375,36.5
HighRes TrueColor 2018 2m Graz - Kopie.png,1712,forestfragmentation,0.23540467023849487,46,37.630434782608695,5.565217391304348
HighRes TrueColor 2018 2m Graz - Kopie.png,1713,forestfragmentation,0.21929705142974854,23,8.695652173913043,10.26086956521739
HighRes TrueColor 2018 2m Graz - Kopie.png,1714,forest,0.9197199940681458,113,41.64601769911504,28.92920353982301
HighRes TrueColor 2018 2m Graz - Kopie.png,1715,forestfragmentation,0.4520418047904968,8,14.375,36.5
HighRes TrueColor 2018 2m Graz - Kopie.png,1716,forestfragmentation,0.23540467023849487,46,37.630434782608695,5.565217391304348
HighRes TrueColor 2018 2m Graz - Kopie.png,1717,forestfragmentation,0.21929705142974854,23,8.695652173913043,10.26086956521739
HighRes TrueColor 2018 2m Graz - Kopie.png,1718,forest,0.459467351436615,24,14.25,31.25
HighRes TrueColor 2018 2m Graz - Kopie.png,1719,forest,0.41093677282333374,170,34.476470588235294,27.53529411764706
HighRes TrueColor 2018 2m Graz - Kopie.png,1720,forestfragmentation,0.34851521253585815,32,41.6875,13.34375
HighRes TrueColor 2018 2m Graz - Kopie.png,1721,forestfragmentation,0.3158687949180603,5,44.6,27.8
HighRes TrueColor 2018 2m Graz - Kopie.png,1722,forestfragmentation,0.20445042848587036,18,55.388888888888886,34.388888888888886
HighRes TrueColor 2018 2m Graz - Kopie.png,1723,forest,0.459467351436615,24,14.25,31.25
HighRes TrueColor 2018 2m Graz - Kopie.png,1724,forest,0.41093677282333374,170,34.476470588235294,27.53529411764706
HighRes TrueColor 2018 2m Graz - Kopie.png,1725,forestfragmentation,0.34851521253585815,32,41.6875,13.34375
HighRes TrueColor 2018 2m Graz - Kopie.png,1726,forestfragmentation,0.3158687949180603,5,44.6,27.8
HighRes TrueColor 2018 2m Graz - Kopie.png,1727,forestfragmentation,0.20445042848587036,18,55.388888888888886,34.388888888888886
HighRes TrueColor 2018 2m Graz - Kopie.png,1728,forest,0.6667073369026184,59,23.050847457627118,38.559322033898304
HighRes TrueColor 2018 2m Graz - Kopie.png,1729,forest,0.5809215307235718,61,51.47540983606557,34.31147540983606
HighRes TrueColor 2018 2m Graz - Kopie.png,1730,forestfragmentation,0.2641761898994446,5,4.2,48.0
HighRes TrueColor 2018 2m Graz - Kopie.png,1731,forestfragmentation,0.20182400941848755,7,20.428571428571427,61.142857142857146
HighRes TrueColor 2018 2m Graz - Kopie.png,1732,forest,0.6667073369026184,59,23.050847457627118,38.559322033898304
HighRes TrueColor 2018 2m Graz - Kopie.png,1733,forest,0.5809215307235718,61,51.47540983606557,34.31147540983606
HighRes TrueColor 2018 2m Graz - Kopie.png,1734,forestfragmentation,0.2641761898994446,5,4.2,48.0
HighRes TrueColor 2018 2m Graz - Kopie.png,1735,forestfragmentation,0.20182400941848755,7,20.428571428571427,61.142857142857146
HighRes TrueColor 2018 2m Graz - Kopie.png,1736,forest,0.7635387182235718,104,28.509615384615383,36.92307692307692
HighRes TrueColor 2018 2m Graz - Kopie.png,1737,forest,0.558344304561615,31,55.96774193548387,11.290322580645162
HighRes TrueColor 2018 2m Graz - Kopie.png,1738,forestfragmentation,0.38769257068634033,41,21.170731707317074,38.31707317073171
HighRes TrueColor 2018 2m Graz - Kopie.png,1739,forestfragmentation,0.3719603419303894,7,41.57142857142857,56.857142857142854
HighRes TrueColor 2018 2m Graz - Kopie.png,1740,forestfragmentation,0.361524760723114,14,41.214285714285715,39.5
HighRes TrueColor 2018 2m Graz - Kopie.png,1741,forest,0.32845205068588257,7,22.142857142857142,5.142857142857143
HighRes TrueColor 2018 2m Graz - Kopie.png,1742,forestfragmentation,0.30623573064804077,10,9.2,56.6
HighRes TrueColor 2018 2m Graz - Kopie.png,1743,forestfragmentation,0.20467859506607056,27,53.148148148148145,55.333333333333336
HighRes TrueColor 2018 2m Graz - Kopie.png,1744,forest,0.7635387182235718,104,28.509615384615383,36.92307692307692
HighRes TrueColor 2018 2m Graz - Kopie.png,1745,forest,0.558344304561615,31,55.96774193548387,11.290322580645162
HighRes TrueColor 2018 2m Graz - Kopie.png,1746,forestfragmentation,0.38769257068634033,41,21.170731707317074,38.31707317073171
HighRes TrueColor 2018 2m Graz - Kopie.png,1747,forestfragmentation,0.3719603419303894,7,41.57142857142857,56.857142857142854
HighRes TrueColor 2018 2m Graz - Kopie.png,1748,forestfragmentation,0.361524760723114,14,41.214285714285715,39.5
HighRes TrueColor 2018 2m Graz - Kopie.png,1749,forest,0.32845205068588257,7,22.142857142857142,5.142857142857143
HighRes TrueColor 2018 2m Graz - Kopie.png,1750,forestfragmentation,0.30623573064804077,10,9.2,56.6
HighRes TrueColor 2018 2m Graz - Kopie.png,1751,forestfragmentation,0.20467859506607056,27,53.148148148148145,55.333333333333336
HighRes TrueColor 2018 2m Graz - Kopie.png,1752,forest,0.766982913017273,26,6.346153846153846,10.26923076923077
HighRes TrueColor 2018 2m Graz - Kopie.png,1753,forest,0.7192613482475281,102,27.931372549019606,41.705882352941174
HighRes TrueColor 2018 2m Graz - Kopie.png,1754,forest,0.6014597415924072,41,51.63414634146341,9.365853658536585
HighRes TrueColor 2018 2m Graz - Kopie.png,1755,forest,0.591056764125824,31,25.967741935483872,6.0
HighRes TrueColor 2018 2m Graz - Kopie.png,1756,forestfragmentation,0.2064688801765442,9,26.22222222222222,25.666666666666668
HighRes TrueColor 2018 2m Graz - Kopie.png,1757,forest,0.766982913017273,26,6.346153846153846,10.26923076923077
HighRes TrueColor 2018 2m Graz - Kopie.png,1758,forest,0.7192613482475281,102,27.931372549019606,41.705882352941174
HighRes TrueColor 2018 2m Graz - Kopie.png,1759,forest,0.6014597415924072,41,51.63414634146341,9.365853658536585
HighRes TrueColor 2018 2m Graz - Kopie.png,1760,forest,0.591056764125824,31,25.967741935483872,6.0
HighRes TrueColor 2018 2m Graz - Kopie.png,1761,forestfragmentation,0.2064688801765442,9,26.22222222222222,25.666666666666668
HighRes TrueColor 2018 2m Graz - Kopie.png,1762,forest,0.8107629418373108,170,29.958823529411763,25.53529411764706
HighRes TrueColor 2018 2m Graz - Kopie.png,1763,forestfragmentation,0.2681012749671936,23,57.130434782608695,25.652173913043477
HighRes TrueColor 2018 2m Graz - Kopie.png,1764,forestfragmentation,0.23889905214309692,60,16.683333333333334,10.95
HighRes TrueColor 2018 2m Graz - Kopie.png,1765,forestfragmentation,0.21548056602478027,9,57.888888888888886,44.55555555555556
HighRes TrueColor 2018 2m Graz - Kopie.png,1766,forest,0.8107629418373108,170,29.958823529411763,25.53529411764706
HighRes TrueColor 2018 2m Graz - Kopie.png,1767,forestfragmentation,0.2681012749671936,23,57.130434782608695,25.652173913043477
HighRes TrueColor 2018 2m Graz - Kopie.png,1768,forestfragmentation,0.23889905214309692,60,16.683333333333334,10.95
HighRes TrueColor 2018 2m Graz - Kopie.png,1769,forestfragmentation,0.21548056602478027,9,57.888888888888886,44.55555555555556
HighRes TrueColor 2018 2m Graz - Kopie.png,1770,forest,0.8939507007598877,8,18.0,47.0
HighRes TrueColor 2018 2m Graz - Kopie.png,1771,forestfragmentation,0.44103413820266724,15,54.86666666666667,17.733333333333334
HighRes TrueColor 2018 2m Graz - Kopie.png,1772,forestfragmentation,0.430225670337677,17,8.647058823529411,5.294117647058823
HighRes TrueColor 2018 2m Graz - Kopie.png,1773,forestfragmentation,0.3296496868133545,18,45.888888888888886,58.611111111111114
HighRes TrueColor 2018 2m Graz - Kopie.png,1774,forestfragmentation,0.32053691148757935,9,58.111111111111114,12.11111111111111
HighRes TrueColor 2018 2m Graz - Kopie.png,1775,forestfragmentation,0.31486642360687256,60,35.28333333333333,30.75
HighRes TrueColor 2018 2m Graz - Kopie.png,1776,forestfragmentation,0.2913302183151245,15,38.733333333333334,12.133333333333333
HighRes TrueColor 2018 2m Graz - Kopie.png,1777,forestfragmentation,0.2888287305831909,7,16.857142857142858,30.857142857142858
HighRes TrueColor 2018 2m Graz - Kopie.png,1778,forestfragmentation,0.28304558992385864,28,12.535714285714286,23.678571428571427
HighRes TrueColor 2018 2m Graz - Kopie.png,1779,forestfragmentation,0.2239910364151001,15,31.466666666666665,59.333333333333336
HighRes TrueColor 2018 2m Graz - Kopie.png,1780,forestfragmentation,0.2239801287651062,4,31.0,13.5
HighRes TrueColor 2018 2m Graz - Kopie.png,1781,forestfragmentation,0.21393805742263794,4,3.5,62.0
HighRes TrueColor 2018 2m Graz - Kopie.png,1782,forest,0.8939507007598877,8,18.0,47.0
HighRes TrueColor 2018 2m Graz - Kopie.png,1783,forestfragmentation,0.44103413820266724,15,54.86666666666667,17.733333333333334
HighRes TrueColor 2018 2m Graz - Kopie.png,1784,forestfragmentation,0.430225670337677,17,8.647058823529411,5.294117647058823
HighRes TrueColor 2018 2m Graz - Kopie.png,1785,forestfragmentation,0.3296496868133545,18,45.888888888888886,58.611111111111114
HighRes TrueColor 2018 2m Graz - Kopie.png,1786,forestfragmentation,0.32053691148757935,9,58.111111111111114,12.11111111111111
HighRes TrueColor 2018 2m Graz - Kopie.png,1787,forestfragmentation,0.31486642360687256,60,35.28333333333333,30.75
HighRes TrueColor 2018 2m Graz - Kopie.png,1788,forestfragmentation,0.2913302183151245,15,38.733333333333334,12.133333333333333
HighRes TrueColor 2018 2m Graz - Kopie.png,1789,forestfragmentation,0.2888287305831909,7,16.857142857142858,30.857142857142858
HighRes TrueColor 2018 2m Graz - Kopie.png,1790,forestfragmentation,0.28304558992385864,28,12.535714285714286,23.678571428571427
HighRes TrueColor 2018 2m Graz - Kopie.png,1791,forestfragmentation,0.2239910364151001,15,31.466666666666665,59.333333333333336
HighRes TrueColor 2018 2m Graz - Kopie.png,1792,forestfragmentation,0.2239801287651062,4,31.0,13.5
HighRes TrueColor 2018 2m Graz - Kopie.png,1793,forestfragmentation,0.21393805742263794,4,3.5,62.0
HighRes TrueColor 2018 2m Graz - Kopie.png,1794,forest,0.8877280354499817,31,54.45161290322581,19.032258064516128
HighRes TrueColor 2018 2m Graz - Kopie.png,1795,forestfragmentation,0.5139024257659912,9,2.7777777777777777,18.0
HighRes TrueColor 2018 2m Graz - Kopie.png,1796,forestfragmentation,0.472917377948761,9,6.222222222222222,12.11111111111111
HighRes TrueColor 2018 2m Graz - Kopie.png,1797,forestfragmentation,0.45269209146499634,11,16.454545454545453,40.36363636363637
HighRes TrueColor 2018 2m Graz - Kopie.png,1798,forestfragmentation,0.4390066862106323,8,23.0,19.5
HighRes TrueColor 2018 2m Graz - Kopie.png,1799,forestfragmentation,0.39570415019989014,19,50.63157894736842,21.05263157894737
HighRes TrueColor 2018 2m Graz - Kopie.png,1800,forestfragmentation,0.3324531316757202,19,41.78947368421053,54.31578947368421
HighRes TrueColor 2018 2m Graz - Kopie.png,1801,forestfragmentation,0.27365612983703613,28,22.178571428571427,28.357142857142858
HighRes TrueColor 2018 2m Graz - Kopie.png,1802,forestfragmentation,0.2689974904060364,5,54.0,32.0
HighRes TrueColor 2018 2m Graz - Kopie.png,1803,forestfragmentation,0.23783034086227417,6,11.666666666666666,47.833333333333336
HighRes TrueColor 2018 2m Graz - Kopie.png,1804,forest,0.8877280354499817,31,54.45161290322581,19.032258064516128
HighRes TrueColor 2018 2m Graz - Kopie.png,1805,forestfragmentation,0.5139024257659912,9,2.7777777777777777,18.0
HighRes TrueColor 2018 2m Graz - Kopie.png,1806,forestfragmentation,0.472917377948761,9,6.222222222222222,12.11111111111111
HighRes TrueColor 2018 2m Graz - Kopie.png,1807,forestfragmentation,0.45269209146499634,11,16.454545454545453,40.36363636363637
HighRes TrueColor 2018 2m Graz - Kopie.png,1808,forestfragmentation,0.4390066862106323,8,23.0,19.5
HighRes TrueColor 2018 2m Graz - Kopie.png,1809,forestfragmentation,0.39570415019989014,19,50.63157894736842,21.05263157894737
HighRes TrueColor 2018 2m Graz - Kopie.png,1810,forestfragmentation,0.3324531316757202,19,41.78947368421053,54.31578947368421
HighRes TrueColor 2018 2m Graz - Kopie.png,1811,forestfragmentation,0.27365612983703613,28,22.178571428571427,28.357142857142858
HighRes TrueColor 2018 2m Graz - Kopie.png,1812,forestfragmentation,0.2689974904060364,5,54.0,32.0
HighRes TrueColor 2018 2m Graz - Kopie.png,1813,forestfragmentation,0.23783034086227417,6,11.666666666666666,47.833333333333336
HighRes TrueColor 2018 2m Graz - Kopie.png,1814,forest,0.5997476577758789,18,53.833333333333336,45.333333333333336
HighRes TrueColor 2018 2m Graz - Kopie.png,1815,forestfragmentation,0.46411675214767456,9,45.44444444444444,60.22222222222222
HighRes TrueColor 2018 2m Graz - Kopie.png,1816,forestfragmentation,0.26034557819366455,11,24.272727272727273,29.90909090909091
HighRes TrueColor 2018 2m Graz - Kopie.png,1817,forestfragmentation,0.22991740703582764,6,28.0,56.5
HighRes TrueColor 2018 2m Graz - Kopie.png,1818,forest,0.5997476577758789,18,53.833333333333336,45.333333333333336
HighRes TrueColor 2018 2m Graz - Kopie.png,1819,forestfragmentation,0.46411675214767456,9,45.44444444444444,60.22222222222222
HighRes TrueColor 2018 2m Graz - Kopie.png,1820,forestfragmentation,0.26034557819366455,11,24.272727272727273,29.90909090909091
HighRes TrueColor 2018 2m Graz - Kopie.png,1821,forestfragmentation,0.22991740703582764,6,28.0,56.5
HighRes TrueColor 2018 2m Graz - Kopie.png,1822,forest,0.5287411212921143,86,38.96511627906977,53.848837209302324
HighRes TrueColor 2018 2m Graz - Kopie.png,1823,forest,0.3383205533027649,37,9.297297297297296,33.189189189189186
HighRes TrueColor 2018 2m Graz - Kopie.png,1824,forest,0.2677801847457886,98,30.193877551020407,23.897959183673468
HighRes TrueColor 2018 2m Graz - Kopie.png,1825,forestfragmentation,0.2370058298110962,8,11.875,15.375
HighRes TrueColor 2018 2m Graz - Kopie.png,1826,forest,0.5287411212921143,86,38.96511627906977,53.848837209302324
HighRes TrueColor 2018 2m Graz - Kopie.png,1827,forest,0.3383205533027649,37,9.297297297297296,33.189189189189186
HighRes TrueColor 2018 2m Graz - Kopie.png,1828,forest,0.2677801847457886,98,30.193877551020407,23.897959183673468
HighRes TrueColor 2018 2m Graz - Kopie.png,1829,forestfragmentation,0.2370058298110962,8,11.875,15.375
HighRes TrueColor 2018 2m Graz - Kopie.png,1830,forest,0.6072706580162048,23,51.95652173913044,57.91304347826087
HighRes TrueColor 2018 2m Graz - Kopie.png,1831,forest,0.26217085123062134,27,7.925925925925926,46.03703703703704
HighRes TrueColor 2018 2m Graz - Kopie.png,1832,forest,0.6072706580162048,23,51.95652173913044,57.91304347826087
HighRes TrueColor 2018 2m Graz - Kopie.png,1833,forest,0.26217085123062134,27,7.925925925925926,46.03703703703704
HighRes TrueColor 2018 2m Graz - Kopie.png,1834,forest,0.5470330715179443,22,55.09090909090909,12.681818181818182
HighRes TrueColor 2018 2m Graz - Kopie.png,1835,forest,0.46062248945236206,48,28.604166666666668,47.6875
HighRes TrueColor 2018 2m Graz - Kopie.png,1836,forest,0.44977492094039917,20,56.95,22.0
HighRes TrueColor 2018 2m Graz - Kopie.png,1837,forestfragmentation,0.39755553007125854,14,55.357142857142854,53.07142857142857
HighRes TrueColor 2018 2m Graz - Kopie.png,1838,forest,0.31992053985595703,14,21.142857142857142,2.7857142857142856
HighRes TrueColor 2018 2m Graz - Kopie.png,1839,forest,0.295884370803833,10,54.6,5.4
HighRes TrueColor 2018 2m Graz - Kopie.png,1840,forest,0.27446258068084717,7,43.0,31.285714285714285
HighRes TrueColor 2018 2m Graz - Kopie.png,1841,forest,0.5470330715179443,22,55.09090909090909,12.681818181818182
HighRes TrueColor 2018 2m Graz - Kopie.png,1842,forest,0.46062248945236206,48,28.604166666666668,47.6875
HighRes TrueColor 2018 2m Graz - Kopie.png,1843,forest,0.44977492094039917,20,56.95,22.0
HighRes TrueColor 2018 2m Graz - Kopie.png,1844,forestfragmentation,0.39755553007125854,14,55.357142857142854,53.07142857142857
HighRes TrueColor 2018 2m Graz - Kopie.png,1845,forest,0.31992053985595703,14,21.142857142857142,2.7857142857142856
HighRes TrueColor 2018 2m Graz - Kopie.png,1846,forest,0.295884370803833,10,54.6,5.4
HighRes TrueColor 2018 2m Graz - Kopie.png,1847,forest,0.27446258068084717,7,43.0,31.285714285714285
HighRes TrueColor 2018 2m Graz - Kopie.png,1848,forest,0.8452374339103699,140,30.707142857142856,17.735714285714284
HighRes TrueColor 2018 2m Graz - Kopie.png,1849,forestfragmentation,0.6065807938575745,17,58.588235294117645,55.05882352941177
HighRes TrueColor 2018 2m Graz - Kopie.png,1850,forestfragmentation,0.49684780836105347,10,2.3,55.7
HighRes TrueColor 2018 2m Graz - Kopie.png,1851,forest,0.8452374339103699,140,30.707142857142856,17.735714285714284
HighRes TrueColor 2018 2m Graz - Kopie.png,1852,forestfragmentation,0.6065807938575745,17,58.588235294117645,55.05882352941177
HighRes TrueColor 2018 2m Graz - Kopie.png,1853,forestfragmentation,0.49684780836105347,10,2.3,55.7
HighRes TrueColor 2018 2m Graz - Kopie.png,1854,forest,0.7738209366798401,77,14.948051948051948,36.4025974025974
HighRes TrueColor 2018 2m Graz - Kopie.png,1855,forestfragmentation,0.5046404600143433,51,34.588235294117645,10.745098039215685
HighRes TrueColor 2018 2m Graz - Kopie.png,1856,forestfragmentation,0.45711058378219604,13,53.61538461538461,44.53846153846154
HighRes TrueColor 2018 2m Graz - Kopie.png,1857,forestfragmentation,0.3035634160041809,12,58.666666666666664,30.916666666666668
HighRes TrueColor 2018 2m Graz - Kopie.png,1858,forest,0.7738209366798401,77,14.948051948051948,36.4025974025974
HighRes TrueColor 2018 2m Graz - Kopie.png,1859,forestfragmentation,0.5046404600143433,51,34.588235294117645,10.745098039215685
HighRes TrueColor 2018 2m Graz - Kopie.png,1860,forestfragmentation,0.45711058378219604,13,53.61538461538461,44.53846153846154
HighRes TrueColor 2018 2m Graz - Kopie.png,1861,forestfragmentation,0.3035634160041809,12,58.666666666666664,30.916666666666668
HighRes TrueColor 2018 2m Graz - Kopie.png,1862,forest,0.6470037698745728,106,36.20754716981132,47.45283018867924
HighRes TrueColor 2018 2m Graz - Kopie.png,1863,forestfragmentation,0.4828910827636719,26,23.03846153846154,9.73076923076923
HighRes TrueColor 2018 2m Graz - Kopie.png,1864,forestfragmentation,0.31696617603302,8,12.375,22.25
HighRes TrueColor 2018 2m Graz - Kopie.png,1865,forestfragmentation,0.20777922868728638,7,9.285714285714286,1.0
HighRes TrueColor 2018 2m Graz - Kopie.png,1866,forest,0.6470037698745728,106,36.20754716981132,47.45283018867924
HighRes TrueColor 2018 2m Graz - Kopie.png,1867,forestfragmentation,0.4828910827636719,26,23.03846153846154,9.73076923076923
HighRes TrueColor 2018 2m Graz - Kopie.png,1868,forestfragmentation,0.31696617603302,8,12.375,22.25
HighRes TrueColor 2018 2m Graz - Kopie.png,1869,forestfragmentation,0.20777922868728638,7,9.285714285714286,1.0
HighRes TrueColor 2018 2m Graz - Kopie.png,1870,forest,0.8483856916427612,65,31.384615384615383,32.36923076923077
HighRes TrueColor 2018 2m Graz - Kopie.png,1871,forestfragmentation,0.45151472091674805,68,40.88235294117647,22.823529411764707
HighRes TrueColor 2018 2m Graz - Kopie.png,1872,forestfragmentation,0.38924503326416016,12,9.666666666666666,23.5
HighRes TrueColor 2018 2m Graz - Kopie.png,1873,forestfragmentation,0.26845020055770874,11,2.3636363636363638,27.272727272727273
HighRes TrueColor 2018 2m Graz - Kopie.png,1874,forestfragmentation,0.2605944871902466,14,17.571428571428573,45.642857142857146
HighRes TrueColor 2018 2m Graz - Kopie.png,1875,forestfragmentation,0.23183679580688477,14,17.0,12.428571428571429
HighRes TrueColor 2018 2m Graz - Kopie.png,1876,forest,0.8483856916427612,65,31.384615384615383,32.36923076923077
HighRes TrueColor 2018 2m Graz - Kopie.png,1877,forestfragmentation,0.45151472091674805,68,40.88235294117647,22.823529411764707
HighRes TrueColor 2018 2m Graz - Kopie.png,1878,forestfragmentation,0.38924503326416016,12,9.666666666666666,23.5
HighRes TrueColor 2018 2m Graz - Kopie.png,1879,forestfragmentation,0.26845020055770874,11,2.3636363636363638,27.272727272727273
HighRes TrueColor 2018 2m Graz - Kopie.png,1880,forestfragmentation,0.2605944871902466,14,17.571428571428573,45.642857142857146
HighRes TrueColor 2018 2m Graz - Kopie.png,1881,forestfragmentation,0.23183679580688477,14,17.0,12.428571428571429
HighRes TrueColor 2018 2m Graz - Kopie.png,1882,forest,0.6678128242492676,81,29.728395061728396,40.25925925925926
HighRes TrueColor 2018 2m Graz - Kopie.png,1883,forestfragmentation,0.4584507346153259,7,1.8571428571428572,24.142857142857142
HighRes TrueColor 2018 2m Graz - Kopie.png,1884,forestfragmentation,0.3537144064903259,59,30.271186440677965,22.661016949152543
HighRes TrueColor 2018 2m Graz - Kopie.png,1885,forestfragmentation,0.3027997612953186,6,2.6666666666666665,61.166666666666664
HighRes TrueColor 2018 2m Graz - Kopie.png,1886,forestfragmentation,0.2398037314414978,12,8.333333333333334,12.666666666666666
HighRes TrueColor 2018 2m Graz - Kopie.png,1887,forestfragmentation,0.23792845010757446,13,8.384615384615385,45.69230769230769
HighRes TrueColor 2018 2m Graz - Kopie.png,1888,forest,0.6678128242492676,81,29.728395061728396,40.25925925925926
HighRes TrueColor 2018 2m Graz - Kopie.png,1889,forestfragmentation,0.4584507346153259,7,1.8571428571428572,24.142857142857142
HighRes TrueColor 2018 2m Graz - Kopie.png,1890,forestfragmentation,0.3537144064903259,59,30.271186440677965,22.661016949152543
HighRes TrueColor 2018 2m Graz - Kopie.png,1891,forestfragmentation,0.3027997612953186,6,2.6666666666666665,61.166666666666664
HighRes TrueColor 2018 2m Graz - Kopie.png,1892,forestfragmentation,0.2398037314414978,12,8.333333333333334,12.666666666666666
HighRes TrueColor 2018 2m Graz - Kopie.png,1893,forestfragmentation,0.23792845010757446,13,8.384615384615385,45.69230769230769
HighRes TrueColor 2018 2m Graz - Kopie.png,1894,forest,0.9325855374336243,82,27.402439024390244,44.0609756097561
HighRes TrueColor 2018 2m Graz - Kopie.png,1895,forestfragmentation,0.5391656756401062,9,33.77777777777778,25.666666666666668
HighRes TrueColor 2018 2m Graz - Kopie.png,1896,forestfragmentation,0.3340144157409668,9,57.111111111111114,13.222222222222221
HighRes TrueColor 2018 2m Graz - Kopie.png,1897,forestfragmentation,0.250416100025177,7,9.428571428571429,2.5714285714285716
HighRes TrueColor 2018 2m Graz - Kopie.png,1898,forestfragmentation,0.22017866373062134,13,11.615384615384615,20.615384615384617
HighRes TrueColor 2018 2m Graz - Kopie.png,1899,forest,0.9325855374336243,82,27.402439024390244,44.0609756097561
HighRes TrueColor 2018 2m Graz - Kopie.png,1900,forestfragmentation,0.5391656756401062,9,33.77777777777778,25.666666666666668
HighRes TrueColor 2018 2m Graz - Kopie.png,1901,forestfragmentation,0.3340144157409668,9,57.111111111111114,13.222222222222221
HighRes TrueColor 2018 2m Graz - Kopie.png,1902,forestfragmentation,0.250416100025177,7,9.428571428571429,2.5714285714285716
HighRes TrueColor 2018 2m Graz - Kopie.png,1903,forestfragmentation,0.22017866373062134,13,11.615384615384615,20.615384615384617
HighRes TrueColor 2018 2m Graz - Kopie.png,1904,forest,0.9445202946662903,150,29.04,28.933333333333334
HighRes TrueColor 2018 2m Graz - Kopie.png,1905,forestfragmentation,0.5614858269691467,10,11.7,16.5
HighRes TrueColor 2018 2m Graz - Kopie.png,1906,forestfragmentation,0.3867802023887634,7,5.428571428571429,13.0
HighRes TrueColor 2018 2m Graz - Kopie.png,1907,forestfragmentation,0.31865811347961426,10,20.5,9.5
HighRes TrueColor 2018 2m Graz - Kopie.png,1908,forestfragmentation,0.30787599086761475,9,25.22222222222222,22.555555555555557
HighRes TrueColor 2018 2m Graz - Kopie.png,1909,forest,0.9445202946662903,150,29.04,28.933333333333334
HighRes TrueColor 2018 2m Graz - Kopie.png,1910,forestfragmentation,0.5614858269691467,10,11.7,16.5
HighRes TrueColor 2018 2m Graz - Kopie.png,1911,forestfragmentation,0.3867802023887634,7,5.428571428571429,13.0
HighRes TrueColor 2018 2m Graz - Kopie.png,1912,forestfragmentation,0.31865811347961426,10,20.5,9.5
HighRes TrueColor 2018 2m Graz - Kopie.png,1913,forestfragmentation,0.30787599086761475,9,25.22222222222222,22.555555555555557
HighRes TrueColor 2018 2m Graz - Kopie.png,1914,forest,0.617506742477417,143,23.20979020979021,47.73426573426573
HighRes TrueColor 2018 2m Graz - Kopie.png,1915,forestfragmentation,0.3534240126609802,70,46.871428571428574,37.01428571428571
HighRes TrueColor 2018 2m Graz - Kopie.png,1916,forestfragmentation,0.23340165615081787,10,41.7,5.4
HighRes TrueColor 2018 2m Graz - Kopie.png,1917,forestfragmentation,0.21731269359588623,6,52.5,62.0
HighRes TrueColor 2018 2m Graz - Kopie.png,1918,forest,0.617506742477417,143,23.20979020979021,47.73426573426573
HighRes TrueColor 2018 2m Graz - Kopie.png,1919,forestfragmentation,0.3534240126609802,70,46.871428571428574,37.01428571428571
HighRes TrueColor 2018 2m Graz - Kopie.png,1920,forestfragmentation,0.23340165615081787,10,41.7,5.4
HighRes TrueColor 2018 2m Graz - Kopie.png,1921,forestfragmentation,0.21731269359588623,6,52.5,62.0
HighRes TrueColor 2018 2m Graz - Kopie.png,1922,forest,0.6392354369163513,15,5.266666666666667,55.13333333333333
HighRes TrueColor 2018 2m Graz - Kopie.png,1923,forest,0.5845124125480652,34,6.911764705882353,27.941176470588236
HighRes TrueColor 2018 2m Graz - Kopie.png,1924,forest,0.43459975719451904,46,24.41304347826087,47.45652173913044
HighRes TrueColor 2018 2m Graz - Kopie.png,1925,forest,0.4069722294807434,27,30.22222222222222,5.074074074074074
HighRes TrueColor 2018 2m Graz - Kopie.png,1926,forest,0.25736063718795776,50,47.44,27.86
HighRes TrueColor 2018 2m Graz - Kopie.png,1927,forest,0.6392354369163513,15,5.266666666666667,55.13333333333333
HighRes TrueColor 2018 2m Graz - Kopie.png,1928,forest,0.5845124125480652,34,6.911764705882353,27.941176470588236
HighRes TrueColor 2018 2m Graz - Kopie.png,1929,forest,0.43459975719451904,46,24.41304347826087,47.45652173913044
HighRes TrueColor 2018 2m Graz - Kopie.png,1930,forest,0.4069722294807434,27,30.22222222222222,5.074074074074074
HighRes TrueColor 2018 2m Graz - Kopie.png,1931,forest,0.25736063718795776,50,47.44,27.86
HighRes TrueColor 2018 2m Graz - Kopie.png,1932,forest,0.540794312953949,81,26.679012345679013,43.407407407407405
HighRes TrueColor 2018 2m Graz - Kopie.png,1933,forestfragmentation,0.47995567321777344,7,17.142857142857142,34.142857142857146
HighRes TrueColor 2018 2m Graz - Kopie.png,1934,forestfragmentation,0.22302758693695068,34,15.794117647058824,52.23529411764706
HighRes TrueColor 2018 2m Graz - Kopie.png,1935,forestfragmentation,0.21643608808517456,6,60.5,1.5
HighRes TrueColor 2018 2m Graz - Kopie.png,1936,forest,0.540794312953949,81,26.679012345679013,43.407407407407405
HighRes TrueColor 2018 2m Graz - Kopie.png,1937,forestfragmentation,0.47995567321777344,7,17.142857142857142,34.142857142857146
HighRes TrueColor 2018 2m Graz - Kopie.png,1938,forestfragmentation,0.22302758693695068,34,15.794117647058824,52.23529411764706
HighRes TrueColor 2018 2m Graz - Kopie.png,1939,forestfragmentation,0.21643608808517456,6,60.5,1.5
HighRes TrueColor 2018 2m Graz - Kopie.png,1940,forest,0.7552614808082581,21,7.809523809523809,24.952380952380953
HighRes TrueColor 2018 2m Graz - Kopie.png,1941,forestfragmentation,0.4823344349861145,12,46.0,5.25
HighRes TrueColor 2018 2m Graz - Kopie.png,1942,forestfragmentation,0.3945602774620056,10,34.1,42.7
HighRes TrueColor 2018 2m Graz - Kopie.png,1943,forestfragmentation,0.2642659544944763,6,8.833333333333334,1.6666666666666667
HighRes TrueColor 2018 2m Graz - Kopie.png,1944,forestfragmentation,0.26415884494781494,49,32.42857142857143,30.06122448979592
HighRes TrueColor 2018 2m Graz - Kopie.png,1945,forestfragmentation,0.2152675986289978,14,33.142857142857146,7.642857142857143
HighRes TrueColor 2018 2m Graz - Kopie.png,1946,forest,0.7552614808082581,21,7.809523809523809,24.952380952380953
HighRes TrueColor 2018 2m Graz - Kopie.png,1947,forestfragmentation,0.4823344349861145,12,46.0,5.25
HighRes TrueColor 2018 2m Graz - Kopie.png,1948,forestfragmentation,0.3945602774620056,10,34.1,42.7
HighRes TrueColor 2018 2m Graz - Kopie.png,1949,forestfragmentation,0.2642659544944763,6,8.833333333333334,1.6666666666666667
HighRes TrueColor 2018 2m Graz - Kopie.png,1950,forestfragmentation,0.26415884494781494,49,32.42857142857143,30.06122448979592
HighRes TrueColor 2018 2m Graz - Kopie.png,1951,forestfragmentation,0.2152675986289978,14,33.142857142857146,7.642857142857143
HighRes TrueColor 2018 2m Graz - Kopie.png,1952,forest,0.9318799376487732,4,31.5,31.5
HighRes TrueColor 2018 2m Graz - Kopie.png,1953,forestfragmentation,0.4994330406188965,28,28.107142857142858,41.67857142857143
HighRes TrueColor 2018 2m Graz - Kopie.png,1954,forestfragmentation,0.45042794942855835,21,30.0,7.238095238095238
HighRes TrueColor 2018 2m Graz - Kopie.png,1955,forestfragmentation,0.4485170841217041,10,42.5,49.8
HighRes TrueColor 2018 2m Graz - Kopie.png,1956,forestfragmentation,0.4046294689178467,12,3.9166666666666665,32.5
HighRes TrueColor 2018 2m Graz - Kopie.png,1957,forestfragmentation,0.2639161944389343,10,55.4,38.2
HighRes TrueColor 2018 2m Graz - Kopie.png,1958,forestfragmentation,0.2574203610420227,14,42.142857142857146,3.2142857142857144
HighRes TrueColor 2018 2m Graz - Kopie.png,1959,forestfragmentation,0.2553846836090088,8,55.25,10.25
HighRes TrueColor 2018 2m Graz - Kopie.png,1960,forestfragmentation,0.2327367663383484,4,17.0,7.0
HighRes TrueColor 2018 2m Graz - Kopie.png,1961,forest,0.9318799376487732,4,31.5,31.5
HighRes TrueColor 2018 2m Graz - Kopie.png,1962,forestfragmentation,0.4994330406188965,28,28.107142857142858,41.67857142857143
HighRes TrueColor 2018 2m Graz - Kopie.png,1963,forestfragmentation,0.45042794942855835,21,30.0,7.238095238095238
HighRes TrueColor 2018 2m Graz - Kopie.png,1964,forestfragmentation,0.4485170841217041,10,42.5,49.8
HighRes TrueColor 2018 2m Graz - Kopie.png,1965,forestfragmentation,0.4046294689178467,12,3.9166666666666665,32.5
HighRes TrueColor 2018 2m Graz - Kopie.png,1966,forestfragmentation,0.2639161944389343,10,55.4,38.2
HighRes TrueColor 2018 2m Graz - Kopie.png,1967,forestfragmentation,0.2574203610420227,14,42.142857142857146,3.2142857142857144
HighRes TrueColor 2018 2m Graz - Kopie.png,1968,forestfragmentation,0.2553846836090088,8,55.25,10.25
HighRes TrueColor 2018 2m Graz - Kopie.png,1969,forestfragmentation,0.2327367663383484,4,17.0,7.0
HighRes TrueColor 2018 2m Graz - Kopie.png,1970,forest,0.8865018486976624,14,52.142857142857146,15.285714285714286
HighRes TrueColor 2018 2m Graz - Kopie.png,1971,forestfragmentation,0.4359385371208191,10,42.5,30.9
HighRes TrueColor 2018 2m Graz - Kopie.png,1972,forestfragmentation,0.2753862738609314,8,3.25,10.25
HighRes TrueColor 2018 2m Graz - Kopie.png,1973,forestfragmentation,0.254191517829895,13,29.076923076923077,26.46153846153846
HighRes TrueColor 2018 2m Graz - Kopie.png,1974,forestfragmentation,0.23508542776107788,11,9.363636363636363,2.727272727272727
HighRes TrueColor 2018 2m Graz - Kopie.png,1975,forestfragmentation,0.21731030941009521,12,3.25,38.0
HighRes TrueColor 2018 2m Graz - Kopie.png,1976,forestfragmentation,0.21655017137527466,9,20.22222222222222,14.0
HighRes TrueColor 2018 2m Graz - Kopie.png,1977,forestfragmentation,0.20944488048553467,14,41.285714285714285,40.0
HighRes TrueColor 2018 2m Graz - Kopie.png,1978,forestfragmentation,0.2059037685394287,8,39.875,55.625
HighRes TrueColor 2018 2m Graz - Kopie.png,1979,forest,0.8865018486976624,14,52.142857142857146,15.285714285714286
HighRes TrueColor 2018 2m Graz - Kopie.png,1980,forestfragmentation,0.4359385371208191,10,42.5,30.9
HighRes TrueColor 2018 2m Graz - Kopie.png,1981,forestfragmentation,0.2753862738609314,8,3.25,10.25
HighRes TrueColor 2018 2m Graz - Kopie.png,1982,forestfragmentation,0.254191517829895,13,29.076923076923077,26.46153846153846
HighRes TrueColor 2018 2m Graz - Kopie.png,1983,forestfragmentation,0.23508542776107788,11,9.363636363636363,2.727272727272727
HighRes TrueColor 2018 2m Graz - Kopie.png,1984,forestfragmentation,0.21731030941009521,12,3.25,38.0
HighRes TrueColor 2018 2m Graz - Kopie.png,1985,forestfragmentation,0.21655017137527466,9,20.22222222222222,14.0
HighRes TrueColor 2018 2m Graz - Kopie.png,1986,forestfragmentation,0.20944488048553467,14,41.285714285714285,40.0
HighRes TrueColor 2018 2m Graz - Kopie.png,1987,forestfragmentation,0.2059037685394287,8,39.875,55.625
HighRes TrueColor 2018 2m Graz - Kopie.png,1988,forest,0.9324239492416382,55,48.472727272727276,27.836363636363636
HighRes TrueColor 2018 2m Graz - Kopie.png,1989,forestfragmentation,0.49747735261917114,23,25.347826086956523,33.91304347826087
HighRes TrueColor 2018 2m Graz - Kopie.png,1990,forestfragmentation,0.44011884927749634,7,36.142857142857146,20.714285714285715
HighRes TrueColor 2018 2m Graz - Kopie.png,1991,forestfragmentation,0.4372468590736389,13,35.69230769230769,42.0
HighRes TrueColor 2018 2m Graz - Kopie.png,1992,forestfragmentation,0.42994505167007446,16,7.1875,33.8125
HighRes TrueColor 2018 2m Graz - Kopie.png,1993,forest,0.9324239492416382,55,48.472727272727276,27.836363636363636
HighRes TrueColor 2018 2m Graz - Kopie.png,1994,forestfragmentation,0.49747735261917114,23,25.347826086956523,33.91304347826087
HighRes TrueColor 2018 2m Graz - Kopie.png,1995,forestfragmentation,0.44011884927749634,7,36.142857142857146,20.714285714285715
HighRes TrueColor 2018 2m Graz - Kopie.png,1996,forestfragmentation,0.4372468590736389,13,35.69230769230769,42.0
HighRes TrueColor 2018 2m Graz - Kopie.png,1997,forestfragmentation,0.42994505167007446,16,7.1875,33.8125
HighRes TrueColor 2018 2m Graz - Kopie.png,1998,forest,0.45116961002349854,63,14.80952380952381,13.857142857142858
HighRes TrueColor 2018 2m Graz - Kopie.png,1999,forest,0.36680883169174194,22,42.0,19.772727272727273
HighRes TrueColor 2018 2m Graz - Kopie.png,2000,forest,0.31232553720474243,15,4.0,56.86666666666667
HighRes TrueColor 2018 2m Graz - Kopie.png,2001,forestfragmentation,0.25296664237976074,12,15.25,22.916666666666668
HighRes TrueColor 2018 2m Graz - Kopie.png,2002,forest,0.22866666316986084,39,12.58974358974359,33.53846153846154
HighRes TrueColor 2018 2m Graz - Kopie.png,2003,forest,0.45116961002349854,63,14.80952380952381,13.857142857142858
HighRes TrueColor 2018 2m Graz - Kopie.png,2004,forest,0.36680883169174194,22,42.0,19.772727272727273
HighRes TrueColor 2018 2m Graz - Kopie.png,2005,forest,0.31232553720474243,15,4.0,56.86666666666667
HighRes TrueColor 2018 2m Graz - Kopie.png,2006,forestfragmentation,0.25296664237976074,12,15.25,22.916666666666668
HighRes TrueColor 2018 2m Graz - Kopie.png,2007,forest,0.22866666316986084,39,12.58974358974359,33.53846153846154
HighRes TrueColor 2018 2m Graz - Kopie.png,2008,forest,0.9088070392608643,30,8.466666666666667,39.666666666666664
HighRes TrueColor 2018 2m Graz - Kopie.png,2009,forestfragmentation,0.29358047246932983,10,53.8,2.9
HighRes TrueColor 2018 2m Graz - Kopie.png,2010,forestfragmentation,0.2784503102302551,13,50.53846153846154,23.307692307692307
HighRes TrueColor 2018 2m Graz - Kopie.png,2011,forestfragmentation,0.23386234045028687,11,41.72727272727273,7.545454545454546
HighRes TrueColor 2018 2m Graz - Kopie.png,2012,forestfragmentation,0.22792959213256836,10,22.5,55.5
HighRes TrueColor 2018 2m Graz - Kopie.png,2013,forest,0.9088070392608643,30,8.466666666666667,39.666666666666664
HighRes TrueColor 2018 2m Graz - Kopie.png,2014,forestfragmentation,0.29358047246932983,10,53.8,2.9
HighRes TrueColor 2018 2m Graz - Kopie.png,2015,forestfragmentation,0.2784503102302551,13,50.53846153846154,23.307692307692307
HighRes TrueColor 2018 2m Graz - Kopie.png,2016,forestfragmentation,0.23386234045028687,11,41.72727272727273,7.545454545454546
HighRes TrueColor 2018 2m Graz - Kopie.png,2017,forestfragmentation,0.22792959213256836,10,22.5,55.5
HighRes TrueColor 2018 2m Graz - Kopie.png,2018,forest,0.8535510897636414,37,52.729729729729726,38.08108108108108
HighRes TrueColor 2018 2m Graz - Kopie.png,2019,forestfragmentation,0.6015880703926086,44,20.84090909090909,20.886363636363637
HighRes TrueColor 2018 2m Graz - Kopie.png,2020,forestfragmentation,0.531758189201355,11,57.90909090909091,4.2727272727272725
HighRes TrueColor 2018 2m Graz - Kopie.png,2021,forestfragmentation,0.4903603792190552,9,3.0,3.2222222222222223
HighRes TrueColor 2018 2m Graz - Kopie.png,2022,forestfragmentation,0.4048768877983093,5,44.8,8.8
HighRes TrueColor 2018 2m Graz - Kopie.png,2023,forestfragmentation,0.3546321392059326,7,41.285714285714285,34.714285714285715
HighRes TrueColor 2018 2m Graz - Kopie.png,2024,forestfragmentation,0.322903573513031,10,53.2,12.1
HighRes TrueColor 2018 2m Graz - Kopie.png,2025,forestfragmentation,0.29547005891799927,8,21.875,59.75
HighRes TrueColor 2018 2m Graz - Kopie.png,2026,forestfragmentation,0.2275964617729187,7,22.428571428571427,50.857142857142854
HighRes TrueColor 2018 2m Graz - Kopie.png,2027,forest,0.8535510897636414,37,52.729729729729726,38.08108108108108
HighRes TrueColor 2018 2m Graz - Kopie.png,2028,forestfragmentation,0.6015880703926086,44,20.84090909090909,20.886363636363637
HighRes TrueColor 2018 2m Graz - Kopie.png,2029,forestfragmentation,0.531758189201355,11,57.90909090909091,4.2727272727272725
HighRes TrueColor 2018 2m Graz - Kopie.png,2030,forestfragmentation,0.4903603792190552,9,3.0,3.2222222222222223
HighRes TrueColor 2018 2m Graz - Kopie.png,2031,forestfragmentation,0.4048768877983093,5,44.8,8.8
HighRes TrueColor 2018 2m Graz - Kopie.png,2032,forestfragmentation,0.3546321392059326,7,41.285714285714285,34.714285714285715
HighRes TrueColor 2018 2m Graz - Kopie.png,2033,forestfragmentation,0.322903573513031,10,53.2,12.1
HighRes TrueColor 2018 2m Graz - Kopie.png,2034,forestfragmentation,0.29547005891799927,8,21.875,59.75
HighRes TrueColor 2018 2m Graz - Kopie.png,2035,forestfragmentation,0.2275964617729187,7,22.428571428571427,50.857142857142854
HighRes TrueColor 2018 2m Graz - Kopie.png,2036,forest,0.6087170839309692,14,36.714285714285715,13.928571428571429
HighRes TrueColor 2018 2m Graz - Kopie.png,2037,forest,0.5539572834968567,48,13.0,20.833333333333332
HighRes TrueColor 2018 2m Graz - Kopie.png,2038,forest,0.4252300262451172,16,57.375,12.8125
HighRes TrueColor 2018 2m Graz - Kopie.png,2039,forestfragmentation,0.4217044711112976,10,2.0,12.2
HighRes TrueColor 2018 2m Graz - Kopie.png,2040,forest,0.30493342876434326,11,45.90909090909091,26.181818181818183
HighRes TrueColor 2018 2m Graz - Kopie.png,2041,forestfragmentation,0.2376852035522461,26,53.65384615384615,59.76923076923077
HighRes TrueColor 2018 2m Graz - Kopie.png,2042,forestfragmentation,0.21168524026870728,54,17.40740740740741,34.74074074074074
HighRes TrueColor 2018 2m Graz - Kopie.png,2043,forest,0.6087170839309692,14,36.714285714285715,13.928571428571429
HighRes TrueColor 2018 2m Graz - Kopie.png,2044,forest,0.5539572834968567,48,13.0,20.833333333333332
HighRes TrueColor 2018 2m Graz - Kopie.png,2045,forest,0.4252300262451172,16,57.375,12.8125
HighRes TrueColor 2018 2m Graz - Kopie.png,2046,forestfragmentation,0.4217044711112976,10,2.0,12.2
HighRes TrueColor 2018 2m Graz - Kopie.png,2047,forest,0.30493342876434326,11,45.90909090909091,26.181818181818183
HighRes TrueColor 2018 2m Graz - Kopie.png,2048,forestfragmentation,0.2376852035522461,26,53.65384615384615,59.76923076923077
HighRes TrueColor 2018 2m Graz - Kopie.png,2049,forestfragmentation,0.21168524026870728,54,17.40740740740741,34.74074074074074
HighRes TrueColor 2018 2m Graz - Kopie.png,2050,forest,0.6014884114265442,13,44.69230769230769,4.461538461538462
HighRes TrueColor 2018 2m Graz - Kopie.png,2051,forest,0.5886381268501282,118,36.97457627118644,34.313559322033896
HighRes TrueColor 2018 2m Graz - Kopie.png,2052,forestfragmentation,0.4180135130882263,17,5.0,59.1764705882353
HighRes TrueColor 2018 2m Graz - Kopie.png,2053,forestfragmentation,0.40582239627838135,17,25.235294117647058,51.705882352941174
HighRes TrueColor 2018 2m Graz - Kopie.png,2054,forestfragmentation,0.27687108516693115,11,14.727272727272727,22.09090909090909
HighRes TrueColor 2018 2m Graz - Kopie.png,2055,forestfragmentation,0.27388960123062134,31,17.419354838709676,37.58064516129032
HighRes TrueColor 2018 2m Graz - Kopie.png,2056,forest,0.6014884114265442,13,44.69230769230769,4.461538461538462
HighRes TrueColor 2018 2m Graz - Kopie.png,2057,forest,0.5886381268501282,118,36.97457627118644,34.313559322033896
HighRes TrueColor 2018 2m Graz - Kopie.png,2058,forestfragmentation,0.4180135130882263,17,5.0,59.1764705882353
HighRes TrueColor 2018 2m Graz - Kopie.png,2059,forestfragmentation,0.40582239627838135,17,25.235294117647058,51.705882352941174
HighRes TrueColor 2018 2m Graz - Kopie.png,2060,forestfragmentation,0.27687108516693115,11,14.727272727272727,22.09090909090909
HighRes TrueColor 2018 2m Graz - Kopie.png,2061,forestfragmentation,0.27388960123062134,31,17.419354838709676,37.58064516129032
HighRes TrueColor 2018 2m Graz - Kopie.png,2062,forest,0.7857275605201721,130,28.523076923076925,41.89230769230769
HighRes TrueColor 2018 2m Graz - Kopie.png,2063,forest,0.7857275605201721,130,28.523076923076925,41.89230769230769
HighRes TrueColor 2018 2m Graz - Kopie.png,2064,forest,0.7450430989265442,70,28.12857142857143,40.371428571428574
HighRes TrueColor 2018 2m Graz - Kopie.png,2065,forestfragmentation,0.40838468074798584,26,49.42307692307692,13.923076923076923
HighRes TrueColor 2018 2m Graz - Kopie.png,2066,forestfragmentation,0.2734951972961426,9,2.5555555555555554,9.555555555555555
HighRes TrueColor 2018 2m Graz - Kopie.png,2067,forest,0.7450430989265442,70,28.12857142857143,40.371428571428574
HighRes TrueColor 2018 2m Graz - Kopie.png,2068,forestfragmentation,0.40838468074798584,26,49.42307692307692,13.923076923076923
HighRes TrueColor 2018 2m Graz - Kopie.png,2069,forestfragmentation,0.2734951972961426,9,2.5555555555555554,9.555555555555555
HighRes TrueColor 2018 2m Graz - Kopie.png,2070,forest,0.9597511291503906,52,38.55769230769231,17.25
HighRes TrueColor 2018 2m Graz - Kopie.png,2071,forestfragmentation,0.6322790384292603,39,22.615384615384617,10.76923076923077
HighRes TrueColor 2018 2m Graz - Kopie.png,2072,forestfragmentation,0.45039302110671997,7,15.428571428571429,28.285714285714285
HighRes TrueColor 2018 2m Graz - Kopie.png,2073,forestfragmentation,0.42994678020477295,35,33.628571428571426,40.857142857142854
HighRes TrueColor 2018 2m Graz - Kopie.png,2074,forestfragmentation,0.32259654998779297,11,19.272727272727273,42.36363636363637
HighRes TrueColor 2018 2m Graz - Kopie.png,2075,forestfragmentation,0.3183166980743408,10,40.4,13.9
HighRes TrueColor 2018 2m Graz - Kopie.png,2076,forestfragmentation,0.27633136510849,8,7.25,46.375
HighRes TrueColor 2018 2m Graz - Kopie.png,2077,forest,0.9597511291503906,52,38.55769230769231,17.25
HighRes TrueColor 2018 2m Graz - Kopie.png,2078,forestfragmentation,0.6322790384292603,39,22.615384615384617,10.76923076923077
HighRes TrueColor 2018 2m Graz - Kopie.png,2079,forestfragmentation,0.45039302110671997,7,15.428571428571429,28.285714285714285
HighRes TrueColor 2018 2m Graz - Kopie.png,2080,forestfragmentation,0.42994678020477295,35,33.628571428571426,40.857142857142854
HighRes TrueColor 2018 2m Graz - Kopie.png,2081,forestfragmentation,0.32259654998779297,11,19.272727272727273,42.36363636363637
HighRes TrueColor 2018 2m Graz - Kopie.png,2082,forestfragmentation,0.3183166980743408,10,40.4,13.9
HighRes TrueColor 2018 2m Graz - Kopie.png,2083,forestfragmentation,0.27633136510849,8,7.25,46.375
HighRes TrueColor 2018 2m Graz - Kopie.png,2084,forest,0.6695601344108582,174,30.379310344827587,39.94827586206897
HighRes TrueColor 2018 2m Graz - Kopie.png,2085,forestfragmentation,0.29082369804382324,20,54.4,21.55
HighRes TrueColor 2018 2m Graz - Kopie.png,2086,forestfragmentation,0.2485508918762207,32,29.21875,11.25
HighRes TrueColor 2018 2m Graz - Kopie.png,2087,forest,0.6695601344108582,174,30.379310344827587,39.94827586206897
HighRes TrueColor 2018 2m Graz - Kopie.png,2088,forestfragmentation,0.29082369804382324,20,54.4,21.55
HighRes TrueColor 2018 2m Graz - Kopie.png,2089,forestfragmentation,0.2485508918762207,32,29.21875,11.25
HighRes TrueColor 2018 2m Graz - Kopie.png,2090,forest,0.883546769618988,160,30.875,27.33125
HighRes TrueColor 2018 2m Graz - Kopie.png,2091,forestfragmentation,0.5022014379501343,14,59.285714285714285,52.142857142857146
HighRes TrueColor 2018 2m Graz - Kopie.png,2092,forestfragmentation,0.3579345941543579,7,52.142857142857146,10.857142857142858
HighRes TrueColor 2018 2m Graz - Kopie.png,2093,forestfragmentation,0.35560792684555054,18,18.666666666666668,18.555555555555557
HighRes TrueColor 2018 2m Graz - Kopie.png,2094,forestfragmentation,0.34756869077682495,11,50.45454545454545,58.27272727272727
HighRes TrueColor 2018 2m Graz - Kopie.png,2095,forestfragmentation,0.2871137261390686,11,4.909090909090909,22.181818181818183
HighRes TrueColor 2018 2m Graz - Kopie.png,2096,forestfragmentation,0.28164756298065186,41,34.36585365853659,33.21951219512195
HighRes TrueColor 2018 2m Graz - Kopie.png,2097,forestfragmentation,0.26376014947891235,21,45.904761904761905,47.42857142857143
HighRes TrueColor 2018 2m Graz - Kopie.png,2098,forest,0.883546769618988,160,30.875,27.33125
HighRes TrueColor 2018 2m Graz - Kopie.png,2099,forestfragmentation,0.5022014379501343,14,59.285714285714285,52.142857142857146
HighRes TrueColor 2018 2m Graz - Kopie.png,2100,forestfragmentation,0.3579345941543579,7,52.142857142857146,10.857142857142858
HighRes TrueColor 2018 2m Graz - Kopie.png,2101,forestfragmentation,0.35560792684555054,18,18.666666666666668,18.555555555555557
HighRes TrueColor 2018 2m Graz - Kopie.png,2102,forestfragmentation,0.34756869077682495,11,50.45454545454545,58.27272727272727
HighRes TrueColor 2018 2m Graz - Kopie.png,2103,forestfragmentation,0.2871137261390686,11,4.909090909090909,22.181818181818183
HighRes TrueColor 2018 2m Graz - Kopie.png,2104,forestfragmentation,0.28164756298065186,41,34.36585365853659,33.21951219512195
HighRes TrueColor 2018 2m Graz - Kopie.png,2105,forestfragmentation,0.26376014947891235,21,45.904761904761905,47.42857142857143
HighRes TrueColor 2018 2m Graz - Kopie.png,2106,forest,0.7536370158195496,42,23.142857142857142,22.285714285714285
HighRes TrueColor 2018 2m Graz - Kopie.png,2107,forest,0.5349878668785095,25,4.36,13.0
HighRes TrueColor 2018 2m Graz - Kopie.png,2108,forest,0.5277982950210571,27,26.37037037037037,44.55555555555556
HighRes TrueColor 2018 2m Graz - Kopie.png,2109,forest,0.338969886302948,81,48.96296296296296,33.19753086419753
HighRes TrueColor 2018 2m Graz - Kopie.png,2110,forest,0.32776159048080444,12,17.833333333333332,3.5833333333333335
HighRes TrueColor 2018 2m Graz - Kopie.png,2111,forest,0.2162131667137146,15,54.06666666666667,60.666666666666664
HighRes TrueColor 2018 2m Graz - Kopie.png,2112,forestfragmentation,0.20543628931045532,5,1.6,44.4
HighRes TrueColor 2018 2m Graz - Kopie.png,2113,forest,0.7536370158195496,42,23.142857142857142,22.285714285714285
HighRes TrueColor 2018 2m Graz - Kopie.png,2114,forest,0.5349878668785095,25,4.36,13.0
HighRes TrueColor 2018 2m Graz - Kopie.png,2115,forest,0.5277982950210571,27,26.37037037037037,44.55555555555556
HighRes TrueColor 2018 2m Graz - Kopie.png,2116,forest,0.338969886302948,81,48.96296296296296,33.19753086419753
HighRes TrueColor 2018 2m Graz - Kopie.png,2117,forest,0.32776159048080444,12,17.833333333333332,3.5833333333333335
HighRes TrueColor 2018 2m Graz - Kopie.png,2118,forest,0.2162131667137146,15,54.06666666666667,60.666666666666664
HighRes TrueColor 2018 2m Graz - Kopie.png,2119,forestfragmentation,0.20543628931045532,5,1.6,44.4
HighRes TrueColor 2018 2m Graz - Kopie.png,2120,forest,0.8835724592208862,141,32.198581560283685,32.276595744680854
HighRes TrueColor 2018 2m Graz - Kopie.png,2121,forestfragmentation,0.45478159189224243,12,57.583333333333336,45.0
HighRes TrueColor 2018 2m Graz - Kopie.png,2122,forest,0.8835724592208862,141,32.198581560283685,32.276595744680854
HighRes TrueColor 2018 2m Graz - Kopie.png,2123,forestfragmentation,0.45478159189224243,12,57.583333333333336,45.0
HighRes TrueColor 2018 2m Graz - Kopie.png,2124,forest,0.8480779528617859,132,30.62121212121212,37.378787878787875
HighRes TrueColor 2018 2m Graz - Kopie.png,2125,forestfragmentation,0.3243256211280823,6,61.0,31.666666666666668
HighRes TrueColor 2018 2m Graz - Kopie.png,2126,forestfragmentation,0.29960107803344727,8,59.5,59.5
HighRes TrueColor 2018 2m Graz - Kopie.png,2127,forest,0.8480779528617859,132,30.62121212121212,37.378787878787875
HighRes TrueColor 2018 2m Graz - Kopie.png,2128,forestfragmentation,0.3243256211280823,6,61.0,31.666666666666668
HighRes TrueColor 2018 2m Graz - Kopie.png,2129,forestfragmentation,0.29960107803344727,8,59.5,59.5
HighRes TrueColor 2018 2m Graz - Kopie.png,2130,forest,0.9144231677055359,14,10.857142857142858,45.42857142857143
HighRes TrueColor 2018 2m Graz - Kopie.png,2131,forestfragmentation,0.6288099884986877,35,7.085714285714285,45.714285714285715
HighRes TrueColor 2018 2m Graz - Kopie.png,2132,forestfragmentation,0.5696146488189697,32,34.59375,54.34375
HighRes TrueColor 2018 2m Graz - Kopie.png,2133,forestfragmentation,0.5691869854927063,6,41.666666666666664,23.333333333333332
HighRes TrueColor 2018 2m Graz - Kopie.png,2134,forestfragmentation,0.5035565495491028,9,41.22222222222222,1.5555555555555556
HighRes TrueColor 2018 2m Graz - Kopie.png,2135,forestfragmentation,0.39316385984420776,10,57.8,56.0
HighRes TrueColor 2018 2m Graz - Kopie.png,2136,forestfragmentation,0.36874306201934814,13,44.38461538461539,42.15384615384615
HighRes TrueColor 2018 2m Graz - Kopie.png,2137,forestfragmentation,0.35916054248809814,7,9.0,31.571428571428573
HighRes TrueColor 2018 2m Graz - Kopie.png,2138,forestfragmentation,0.2637595534324646,30,50.166666666666664,44.266666666666666
HighRes TrueColor 2018 2m Graz - Kopie.png,2139,forestfragmentation,0.21047157049179077,16,31.25,22.75
HighRes TrueColor 2018 2m Graz - Kopie.png,2140,forest,0.9144231677055359,14,10.857142857142858,45.42857142857143
HighRes TrueColor 2018 2m Graz - Kopie.png,2141,forestfragmentation,0.6288099884986877,35,7.085714285714285,45.714285714285715
HighRes TrueColor 2018 2m Graz - Kopie.png,2142,forestfragmentation,0.5696146488189697,32,34.59375,54.34375
HighRes TrueColor 2018 2m Graz - Kopie.png,2143,forestfragmentation,0.5691869854927063,6,41.666666666666664,23.333333333333332
HighRes TrueColor 2018 2m Graz - Kopie.png,2144,forestfragmentation,0.5035565495491028,9,41.22222222222222,1.5555555555555556
HighRes TrueColor 2018 2m Graz - Kopie.png,2145,forestfragmentation,0.39316385984420776,10,57.8,56.0
HighRes TrueColor 2018 2m Graz - Kopie.png,2146,forestfragmentation,0.36874306201934814,13,44.38461538461539,42.15384615384615
HighRes TrueColor 2018 2m Graz - Kopie.png,2147,forestfragmentation,0.35916054248809814,7,9.0,31.571428571428573
HighRes TrueColor 2018 2m Graz - Kopie.png,2148,forestfragmentation,0.2637595534324646,30,50.166666666666664,44.266666666666666
HighRes TrueColor 2018 2m Graz - Kopie.png,2149,forestfragmentation,0.21047157049179077,16,31.25,22.75
HighRes TrueColor 2018 2m Graz - Kopie.png,2150,forest,0.8300028443336487,20,53.95,39.5
HighRes TrueColor 2018 2m Graz - Kopie.png,2151,forestfragmentation,0.5353013277053833,13,7.0,46.15384615384615
HighRes TrueColor 2018 2m Graz - Kopie.png,2152,forestfragmentation,0.4382418394088745,13,14.538461538461538,13.538461538461538
HighRes TrueColor 2018 2m Graz - Kopie.png,2153,forestfragmentation,0.407437801361084,9,7.222222222222222,56.111111111111114
HighRes TrueColor 2018 2m Graz - Kopie.png,2154,forestfragmentation,0.33810651302337646,9,59.888888888888886,60.333333333333336
HighRes TrueColor 2018 2m Graz - Kopie.png,2155,forestfragmentation,0.2477874755859375,11,42.36363636363637,59.18181818181818
HighRes TrueColor 2018 2m Graz - Kopie.png,2156,forest,0.8300028443336487,20,53.95,39.5
HighRes TrueColor 2018 2m Graz - Kopie.png,2157,forestfragmentation,0.5353013277053833,13,7.0,46.15384615384615
HighRes TrueColor 2018 2m Graz - Kopie.png,2158,forestfragmentation,0.4382418394088745,13,14.538461538461538,13.538461538461538
HighRes TrueColor 2018 2m Graz - Kopie.png,2159,forestfragmentation,0.407437801361084,9,7.222222222222222,56.111111111111114
HighRes TrueColor 2018 2m Graz - Kopie.png,2160,forestfragmentation,0.33810651302337646,9,59.888888888888886,60.333333333333336
HighRes TrueColor 2018 2m Graz - Kopie.png,2161,forestfragmentation,0.2477874755859375,11,42.36363636363637,59.18181818181818
HighRes TrueColor 2018 2m Graz - Kopie.png,2162,forest,0.8027035593986511,154,36.422077922077925,36.70779220779221
HighRes TrueColor 2018 2m Graz - Kopie.png,2163,forestfragmentation,0.5628249645233154,13,20.23076923076923,19.0
HighRes TrueColor 2018 2m Graz - Kopie.png,2164,forestfragmentation,0.5593972206115723,7,7.285714285714286,60.57142857142857
HighRes TrueColor 2018 2m Graz - Kopie.png,2165,forestfragmentation,0.39343756437301636,54,38.72222222222222,26.87037037037037
HighRes TrueColor 2018 2m Graz - Kopie.png,2166,forest,0.8027035593986511,154,36.422077922077925,36.70779220779221
HighRes TrueColor 2018 2m Graz - Kopie.png,2167,forestfragmentation,0.5628249645233154,13,20.23076923076923,19.0
HighRes TrueColor 2018 2m Graz - Kopie.png,2168,forestfragmentation,0.5593972206115723,7,7.285714285714286,60.57142857142857
HighRes TrueColor 2018 2m Graz - Kopie.png,2169,forestfragmentation,0.39343756437301636,54,38.72222222222222,26.87037037037037
HighRes TrueColor 2018 2m Graz - Kopie.png,2170,forest,0.7013828158378601,12,4.0,7.333333333333333
HighRes TrueColor 2018 2m Graz - Kopie.png,2171,forestfragmentation,0.40421217679977417,15,38.666666666666664,53.733333333333334
HighRes TrueColor 2018 2m Graz - Kopie.png,2172,forest,0.31879884004592896,8,60.125,1.875
HighRes TrueColor 2018 2m Graz - Kopie.png,2173,forestfragmentation,0.22367054224014282,10,13.1,53.0
HighRes TrueColor 2018 2m Graz - Kopie.png,2174,forest,0.2232666015625,32,39.40625,48.65625
HighRes TrueColor 2018 2m Graz - Kopie.png,2175,forest,0.22021973133087158,15,59.13333333333333,7.066666666666666
HighRes TrueColor 2018 2m Graz - Kopie.png,2176,forest,0.7013828158378601,12,4.0,7.333333333333333
HighRes TrueColor 2018 2m Graz - Kopie.png,2177,forestfragmentation,0.40421217679977417,15,38.666666666666664,53.733333333333334
HighRes TrueColor 2018 2m Graz - Kopie.png,2178,forest,0.31879884004592896,8,60.125,1.875
HighRes TrueColor 2018 2m Graz - Kopie.png,2179,forestfragmentation,0.22367054224014282,10,13.1,53.0
HighRes TrueColor 2018 2m Graz - Kopie.png,2180,forest,0.2232666015625,32,39.40625,48.65625
HighRes TrueColor 2018 2m Graz - Kopie.png,2181,forest,0.22021973133087158,15,59.13333333333333,7.066666666666666
HighRes TrueColor 2018 2m Graz - Kopie.png,2182,forest,0.4589601159095764,11,4.7272727272727275,60.27272727272727
HighRes TrueColor 2018 2m Graz - Kopie.png,2183,forest,0.3874017596244812,33,56.63636363636363,22.21212121212121
HighRes TrueColor 2018 2m Graz - Kopie.png,2184,forest,0.33510464429855347,39,52.0,40.38461538461539
HighRes TrueColor 2018 2m Graz - Kopie.png,2185,forest,0.4589601159095764,11,4.7272727272727275,60.27272727272727
HighRes TrueColor 2018 2m Graz - Kopie.png,2186,forest,0.3874017596244812,33,56.63636363636363,22.21212121212121
HighRes TrueColor 2018 2m Graz - Kopie.png,2187,forest,0.33510464429855347,39,52.0,40.38461538461539
HighRes TrueColor 2018 2m Graz - Kopie.png,2188,forest,0.7569276094436646,73,27.602739726027398,44.83561643835616
HighRes TrueColor 2018 2m Graz - Kopie.png,2189,forest,0.5066770911216736,19,57.78947368421053,56.68421052631579
HighRes TrueColor 2018 2m Graz - Kopie.png,2190,forestfragmentation,0.26983916759490967,7,22.0,6.857142857142857
HighRes TrueColor 2018 2m Graz - Kopie.png,2191,forest,0.7569276094436646,73,27.602739726027398,44.83561643835616
HighRes TrueColor 2018 2m Graz - Kopie.png,2192,forest,0.5066770911216736,19,57.78947368421053,56.68421052631579
HighRes TrueColor 2018 2m Graz - Kopie.png,2193,forestfragmentation,0.26983916759490967,7,22.0,6.857142857142857
HighRes TrueColor 2018 2m Graz - Kopie.png,2194,forest,0.8053663969039917,15,9.666666666666666,34.86666666666667
HighRes TrueColor 2018 2m Graz - Kopie.png,2195,forestfragmentation,0.2602575421333313,8,44.75,52.375
HighRes TrueColor 2018 2m Graz - Kopie.png,2196,forestfragmentation,0.24311697483062744,6,3.3333333333333335,61.0
HighRes TrueColor 2018 2m Graz - Kopie.png,2197,forestfragmentation,0.22466206550598145,10,23.0,60.0
HighRes TrueColor 2018 2m Graz - Kopie.png,2198,forest,0.8053663969039917,15,9.666666666666666,34.86666666666667
HighRes TrueColor 2018 2m Graz - Kopie.png,2199,forestfragmentation,0.2602575421333313,8,44.75,52.375
HighRes TrueColor 2018 2m Graz - Kopie.png,2200,forestfragmentation,0.24311697483062744,6,3.3333333333333335,61.0
HighRes TrueColor 2018 2m Graz - Kopie.png,2201,forestfragmentation,0.22466206550598145,10,23.0,60.0
HighRes TrueColor 2018 2m Graz - Kopie.png,2202,forest,0.8007342219352722,73,44.945205479452056,29.73972602739726
HighRes TrueColor 2018 2m Graz - Kopie.png,2203,forestfragmentation,0.5023453235626221,28,46.82142857142857,4.607142857142857
HighRes TrueColor 2018 2m Graz - Kopie.png,2204,forestfragmentation,0.46974486112594604,9,25.0,2.3333333333333335
HighRes TrueColor 2018 2m Graz - Kopie.png,2205,forestfragmentation,0.3530274033546448,10,31.8,57.4
HighRes TrueColor 2018 2m Graz - Kopie.png,2206,forestfragmentation,0.3410681486129761,14,4.571428571428571,28.857142857142858
HighRes TrueColor 2018 2m Graz - Kopie.png,2207,forestfragmentation,0.26868581771850586,8,28.0,43.25
HighRes TrueColor 2018 2m Graz - Kopie.png,2208,forestfragmentation,0.23611390590667725,4,25.5,62.0
HighRes TrueColor 2018 2m Graz - Kopie.png,2209,forestfragmentation,0.2317001223564148,50,42.28,34.04
HighRes TrueColor 2018 2m Graz - Kopie.png,2210,forestfragmentation,0.20459550619125366,10,21.0,52.5
HighRes TrueColor 2018 2m Graz - Kopie.png,2211,forest,0.8007342219352722,73,44.945205479452056,29.73972602739726
HighRes TrueColor 2018 2m Graz - Kopie.png,2212,forestfragmentation,0.5023453235626221,28,46.82142857142857,4.607142857142857
HighRes TrueColor 2018 2m Graz - Kopie.png,2213,forestfragmentation,0.46974486112594604,9,25.0,2.3333333333333335
HighRes TrueColor 2018 2m Graz - Kopie.png,2214,forestfragmentation,0.3530274033546448,10,31.8,57.4
HighRes TrueColor 2018 2m Graz - Kopie.png,2215,forestfragmentation,0.3410681486129761,14,4.571428571428571,28.857142857142858
HighRes TrueColor 2018 2m Graz - Kopie.png,2216,forestfragmentation,0.26868581771850586,8,28.0,43.25
HighRes TrueColor 2018 2m Graz - Kopie.png,2217,forestfragmentation,0.23611390590667725,4,25.5,62.0
HighRes TrueColor 2018 2m Graz - Kopie.png,2218,forestfragmentation,0.2317001223564148,50,42.28,34.04
HighRes TrueColor 2018 2m Graz - Kopie.png,2219,forestfragmentation,0.20459550619125366,10,21.0,52.5
HighRes TrueColor 2018 2m Graz - Kopie.png,2220,forest,0.4869164228439331,91,33.714285714285715,35.53846153846154
HighRes TrueColor 2018 2m Graz - Kopie.png,2221,forestfragmentation,0.22548538446426392,11,5.0,3.4545454545454546
HighRes TrueColor 2018 2m Graz - Kopie.png,2222,forest,0.4869164228439331,91,33.714285714285715,35.53846153846154
HighRes TrueColor 2018 2m Graz - Kopie.png,2223,forestfragmentation,0.22548538446426392,11,5.0,3.4545454545454546
HighRes TrueColor 2018 2m Graz - Kopie.png,2224,forest,0.41927510499954224,16,44.0625,11.625
HighRes TrueColor 2018 2m Graz - Kopie.png,2225,forest,0.3796910047531128,57,38.26315789473684,21.82456140350877
HighRes TrueColor 2018 2m Graz - Kopie.png,2226,forest,0.41927510499954224,16,44.0625,11.625
HighRes TrueColor 2018 2m Graz - Kopie.png,2227,forest,0.3796910047531128,57,38.26315789473684,21.82456140350877
HighRes TrueColor 2018 2m Graz - Kopie.png,2228,forest,0.8865591883659363,13,43.23076923076923,37.84615384615385
HighRes TrueColor 2018 2m Graz - Kopie.png,2229,forestfragmentation,0.7351229190826416,17,52.05882352941177,10.823529411764707
HighRes TrueColor 2018 2m Graz - Kopie.png,2230,forestfragmentation,0.4711175560951233,16,3.6875,19.0
HighRes TrueColor 2018 2m Graz - Kopie.png,2231,forestfragmentation,0.4664655923843384,30,11.6,49.1
HighRes TrueColor 2018 2m Graz - Kopie.png,2232,forestfragmentation,0.34732168912887573,6,60.5,45.333333333333336
HighRes TrueColor 2018 2m Graz - Kopie.png,2233,forestfragmentation,0.3252909779548645,21,19.095238095238095,17.80952380952381
HighRes TrueColor 2018 2m Graz - Kopie.png,2234,forestfragmentation,0.27504318952560425,13,58.46153846153846,2.3846153846153846
HighRes TrueColor 2018 2m Graz - Kopie.png,2235,forestfragmentation,0.24949413537979126,9,24.444444444444443,44.0
HighRes TrueColor 2018 2m Graz - Kopie.png,2236,forestfragmentation,0.24821364879608154,18,8.277777777777779,37.5
HighRes TrueColor 2018 2m Graz - Kopie.png,2237,forestfragmentation,0.23710179328918457,21,47.42857142857143,53.61904761904762
HighRes TrueColor 2018 2m Graz - Kopie.png,2238,forest,0.23569273948669434,19,28.05263157894737,53.68421052631579
HighRes TrueColor 2018 2m Graz - Kopie.png,2239,forest,0.8865591883659363,13,43.23076923076923,37.84615384615385
HighRes TrueColor 2018 2m Graz - Kopie.png,2240,forestfragmentation,0.7351229190826416,17,52.05882352941177,10.823529411764707
HighRes TrueColor 2018 2m Graz - Kopie.png,2241,forestfragmentation,0.4711175560951233,16,3.6875,19.0
HighRes TrueColor 2018 2m Graz - Kopie.png,2242,forestfragmentation,0.4664655923843384,30,11.6,49.1
HighRes TrueColor 2018 2m Graz - Kopie.png,2243,forestfragmentation,0.34732168912887573,6,60.5,45.333333333333336
HighRes TrueColor 2018 2m Graz - Kopie.png,2244,forestfragmentation,0.3252909779548645,21,19.095238095238095,17.80952380952381
HighRes TrueColor 2018 2m Graz - Kopie.png,2245,forestfragmentation,0.27504318952560425,13,58.46153846153846,2.3846153846153846
HighRes TrueColor 2018 2m Graz - Kopie.png,2246,forestfragmentation,0.24949413537979126,9,24.444444444444443,44.0
HighRes TrueColor 2018 2m Graz - Kopie.png,2247,forestfragmentation,0.24821364879608154,18,8.277777777777779,37.5
HighRes TrueColor 2018 2m Graz - Kopie.png,2248,forestfragmentation,0.23710179328918457,21,47.42857142857143,53.61904761904762
HighRes TrueColor 2018 2m Graz - Kopie.png,2249,forest,0.23569273948669434,19,28.05263157894737,53.68421052631579
HighRes TrueColor 2018 2m Graz - Kopie.png,2250,forest,0.8545884490013123,59,41.94915254237288,18.508474576271187
HighRes TrueColor 2018 2m Graz - Kopie.png,2251,forestfragmentation,0.6658577919006348,12,56.666666666666664,25.083333333333332
HighRes TrueColor 2018 2m Graz - Kopie.png,2252,forestfragmentation,0.5848603844642639,34,17.38235294117647,5.882352941176471
HighRes TrueColor 2018 2m Graz - Kopie.png,2253,forestfragmentation,0.5814692378044128,11,2.6363636363636362,11.272727272727273
HighRes TrueColor 2018 2m Graz - Kopie.png,2254,forestfragmentation,0.4830631613731384,9,4.111111111111111,35.111111111111114
HighRes TrueColor 2018 2m Graz - Kopie.png,2255,forestfragmentation,0.4245678782463074,23,25.869565217391305,54.95652173913044
HighRes TrueColor 2018 2m Graz - Kopie.png,2256,forestfragmentation,0.28973424434661865,7,24.0,61.42857142857143
HighRes TrueColor 2018 2m Graz - Kopie.png,2257,forestfragmentation,0.28456419706344604,8,56.5,53.125
HighRes TrueColor 2018 2m Graz - Kopie.png,2258,forestfragmentation,0.24062579870224,56,20.089285714285715,34.0
HighRes TrueColor 2018 2m Graz - Kopie.png,2259,forest,0.8545884490013123,59,41.94915254237288,18.508474576271187
HighRes TrueColor 2018 2m Graz - Kopie.png,2260,forestfragmentation,0.6658577919006348,12,56.666666666666664,25.083333333333332
HighRes TrueColor 2018 2m Graz - Kopie.png,2261,forestfragmentation,0.5848603844642639,34,17.38235294117647,5.882352941176471
HighRes TrueColor 2018 2m Graz - Kopie.png,2262,forestfragmentation,0.5814692378044128,11,2.6363636363636362,11.272727272727273
HighRes TrueColor 2018 2m Graz - Kopie.png,2263,forestfragmentation,0.4830631613731384,9,4.111111111111111,35.111111111111114
HighRes TrueColor 2018 2m Graz - Kopie.png,2264,forestfragmentation,0.4245678782463074,23,25.869565217391305,54.95652173913044
HighRes TrueColor 2018 2m Graz - Kopie.png,2265,forestfragmentation,0.28973424434661865,7,24.0,61.42857142857143
HighRes TrueColor 2018 2m Graz - Kopie.png,2266,forestfragmentation,0.28456419706344604,8,56.5,53.125
HighRes TrueColor 2018 2m Graz - Kopie.png,2267,forestfragmentation,0.24062579870224,56,20.089285714285715,34.0
HighRes TrueColor 2018 2m Graz - Kopie.png,2268,forest,0.8586798906326294,64,26.28125,12.296875
HighRes TrueColor 2018 2m Graz - Kopie.png,2269,forestfragmentation,0.7084316611289978,14,4.285714285714286,24.642857142857142
HighRes TrueColor 2018 2m Graz - Kopie.png,2270,forestfragmentation,0.4198276400566101,11,50.36363636363637,6.7272727272727275
HighRes TrueColor 2018 2m Graz - Kopie.png,2271,forestfragmentation,0.36852651834487915,10,31.1,29.9
HighRes TrueColor 2018 2m Graz - Kopie.png,2272,forestfragmentation,0.2657899260520935,10,58.5,2.8
HighRes TrueColor 2018 2m Graz - Kopie.png,2273,forestfragmentation,0.2421107292175293,20,58.45,24.15
HighRes TrueColor 2018 2m Graz - Kopie.png,2274,forestfragmentation,0.23709475994110107,8,4.5,53.125
HighRes TrueColor 2018 2m Graz - Kopie.png,2275,forest,0.8586798906326294,64,26.28125,12.296875
HighRes TrueColor 2018 2m Graz - Kopie.png,2276,forestfragmentation,0.7084316611289978,14,4.285714285714286,24.642857142857142
HighRes TrueColor 2018 2m Graz - Kopie.png,2277,forestfragmentation,0.4198276400566101,11,50.36363636363637,6.7272727272727275
HighRes TrueColor 2018 2m Graz - Kopie.png,2278,forestfragmentation,0.36852651834487915,10,31.1,29.9
HighRes TrueColor 2018 2m Graz - Kopie.png,2279,forestfragmentation,0.2657899260520935,10,58.5,2.8
HighRes TrueColor 2018 2m Graz - Kopie.png,2280,forestfragmentation,0.2421107292175293,20,58.45,24.15
HighRes TrueColor 2018 2m Graz - Kopie.png,2281,forestfragmentation,0.23709475994110107,8,4.5,53.125
HighRes TrueColor 2018 2m Graz - Kopie.png,2282,forest,0.6341345310211182,16,55.375,10.8125
HighRes TrueColor 2018 2m Graz - Kopie.png,2283,forest,0.6084044575691223,25,40.0,32.96
HighRes TrueColor 2018 2m Graz - Kopie.png,2284,forest,0.41905325651168823,53,14.264150943396226,16.09433962264151
HighRes TrueColor 2018 2m Graz - Kopie.png,2285,forest,0.40586262941360474,16,48.9375,1.4375
HighRes TrueColor 2018 2m Graz - Kopie.png,2286,forest,0.3213735818862915,58,15.758620689655173,48.39655172413793
HighRes TrueColor 2018 2m Graz - Kopie.png,2287,forest,0.6341345310211182,16,55.375,10.8125
HighRes TrueColor 2018 2m Graz - Kopie.png,2288,forest,0.6084044575691223,25,40.0,32.96
HighRes TrueColor 2018 2m Graz - Kopie.png,2289,forest,0.41905325651168823,53,14.264150943396226,16.09433962264151
HighRes TrueColor 2018 2m Graz - Kopie.png,2290,forest,0.40586262941360474,16,48.9375,1.4375
HighRes TrueColor 2018 2m Graz - Kopie.png,2291,forest,0.3213735818862915,58,15.758620689655173,48.39655172413793
HighRes TrueColor 2018 2m Graz - Kopie.png,2292,forest,0.4580181837081909,13,51.0,59.92307692307692
HighRes TrueColor 2018 2m Graz - Kopie.png,2293,forest,0.4564692974090576,9,4.444444444444445,2.2222222222222223
HighRes TrueColor 2018 2m Graz - Kopie.png,2294,forest,0.3457574248313904,193,30.492227979274613,29.590673575129532
HighRes TrueColor 2018 2m Graz - Kopie.png,2295,forestfragmentation,0.2926778793334961,10,3.6,24.9
HighRes TrueColor 2018 2m Graz - Kopie.png,2296,forestfragmentation,0.2597739100456238,36,49.166666666666664,15.0
HighRes TrueColor 2018 2m Graz - Kopie.png,2297,forest,0.4580181837081909,13,51.0,59.92307692307692
HighRes TrueColor 2018 2m Graz - Kopie.png,2298,forest,0.4564692974090576,9,4.444444444444445,2.2222222222222223
HighRes TrueColor 2018 2m Graz - Kopie.png,2299,forest,0.3457574248313904,193,30.492227979274613,29.590673575129532
HighRes TrueColor 2018 2m Graz - Kopie.png,2300,forestfragmentation,0.2926778793334961,10,3.6,24.9
HighRes TrueColor 2018 2m Graz - Kopie.png,2301,forestfragmentation,0.2597739100456238,36,49.166666666666664,15.0
HighRes TrueColor 2018 2m Graz - Kopie.png,2302,forest,0.7320542335510254,111,16.2972972972973,29.936936936936938
HighRes TrueColor 2018 2m Graz - Kopie.png,2303,forestfragmentation,0.35374772548675537,7,58.57142857142857,47.285714285714285
HighRes TrueColor 2018 2m Graz - Kopie.png,2304,forestfragmentation,0.3354862928390503,17,48.588235294117645,6.352941176470588
HighRes TrueColor 2018 2m Graz - Kopie.png,2305,forestfragmentation,0.3214262127876282,5,56.6,19.0
HighRes TrueColor 2018 2m Graz - Kopie.png,2306,forest,0.7320542335510254,111,16.2972972972973,29.936936936936938
HighRes TrueColor 2018 2m Graz - Kopie.png,2307,forestfragmentation,0.35374772548675537,7,58.57142857142857,47.285714285714285
HighRes TrueColor 2018 2m Graz - Kopie.png,2308,forestfragmentation,0.3354862928390503,17,48.588235294117645,6.352941176470588
HighRes TrueColor 2018 2m Graz - Kopie.png,2309,forestfragmentation,0.3214262127876282,5,56.6,19.0
HighRes TrueColor 2018 2m Graz - Kopie.png,2310,forest,0.9308248162269592,18,33.833333333333336,7.777777777777778
HighRes TrueColor 2018 2m Graz - Kopie.png,2311,forestfragmentation,0.682763397693634,12,34.75,49.416666666666664
HighRes TrueColor 2018 2m Graz - Kopie.png,2312,forestfragmentation,0.5312007069587708,5,55.0,39.8
HighRes TrueColor 2018 2m Graz - Kopie.png,2313,forestfragmentation,0.4721725583076477,13,16.153846153846153,21.23076923076923
HighRes TrueColor 2018 2m Graz - Kopie.png,2314,forestfragmentation,0.38837265968322754,8,6.625,47.375
HighRes TrueColor 2018 2m Graz - Kopie.png,2315,forestfragmentation,0.34110307693481445,8,58.375,4.125
HighRes TrueColor 2018 2m Graz - Kopie.png,2316,forestfragmentation,0.3300279378890991,10,32.0,37.7
HighRes TrueColor 2018 2m Graz - Kopie.png,2317,forestfragmentation,0.2795015573501587,11,24.272727272727273,59.54545454545455
HighRes TrueColor 2018 2m Graz - Kopie.png,2318,forestfragmentation,0.27360016107559204,10,10.2,57.1
HighRes TrueColor 2018 2m Graz - Kopie.png,2319,forestfragmentation,0.267816960811615,22,34.68181818181818,3.3181818181818183
HighRes TrueColor 2018 2m Graz - Kopie.png,2320,forestfragmentation,0.23864269256591797,7,4.571428571428571,18.857142857142858
HighRes TrueColor 2018 2m Graz - Kopie.png,2321,forestfragmentation,0.20949023962020874,4,7.5,6.5
HighRes TrueColor 2018 2m Graz - Kopie.png,2322,forest,0.9308248162269592,18,33.833333333333336,7.777777777777778
HighRes TrueColor 2018 2m Graz - Kopie.png,2323,forestfragmentation,0.682763397693634,12,34.75,49.416666666666664
HighRes TrueColor 2018 2m Graz - Kopie.png,2324,forestfragmentation,0.5312007069587708,5,55.0,39.8
HighRes TrueColor 2018 2m Graz - Kopie.png,2325,forestfragmentation,0.4721725583076477,13,16.153846153846153,21.23076923076923
HighRes TrueColor 2018 2m Graz - Kopie.png,2326,forestfragmentation,0.38837265968322754,8,6.625,47.375
HighRes TrueColor 2018 2m Graz - Kopie.png,2327,forestfragmentation,0.34110307693481445,8,58.375,4.125
HighRes TrueColor 2018 2m Graz - Kopie.png,2328,forestfragmentation,0.3300279378890991,10,32.0,37.7
HighRes TrueColor 2018 2m Graz - Kopie.png,2329,forestfragmentation,0.2795015573501587,11,24.272727272727273,59.54545454545455
HighRes TrueColor 2018 2m Graz - Kopie.png,2330,forestfragmentation,0.27360016107559204,10,10.2,57.1
HighRes TrueColor 2018 2m Graz - Kopie.png,2331,forestfragmentation,0.267816960811615,22,34.68181818181818,3.3181818181818183
HighRes TrueColor 2018 2m Graz - Kopie.png,2332,forestfragmentation,0.23864269256591797,7,4.571428571428571,18.857142857142858
HighRes TrueColor 2018 2m Graz - Kopie.png,2333,forestfragmentation,0.20949023962020874,4,7.5,6.5
HighRes TrueColor 2018 2m Graz - Kopie.png,2334,forest,0.7626098990440369,4,31.5,31.5
HighRes TrueColor 2018 2m Graz - Kopie.png,2335,forestfragmentation,0.4999980926513672,10,59.7,8.8
HighRes TrueColor 2018 2m Graz - Kopie.png,2336,forestfragmentation,0.462985634803772,5,5.2,40.4
HighRes TrueColor 2018 2m Graz - Kopie.png,2337,forestfragmentation,0.3541501760482788,11,17.181818181818183,58.0
HighRes TrueColor 2018 2m Graz - Kopie.png,2338,forestfragmentation,0.33797067403793335,9,7.222222222222222,4.111111111111111
HighRes TrueColor 2018 2m Graz - Kopie.png,2339,forestfragmentation,0.3354952931404114,27,44.55555555555556,10.407407407407407
HighRes TrueColor 2018 2m Graz - Kopie.png,2340,forestfragmentation,0.2863311171531677,16,29.1875,58.0
HighRes TrueColor 2018 2m Graz - Kopie.png,2341,forest,0.7626098990440369,4,31.5,31.5
HighRes TrueColor 2018 2m Graz - Kopie.png,2342,forestfragmentation,0.4999980926513672,10,59.7,8.8
HighRes TrueColor 2018 2m Graz - Kopie.png,2343,forestfragmentation,0.462985634803772,5,5.2,40.4
HighRes TrueColor 2018 2m Graz - Kopie.png,2344,forestfragmentation,0.3541501760482788,11,17.181818181818183,58.0
HighRes TrueColor 2018 2m Graz - Kopie.png,2345,forestfragmentation,0.33797067403793335,9,7.222222222222222,4.111111111111111
HighRes TrueColor 2018 2m Graz - Kopie.png,2346,forestfragmentation,0.3354952931404114,27,44.55555555555556,10.407407407407407
HighRes TrueColor 2018 2m Graz - Kopie.png,2347,forestfragmentation,0.2863311171531677,16,29.1875,58.0
HighRes TrueColor 2018 2m Graz - Kopie.png,2348,forest,0.8458537459373474,12,42.083333333333336,12.5
HighRes TrueColor 2018 2m Graz - Kopie.png,2349,forestfragmentation,0.2664167284965515,7,7.0,20.571428571428573
HighRes TrueColor 2018 2m Graz - Kopie.png,2350,forestfragmentation,0.23632550239562988,9,3.2222222222222223,61.111111111111114
HighRes TrueColor 2018 2m Graz - Kopie.png,2351,forestfragmentation,0.22685861587524414,14,58.357142857142854,35.57142857142857
HighRes TrueColor 2018 2m Graz - Kopie.png,2352,forestfragmentation,0.2235112190246582,21,39.523809523809526,10.095238095238095
HighRes TrueColor 2018 2m Graz - Kopie.png,2353,forestfragmentation,0.20125353336334229,6,25.0,61.333333333333336
HighRes TrueColor 2018 2m Graz - Kopie.png,2354,forest,0.8458537459373474,12,42.083333333333336,12.5
HighRes TrueColor 2018 2m Graz - Kopie.png,2355,forestfragmentation,0.2664167284965515,7,7.0,20.571428571428573
HighRes TrueColor 2018 2m Graz - Kopie.png,2356,forestfragmentation,0.23632550239562988,9,3.2222222222222223,61.111111111111114
HighRes TrueColor 2018 2m Graz - Kopie.png,2357,forestfragmentation,0.22685861587524414,14,58.357142857142854,35.57142857142857
HighRes TrueColor 2018 2m Graz - Kopie.png,2358,forestfragmentation,0.2235112190246582,21,39.523809523809526,10.095238095238095
HighRes TrueColor 2018 2m Graz - Kopie.png,2359,forestfragmentation,0.20125353336334229,6,25.0,61.333333333333336
HighRes TrueColor 2018 2m Graz - Kopie.png,2360,forest,0.7729651927947998,55,42.654545454545456,14.472727272727273
HighRes TrueColor 2018 2m Graz - Kopie.png,2361,forestfragmentation,0.42692261934280396,12,54.833333333333336,59.916666666666664
HighRes TrueColor 2018 2m Graz - Kopie.png,2362,forestfragmentation,0.22124159336090088,11,6.454545454545454,35.09090909090909
HighRes TrueColor 2018 2m Graz - Kopie.png,2363,forest,0.7729651927947998,55,42.654545454545456,14.472727272727273
HighRes TrueColor 2018 2m Graz - Kopie.png,2364,forestfragmentation,0.42692261934280396,12,54.833333333333336,59.916666666666664
HighRes TrueColor 2018 2m Graz - Kopie.png,2365,forestfragmentation,0.22124159336090088,11,6.454545454545454,35.09090909090909
HighRes TrueColor 2018 2m Graz - Kopie.png,2366,forest,0.6580727696418762,47,26.170212765957448,22.06382978723404
HighRes TrueColor 2018 2m Graz - Kopie.png,2367,forestfragmentation,0.5816863179206848,26,19.115384615384617,40.11538461538461
HighRes TrueColor 2018 2m Graz - Kopie.png,2368,forestfragmentation,0.4826827049255371,13,3.3846153846153846,60.38461538461539
HighRes TrueColor 2018 2m Graz - Kopie.png,2369,forest,0.45953118801116943,11,38.36363636363637,2.0
HighRes TrueColor 2018 2m Graz - Kopie.png,2370,forestfragmentation,0.36656296253204346,11,6.090909090909091,39.0
HighRes TrueColor 2018 2m Graz - Kopie.png,2371,forestfragmentation,0.36369699239730835,13,53.0,34.0
HighRes TrueColor 2018 2m Graz - Kopie.png,2372,forest,0.2977341413497925,17,3.0588235294117645,11.823529411764707
HighRes TrueColor 2018 2m Graz - Kopie.png,2373,forest,0.6580727696418762,47,26.170212765957448,22.06382978723404
HighRes TrueColor 2018 2m Graz - Kopie.png,2374,forestfragmentation,0.5816863179206848,26,19.115384615384617,40.11538461538461
HighRes TrueColor 2018 2m Graz - Kopie.png,2375,forestfragmentation,0.4826827049255371,13,3.3846153846153846,60.38461538461539
HighRes TrueColor 2018 2m Graz - Kopie.png,2376,forest,0.45953118801116943,11,38.36363636363637,2.0
HighRes TrueColor 2018 2m Graz - Kopie.png,2377,forestfragmentation,0.36656296253204346,11,6.090909090909091,39.0
HighRes TrueColor 2018 2m Graz - Kopie.png,2378,forestfragmentation,0.36369699239730835,13,53.0,34.0
HighRes TrueColor 2018 2m Graz - Kopie.png,2379,forest,0.2977341413497925,17,3.0588235294117645,11.823529411764707
HighRes TrueColor 2018 2m Graz - Kopie.png,2380,forest,0.3002527356147766,45,8.866666666666667,36.06666666666667
HighRes TrueColor 2018 2m Graz - Kopie.png,2381,forestfragmentation,0.29242002964019775,9,2.3333333333333335,33.22222222222222
HighRes TrueColor 2018 2m Graz - Kopie.png,2382,forest,0.2840440273284912,5,50.2,0.8
HighRes TrueColor 2018 2m Graz - Kopie.png,2383,forestfragmentation,0.27077043056488037,6,14.5,59.5
HighRes TrueColor 2018 2m Graz - Kopie.png,2384,forest,0.2497473955154419,14,40.0,2.642857142857143
HighRes TrueColor 2018 2m Graz - Kopie.png,2385,forest,0.3002527356147766,45,8.866666666666667,36.06666666666667
HighRes TrueColor 2018 2m Graz - Kopie.png,2386,forestfragmentation,0.29242002964019775,9,2.3333333333333335,33.22222222222222
HighRes TrueColor 2018 2m Graz - Kopie.png,2387,forest,0.2840440273284912,5,50.2,0.8
HighRes TrueColor 2018 2m Graz - Kopie.png,2388,forestfragmentation,0.27077043056488037,6,14.5,59.5
HighRes TrueColor 2018 2m Graz - Kopie.png,2389,forest,0.2497473955154419,14,40.0,2.642857142857143
HighRes TrueColor 2018 2m Graz - Kopie.png,2390,forest,0.4833097457885742,89,27.808988764044944,16.0561797752809
HighRes TrueColor 2018 2m Graz - Kopie.png,2391,forestfragmentation,0.36720192432403564,4,49.0,48.0
HighRes TrueColor 2018 2m Graz - Kopie.png,2392,forestfragmentation,0.27796489000320435,7,47.142857142857146,23.285714285714285
HighRes TrueColor 2018 2m Graz - Kopie.png,2393,forestfragmentation,0.23300951719284058,14,60.0,48.142857142857146
HighRes TrueColor 2018 2m Graz - Kopie.png,2394,forest,0.4833097457885742,89,27.808988764044944,16.0561797752809
HighRes TrueColor 2018 2m Graz - Kopie.png,2395,forestfragmentation,0.36720192432403564,4,49.0,48.0
HighRes TrueColor 2018 2m Graz - Kopie.png,2396,forestfragmentation,0.27796489000320435,7,47.142857142857146,23.285714285714285
HighRes TrueColor 2018 2m Graz - Kopie.png,2397,forestfragmentation,0.23300951719284058,14,60.0,48.142857142857146
HighRes TrueColor 2018 2m Graz - Kopie.png,2398,forest,0.8225540518760681,61,48.67213114754098,43.39344262295082
HighRes TrueColor 2018 2m Graz - Kopie.png,2399,forestfragmentation,0.4213072657585144,11,8.818181818181818,23.272727272727273
HighRes TrueColor 2018 2m Graz - Kopie.png,2400,forestfragmentation,0.3793231248855591,23,22.26086956521739,35.21739130434783
HighRes TrueColor 2018 2m Graz - Kopie.png,2401,forestfragmentation,0.2999388575553894,8,19.375,17.75
HighRes TrueColor 2018 2m Graz - Kopie.png,2402,forestfragmentation,0.2652525305747986,13,31.923076923076923,4.076923076923077
HighRes TrueColor 2018 2m Graz - Kopie.png,2403,forest,0.8225540518760681,61,48.67213114754098,43.39344262295082
HighRes TrueColor 2018 2m Graz - Kopie.png,2404,forestfragmentation,0.4213072657585144,11,8.818181818181818,23.272727272727273
HighRes TrueColor 2018 2m Graz - Kopie.png,2405,forestfragmentation,0.3793231248855591,23,22.26086956521739,35.21739130434783
HighRes TrueColor 2018 2m Graz - Kopie.png,2406,forestfragmentation,0.2999388575553894,8,19.375,17.75
HighRes TrueColor 2018 2m Graz - Kopie.png,2407,forestfragmentation,0.2652525305747986,13,31.923076923076923,4.076923076923077
HighRes TrueColor 2018 2m Graz - Kopie.png,2408,forest,0.7667713165283203,18,28.833333333333332,56.44444444444444
HighRes TrueColor 2018 2m Graz - Kopie.png,2409,forest,0.6462618708610535,16,7.625,55.0
HighRes TrueColor 2018 2m Graz - Kopie.png,2410,forest,0.5678579807281494,139,30.92086330935252,31.884892086330936
HighRes TrueColor 2018 2m Graz - Kopie.png,2411,forestfragmentation,0.2780362367630005,21,54.666666666666664,51.04761904761905
HighRes TrueColor 2018 2m Graz - Kopie.png,2412,forestfragmentation,0.25714045763015747,17,34.35294117647059,2.235294117647059
HighRes TrueColor 2018 2m Graz - Kopie.png,2413,forest,0.7667713165283203,18,28.833333333333332,56.44444444444444
HighRes TrueColor 2018 2m Graz - Kopie.png,2414,forest,0.6462618708610535,16,7.625,55.0
HighRes TrueColor 2018 2m Graz - Kopie.png,2415,forest,0.5678579807281494,139,30.92086330935252,31.884892086330936
HighRes TrueColor 2018 2m Graz - Kopie.png,2416,forestfragmentation,0.2780362367630005,21,54.666666666666664,51.04761904761905
HighRes TrueColor 2018 2m Graz - Kopie.png,2417,forestfragmentation,0.25714045763015747,17,34.35294117647059,2.235294117647059
HighRes TrueColor 2018 2m Graz - Kopie.png,2418,forest,0.7964365482330322,155,34.56774193548387,38.21290322580645
HighRes TrueColor 2018 2m Graz - Kopie.png,2419,forestfragmentation,0.30898135900497437,29,50.310344827586206,51.3448275862069
HighRes TrueColor 2018 2m Graz - Kopie.png,2420,forestfragmentation,0.21659034490585327,16,24.1875,1.8125
HighRes TrueColor 2018 2m Graz - Kopie.png,2421,forest,0.7964365482330322,155,34.56774193548387,38.21290322580645
HighRes TrueColor 2018 2m Graz - Kopie.png,2422,forestfragmentation,0.30898135900497437,29,50.310344827586206,51.3448275862069
HighRes TrueColor 2018 2m Graz - Kopie.png,2423,forestfragmentation,0.21659034490585327,16,24.1875,1.8125
HighRes TrueColor 2018 2m Graz - Kopie.png,2424,forest,0.8741877675056458,4,31.5,31.5
HighRes TrueColor 2018 2m Graz - Kopie.png,2425,forestfragmentation,0.785058319568634,18,50.55555555555556,6.388888888888889
HighRes TrueColor 2018 2m Graz - Kopie.png,2426,forestfragmentation,0.7256290912628174,29,13.137931034482758,43.03448275862069
HighRes TrueColor 2018 2m Graz - Kopie.png,2427,forestfragmentation,0.4892778992652893,14,3.4285714285714284,13.5
HighRes TrueColor 2018 2m Graz - Kopie.png,2428,forestfragmentation,0.36938339471817017,15,18.0,15.266666666666667
HighRes TrueColor 2018 2m Graz - Kopie.png,2429,forestfragmentation,0.32498985528945923,5,61.2,40.2
HighRes TrueColor 2018 2m Graz - Kopie.png,2430,forestfragmentation,0.2961072325706482,9,24.444444444444443,39.0
HighRes TrueColor 2018 2m Graz - Kopie.png,2431,forestfragmentation,0.23918235301971436,19,10.894736842105264,32.473684210526315
HighRes TrueColor 2018 2m Graz - Kopie.png,2432,forestfragmentation,0.21594643592834473,7,60.285714285714285,60.42857142857143
HighRes TrueColor 2018 2m Graz - Kopie.png,2433,forestfragmentation,0.215875506401062,8,15.625,8.5
HighRes TrueColor 2018 2m Graz - Kopie.png,2434,forestfragmentation,0.20983141660690308,28,47.714285714285715,48.714285714285715
HighRes TrueColor 2018 2m Graz - Kopie.png,2435,forest,0.8741877675056458,4,31.5,31.5
HighRes TrueColor 2018 2m Graz - Kopie.png,2436,forestfragmentation,0.785058319568634,18,50.55555555555556,6.388888888888889
HighRes TrueColor 2018 2m Graz - Kopie.png,2437,forestfragmentation,0.7256290912628174,29,13.137931034482758,43.03448275862069
HighRes TrueColor 2018 2m Graz - Kopie.png,2438,forestfragmentation,0.4892778992652893,14,3.4285714285714284,13.5
HighRes TrueColor 2018 2m Graz - Kopie.png,2439,forestfragmentation,0.36938339471817017,15,18.0,15.266666666666667
HighRes TrueColor 2018 2m Graz - Kopie.png,2440,forestfragmentation,0.32498985528945923,5,61.2,40.2
HighRes TrueColor 2018 2m Graz - Kopie.png,2441,forestfragmentation,0.2961072325706482,9,24.444444444444443,39.0
HighRes TrueColor 2018 2m Graz - Kopie.png,2442,forestfragmentation,0.23918235301971436,19,10.894736842105264,32.473684210526315
HighRes TrueColor 2018 2m Graz - Kopie.png,2443,forestfragmentation,0.21594643592834473,7,60.285714285714285,60.42857142857143
HighRes TrueColor 2018 2m Graz - Kopie.png,2444,forestfragmentation,0.215875506401062,8,15.625,8.5
HighRes TrueColor 2018 2m Graz - Kopie.png,2445,forestfragmentation,0.20983141660690308,28,47.714285714285715,48.714285714285715
HighRes TrueColor 2018 2m Graz - Kopie.png,2446,forest,0.786720335483551,19,46.473684210526315,15.31578947368421
HighRes TrueColor 2018 2m Graz - Kopie.png,2447,forestfragmentation,0.7435110211372375,8,25.375,58.25
HighRes TrueColor 2018 2m Graz - Kopie.png,2448,forestfragmentation,0.7352824211120605,12,56.666666666666664,20.083333333333332
HighRes TrueColor 2018 2m Graz - Kopie.png,2449,forestfragmentation,0.6221444010734558,19,22.263157894736842,3.6315789473684212
HighRes TrueColor 2018 2m Graz - Kopie.png,2450,forestfragmentation,0.5320321917533875,19,25.31578947368421,49.578947368421055
HighRes TrueColor 2018 2m Graz - Kopie.png,2451,forestfragmentation,0.4912387728691101,10,2.9,5.4
HighRes TrueColor 2018 2m Graz - Kopie.png,2452,forestfragmentation,0.3847314119338989,8,4.0,32.0
HighRes TrueColor 2018 2m Graz - Kopie.png,2453,forestfragmentation,0.33364367485046387,8,9.75,61.0
HighRes TrueColor 2018 2m Graz - Kopie.png,2454,forestfragmentation,0.2566707730293274,7,56.57142857142857,48.0
HighRes TrueColor 2018 2m Graz - Kopie.png,2455,forestfragmentation,0.24101179838180542,64,28.671875,31.75
HighRes TrueColor 2018 2m Graz - Kopie.png,2456,forest,0.786720335483551,19,46.473684210526315,15.31578947368421
HighRes TrueColor 2018 2m Graz - Kopie.png,2457,forestfragmentation,0.7435110211372375,8,25.375,58.25
HighRes TrueColor 2018 2m Graz - Kopie.png,2458,forestfragmentation,0.7352824211120605,12,56.666666666666664,20.083333333333332
HighRes TrueColor 2018 2m Graz - Kopie.png,2459,forestfragmentation,0.6221444010734558,19,22.263157894736842,3.6315789473684212
HighRes TrueColor 2018 2m Graz - Kopie.png,2460,forestfragmentation,0.5320321917533875,19,25.31578947368421,49.578947368421055
HighRes TrueColor 2018 2m Graz - Kopie.png,2461,forestfragmentation,0.4912387728691101,10,2.9,5.4
HighRes TrueColor 2018 2m Graz - Kopie.png,2462,forestfragmentation,0.3847314119338989,8,4.0,32.0
HighRes TrueColor 2018 2m Graz - Kopie.png,2463,forestfragmentation,0.33364367485046387,8,9.75,61.0
HighRes TrueColor 2018 2m Graz - Kopie.png,2464,forestfragmentation,0.2566707730293274,7,56.57142857142857,48.0
HighRes TrueColor 2018 2m Graz - Kopie.png,2465,forestfragmentation,0.24101179838180542,64,28.671875,31.75
HighRes TrueColor 2018 2m Graz - Kopie.png,2466,forest,0.8907049298286438,101,42.78217821782178,36.01980198019802
HighRes TrueColor 2018 2m Graz - Kopie.png,2467,forestfragmentation,0.6836299300193787,12,4.833333333333333,20.083333333333332
HighRes TrueColor 2018 2m Graz - Kopie.png,2468,forestfragmentation,0.4713573455810547,10,31.8,24.9
HighRes TrueColor 2018 2m Graz - Kopie.png,2469,forestfragmentation,0.4258139133453369,39,34.64102564102564,46.666666666666664
HighRes TrueColor 2018 2m Graz - Kopie.png,2470,forestfragmentation,0.24136501550674438,9,50.888888888888886,2.2222222222222223
HighRes TrueColor 2018 2m Graz - Kopie.png,2471,forestfragmentation,0.2295176386833191,7,4.571428571428571,48.0
HighRes TrueColor 2018 2m Graz - Kopie.png,2472,forestfragmentation,0.20772838592529297,30,14.833333333333334,37.5
HighRes TrueColor 2018 2m Graz - Kopie.png,2473,forestfragmentation,0.20626020431518555,21,58.285714285714285,20.428571428571427
HighRes TrueColor 2018 2m Graz - Kopie.png,2474,forestfragmentation,0.20375049114227295,9,2.111111111111111,6.888888888888889
HighRes TrueColor 2018 2m Graz - Kopie.png,2475,forest,0.8907049298286438,101,42.78217821782178,36.01980198019802
HighRes TrueColor 2018 2m Graz - Kopie.png,2476,forestfragmentation,0.6836299300193787,12,4.833333333333333,20.083333333333332
HighRes TrueColor 2018 2m Graz - Kopie.png,2477,forestfragmentation,0.4713573455810547,10,31.8,24.9
HighRes TrueColor 2018 2m Graz - Kopie.png,2478,forestfragmentation,0.4258139133453369,39,34.64102564102564,46.666666666666664
HighRes TrueColor 2018 2m Graz - Kopie.png,2479,forestfragmentation,0.24136501550674438,9,50.888888888888886,2.2222222222222223
HighRes TrueColor 2018 2m Graz - Kopie.png,2480,forestfragmentation,0.2295176386833191,7,4.571428571428571,48.0
HighRes TrueColor 2018 2m Graz - Kopie.png,2481,forestfragmentation,0.20772838592529297,30,14.833333333333334,37.5
HighRes TrueColor 2018 2m Graz - Kopie.png,2482,forestfragmentation,0.20626020431518555,21,58.285714285714285,20.428571428571427
HighRes TrueColor 2018 2m Graz - Kopie.png,2483,forestfragmentation,0.20375049114227295,9,2.111111111111111,6.888888888888889
HighRes TrueColor 2018 2m Graz - Kopie.png,2484,forest,0.731192409992218,20,53.85,4.95
HighRes TrueColor 2018 2m Graz - Kopie.png,2485,forest,0.6516164541244507,32,39.84375,27.21875
HighRes TrueColor 2018 2m Graz - Kopie.png,2486,forest,0.4343903064727783,38,13.026315789473685,15.710526315789474
HighRes TrueColor 2018 2m Graz - Kopie.png,2487,forest,0.2639862298965454,114,31.859649122807017,47.86842105263158
HighRes TrueColor 2018 2m Graz - Kopie.png,2488,forest,0.731192409992218,20,53.85,4.95
HighRes TrueColor 2018 2m Graz - Kopie.png,2489,forest,0.6516164541244507,32,39.84375,27.21875
HighRes TrueColor 2018 2m Graz - Kopie.png,2490,forest,0.4343903064727783,38,13.026315789473685,15.710526315789474
HighRes TrueColor 2018 2m Graz - Kopie.png,2491,forest,0.2639862298965454,114,31.859649122807017,47.86842105263158
HighRes TrueColor 2018 2m Graz - Kopie.png,2492,forest,0.5252290964126587,17,7.529411764705882,5.529411764705882
HighRes TrueColor 2018 2m Graz - Kopie.png,2493,forest,0.36684417724609375,22,56.81818181818182,37.63636363636363
HighRes TrueColor 2018 2m Graz - Kopie.png,2494,forest,0.2779548168182373,9,60.333333333333336,53.77777777777778
HighRes TrueColor 2018 2m Graz - Kopie.png,2495,forest,0.24956804513931274,59,36.59322033898305,24.423728813559322
HighRes TrueColor 2018 2m Graz - Kopie.png,2496,forest,0.23720508813858032,67,55.52238805970149,28.880597014925375
HighRes TrueColor 2018 2m Graz - Kopie.png,2497,forest,0.5252290964126587,17,7.529411764705882,5.529411764705882
HighRes TrueColor 2018 2m Graz - Kopie.png,2498,forest,0.36684417724609375,22,56.81818181818182,37.63636363636363
HighRes TrueColor 2018 2m Graz - Kopie.png,2499,forest,0.2779548168182373,9,60.333333333333336,53.77777777777778
HighRes TrueColor 2018 2m Graz - Kopie.png,2500,forest,0.24956804513931274,59,36.59322033898305,24.423728813559322
HighRes TrueColor 2018 2m Graz - Kopie.png,2501,forest,0.23720508813858032,67,55.52238805970149,28.880597014925375
HighRes TrueColor 2018 2m Graz - Kopie.png,2502,forestfragmentation,0.45649880170822144,11,4.0,7.818181818181818
HighRes TrueColor 2018 2m Graz - Kopie.png,2503,forest,0.436326801776886,172,27.796511627906977,32.21511627906977
HighRes TrueColor 2018 2m Graz - Kopie.png,2504,forestfragmentation,0.32484614849090576,5,58.6,1.4
HighRes TrueColor 2018 2m Graz - Kopie.png,2505,forestfragmentation,0.23608392477035522,11,45.27272727272727,5.454545454545454
HighRes TrueColor 2018 2m Graz - Kopie.png,2506,forestfragmentation,0.23306721448898315,5,56.6,14.0
HighRes TrueColor 2018 2m Graz - Kopie.png,2507,forestfragmentation,0.2204955816268921,7,58.57142857142857,42.285714285714285
HighRes TrueColor 2018 2m Graz - Kopie.png,2508,forestfragmentation,0.45649880170822144,11,4.0,7.818181818181818
HighRes TrueColor 2018 2m Graz - Kopie.png,2509,forest,0.436326801776886,172,27.796511627906977,32.21511627906977
HighRes TrueColor 2018 2m Graz - Kopie.png,2510,forestfragmentation,0.32484614849090576,5,58.6,1.4
HighRes TrueColor 2018 2m Graz - Kopie.png,2511,forestfragmentation,0.23608392477035522,11,45.27272727272727,5.454545454545454
HighRes TrueColor 2018 2m Graz - Kopie.png,2512,forestfragmentation,0.23306721448898315,5,56.6,14.0
HighRes TrueColor 2018 2m Graz - Kopie.png,2513,forestfragmentation,0.2204955816268921,7,58.57142857142857,42.285714285714285
HighRes TrueColor 2018 2m Graz - Kopie.png,2514,forest,0.9104545712471008,4,31.5,31.5
HighRes TrueColor 2018 2m Graz - Kopie.png,2515,forestfragmentation,0.6522822976112366,17,34.88235294117647,43.94117647058823
HighRes TrueColor 2018 2m Graz - Kopie.png,2516,forestfragmentation,0.5439904928207397,10,16.9,15.6
HighRes TrueColor 2018 2m Graz - Kopie.png,2517,forestfragmentation,0.5323441624641418,9,54.333333333333336,34.22222222222222
HighRes TrueColor 2018 2m Graz - Kopie.png,2518,forestfragmentation,0.45727288722991943,8,6.625,42.375
HighRes TrueColor 2018 2m Graz - Kopie.png,2519,forestfragmentation,0.3351914882659912,5,6.6,1.4
HighRes TrueColor 2018 2m Graz - Kopie.png,2520,forestfragmentation,0.26535606384277344,14,22.857142857142858,55.285714285714285
HighRes TrueColor 2018 2m Graz - Kopie.png,2521,forestfragmentation,0.20489394664764404,5,4.6,14.0
HighRes TrueColor 2018 2m Graz - Kopie.png,2522,forest,0.9104545712471008,4,31.5,31.5
HighRes TrueColor 2018 2m Graz - Kopie.png,2523,forestfragmentation,0.6522822976112366,17,34.88235294117647,43.94117647058823
HighRes TrueColor 2018 2m Graz - Kopie.png,2524,forestfragmentation,0.5439904928207397,10,16.9,15.6
HighRes TrueColor 2018 2m Graz - Kopie.png,2525,forestfragmentation,0.5323441624641418,9,54.333333333333336,34.22222222222222
HighRes TrueColor 2018 2m Graz - Kopie.png,2526,forestfragmentation,0.45727288722991943,8,6.625,42.375
HighRes TrueColor 2018 2m Graz - Kopie.png,2527,forestfragmentation,0.3351914882659912,5,6.6,1.4
HighRes TrueColor 2018 2m Graz - Kopie.png,2528,forestfragmentation,0.26535606384277344,14,22.857142857142858,55.285714285714285
HighRes TrueColor 2018 2m Graz - Kopie.png,2529,forestfragmentation,0.20489394664764404,5,4.6,14.0
HighRes TrueColor 2018 2m Graz - Kopie.png,2530,forest,0.8383229970932007,4,31.5,31.5
HighRes TrueColor 2018 2m Graz - Kopie.png,2531,forestfragmentation,0.5139244794845581,5,5.2,35.4
HighRes TrueColor 2018 2m Graz - Kopie.png,2532,forestfragmentation,0.44861936569213867,12,60.083333333333336,3.5833333333333335
HighRes TrueColor 2018 2m Graz - Kopie.png,2533,forestfragmentation,0.3884945511817932,17,51.529411764705884,58.470588235294116
HighRes TrueColor 2018 2m Graz - Kopie.png,2534,forestfragmentation,0.3515899181365967,8,2.125,59.375
HighRes TrueColor 2018 2m Graz - Kopie.png,2535,forestfragmentation,0.2788729667663574,14,55.357142857142854,16.071428571428573
HighRes TrueColor 2018 2m Graz - Kopie.png,2536,forestfragmentation,0.25150150060653687,8,27.125,23.75
HighRes TrueColor 2018 2m Graz - Kopie.png,2537,forestfragmentation,0.21420174837112427,34,37.55882352941177,33.8235294117647
HighRes TrueColor 2018 2m Graz - Kopie.png,2538,forestfragmentation,0.21306663751602173,10,17.2,52.8
HighRes TrueColor 2018 2m Graz - Kopie.png,2539,forest,0.8383229970932007,4,31.5,31.5
HighRes TrueColor 2018 2m Graz - Kopie.png,2540,forestfragmentation,0.5139244794845581,5,5.2,35.4
HighRes TrueColor 2018 2m Graz - Kopie.png,2541,forestfragmentation,0.44861936569213867,12,60.083333333333336,3.5833333333333335
HighRes TrueColor 2018 2m Graz - Kopie.png,2542,forestfragmentation,0.3884945511817932,17,51.529411764705884,58.470588235294116
HighRes TrueColor 2018 2m Graz - Kopie.png,2543,forestfragmentation,0.3515899181365967,8,2.125,59.375
HighRes TrueColor 2018 2m Graz - Kopie.png,2544,forestfragmentation,0.2788729667663574,14,55.357142857142854,16.071428571428573
HighRes TrueColor 2018 2m Graz - Kopie.png,2545,forestfragmentation,0.25150150060653687,8,27.125,23.75
HighRes TrueColor 2018 2m Graz - Kopie.png,2546,forestfragmentation,0.21420174837112427,34,37.55882352941177,33.8235294117647
HighRes TrueColor 2018 2m Graz - Kopie.png,2547,forestfragmentation,0.21306663751602173,10,17.2,52.8
HighRes TrueColor 2018 2m Graz - Kopie.png,2548,forest,0.8436549305915833,23,47.34782608695652,10.347826086956522
HighRes TrueColor 2018 2m Graz - Kopie.png,2549,forestfragmentation,0.3120206594467163,8,6.875,14.875
HighRes TrueColor 2018 2m Graz - Kopie.png,2550,forestfragmentation,0.2858316898345947,6,20.333333333333332,25.5
HighRes TrueColor 2018 2m Graz - Kopie.png,2551,forestfragmentation,0.23410660028457642,20,14.8,47.05
HighRes TrueColor 2018 2m Graz - Kopie.png,2552,forest,0.8436549305915833,23,47.34782608695652,10.347826086956522
HighRes TrueColor 2018 2m Graz - Kopie.png,2553,forestfragmentation,0.3120206594467163,8,6.875,14.875
HighRes TrueColor 2018 2m Graz - Kopie.png,2554,forestfragmentation,0.2858316898345947,6,20.333333333333332,25.5
HighRes TrueColor 2018 2m Graz - Kopie.png,2555,forestfragmentation,0.23410660028457642,20,14.8,47.05
HighRes TrueColor 2018 2m Graz - Kopie.png,2556,forest,0.7678605914115906,85,39.45882352941177,17.16470588235294
HighRes TrueColor 2018 2m Graz - Kopie.png,2557,forestfragmentation,0.30382663011550903,15,55.4,55.8
HighRes TrueColor 2018 2m Graz - Kopie.png,2558,forestfragmentation,0.21188580989837646,16,6.5625,30.5
HighRes TrueColor 2018 2m Graz - Kopie.png,2559,forest,0.7678605914115906,85,39.45882352941177,17.16470588235294
HighRes TrueColor 2018 2m Graz - Kopie.png,2560,forestfragmentation,0.30382663011550903,15,55.4,55.8
HighRes TrueColor 2018 2m Graz - Kopie.png,2561,forestfragmentation,0.21188580989837646,16,6.5625,30.5
HighRes TrueColor 2018 2m Graz - Kopie.png,2562,forest,0.6871718764305115,65,22.784615384615385,13.753846153846155
HighRes TrueColor 2018 2m Graz - Kopie.png,2563,forestfragmentation,0.5898190140724182,25,19.0,34.8
HighRes TrueColor 2018 2m Graz - Kopie.png,2564,forestfragmentation,0.3004269599914551,13,52.76923076923077,28.923076923076923
HighRes TrueColor 2018 2m Graz - Kopie.png,2565,forest,0.26474910974502563,11,53.18181818181818,2.1818181818181817
HighRes TrueColor 2018 2m Graz - Kopie.png,2566,forestfragmentation,0.20452672243118286,8,3.5,56.0
HighRes TrueColor 2018 2m Graz - Kopie.png,2567,forest,0.6871718764305115,65,22.784615384615385,13.753846153846155
HighRes TrueColor 2018 2m Graz - Kopie.png,2568,forestfragmentation,0.5898190140724182,25,19.0,34.8
HighRes TrueColor 2018 2m Graz - Kopie.png,2569,forestfragmentation,0.3004269599914551,13,52.76923076923077,28.923076923076923
HighRes TrueColor 2018 2m Graz - Kopie.png,2570,forest,0.26474910974502563,11,53.18181818181818,2.1818181818181817
HighRes TrueColor 2018 2m Graz - Kopie.png,2571,forestfragmentation,0.20452672243118286,8,3.5,56.0
HighRes TrueColor 2018 2m Graz - Kopie.png,2572,forest,0.49231112003326416,14,57.214285714285715,1.8571428571428572
HighRes TrueColor 2018 2m Graz - Kopie.png,2573,forestfragmentation,0.3679492473602295,8,2.75,28.0
HighRes TrueColor 2018 2m Graz - Kopie.png,2574,forest,0.3462054133415222,42,13.071428571428571,34.57142857142857
HighRes TrueColor 2018 2m Graz - Kopie.png,2575,forest,0.49231112003326416,14,57.214285714285715,1.8571428571428572
HighRes TrueColor 2018 2m Graz - Kopie.png,2576,forestfragmentation,0.3679492473602295,8,2.75,28.0
HighRes TrueColor 2018 2m Graz - Kopie.png,2577,forest,0.3462054133415222,42,13.071428571428571,34.57142857142857
HighRes TrueColor 2018 2m Graz - Kopie.png,2578,forestfragmentation,0.38630616664886475,7,47.0,18.285714285714285
HighRes TrueColor 2018 2m Graz - Kopie.png,2579,forestfragmentation,0.3318548798561096,46,52.52173913043478,9.41304347826087
HighRes TrueColor 2018 2m Graz - Kopie.png,2580,forest,0.3161737322807312,45,21.644444444444446,11.911111111111111
HighRes TrueColor 2018 2m Graz - Kopie.png,2581,forestfragmentation,0.2841836214065552,7,48.285714285714285,43.714285714285715
HighRes TrueColor 2018 2m Graz - Kopie.png,2582,forestfragmentation,0.2586175203323364,12,59.666666666666664,42.5
HighRes TrueColor 2018 2m Graz - Kopie.png,2583,forestfragmentation,0.38630616664886475,7,47.0,18.285714285714285
HighRes TrueColor 2018 2m Graz - Kopie.png,2584,forestfragmentation,0.3318548798561096,46,52.52173913043478,9.41304347826087
HighRes TrueColor 2018 2m Graz - Kopie.png,2585,forest,0.3161737322807312,45,21.644444444444446,11.911111111111111
HighRes TrueColor 2018 2m Graz - Kopie.png,2586,forestfragmentation,0.2841836214065552,7,48.285714285714285,43.714285714285715
HighRes TrueColor 2018 2m Graz - Kopie.png,2587,forestfragmentation,0.2586175203323364,12,59.666666666666664,42.5
HighRes TrueColor 2018 2m Graz - Kopie.png,2588,forest,0.8202515244483948,114,32.07017543859649,27.56140350877193
HighRes TrueColor 2018 2m Graz - Kopie.png,2589,forestfragmentation,0.35228389501571655,7,19.428571428571427,12.571428571428571
HighRes TrueColor 2018 2m Graz - Kopie.png,2590,forestfragmentation,0.33112281560897827,9,9.666666666666666,18.333333333333332
HighRes TrueColor 2018 2m Graz - Kopie.png,2591,forestfragmentation,0.3279231786727905,7,2.0,59.142857142857146
HighRes TrueColor 2018 2m Graz - Kopie.png,2592,forestfragmentation,0.26177358627319336,17,9.470588235294118,43.35294117647059
HighRes TrueColor 2018 2m Graz - Kopie.png,2593,forestfragmentation,0.2516157031059265,9,32.111111111111114,1.5555555555555556
HighRes TrueColor 2018 2m Graz - Kopie.png,2594,forest,0.8202515244483948,114,32.07017543859649,27.56140350877193
HighRes TrueColor 2018 2m Graz - Kopie.png,2595,forestfragmentation,0.35228389501571655,7,19.428571428571427,12.571428571428571
HighRes TrueColor 2018 2m Graz - Kopie.png,2596,forestfragmentation,0.33112281560897827,9,9.666666666666666,18.333333333333332
HighRes TrueColor 2018 2m Graz - Kopie.png,2597,forestfragmentation,0.3279231786727905,7,2.0,59.142857142857146
HighRes TrueColor 2018 2m Graz - Kopie.png,2598,forestfragmentation,0.26177358627319336,17,9.470588235294118,43.35294117647059
HighRes TrueColor 2018 2m Graz - Kopie.png,2599,forestfragmentation,0.2516157031059265,9,32.111111111111114,1.5555555555555556
HighRes TrueColor 2018 2m Graz - Kopie.png,2600,forest,0.5868853330612183,140,27.928571428571427,36.16428571428571
HighRes TrueColor 2018 2m Graz - Kopie.png,2601,forestfragmentation,0.3516262173652649,24,55.25,46.75
HighRes TrueColor 2018 2m Graz - Kopie.png,2602,forestfragmentation,0.2767942547798157,9,2.888888888888889,4.555555555555555
HighRes TrueColor 2018 2m Graz - Kopie.png,2603,forestfragmentation,0.21700584888458252,7,28.857142857142858,60.57142857142857
HighRes TrueColor 2018 2m Graz - Kopie.png,2604,forest,0.5868853330612183,140,27.928571428571427,36.16428571428571
HighRes TrueColor 2018 2m Graz - Kopie.png,2605,forestfragmentation,0.3516262173652649,24,55.25,46.75
HighRes TrueColor 2018 2m Graz - Kopie.png,2606,forestfragmentation,0.2767942547798157,9,2.888888888888889,4.555555555555555
HighRes TrueColor 2018 2m Graz - Kopie.png,2607,forestfragmentation,0.21700584888458252,7,28.857142857142858,60.57142857142857
HighRes TrueColor 2018 2m Graz - Kopie.png,2608,forest,0.7664405703544617,220,34.9,33.236363636363635
HighRes TrueColor 2018 2m Graz - Kopie.png,2609,forestfragmentation,0.2385321855545044,33,51.45454545454545,45.81818181818182
HighRes TrueColor 2018 2m Graz - Kopie.png,2610,forest,0.7664405703544617,220,34.9,33.236363636363635
HighRes TrueColor 2018 2m Graz - Kopie.png,2611,forestfragmentation,0.2385321855545044,33,51.45454545454545,45.81818181818182
HighRes TrueColor 2018 2m Graz - Kopie.png,2612,forest,0.9443669256053452,4,395.5,291.5
HighRes TrueColor 2018 2m Graz - Kopie.png,2613,forest,0.9048260986395145,115,30.608695652173914,626.5826086956522
HighRes TrueColor 2018 2m Graz - Kopie.png,2614,forest,0.8951645251963296,78,719.7564102564103,115.83333333333333
HighRes TrueColor 2018 2m Graz - Kopie.png,2615,forest,0.9356829048466724,127,141.15748031496062,203.70078740157481
HighRes TrueColor 2018 2m Graz - Kopie.png,2616,forest,0.7899181332442459,223,110.10313901345292,444.0627802690583
HighRes TrueColor 2018 2m Graz - Kopie.png,2617,forest,0.915031857691802,46,293.6304347826087,451.9782608695652
HighRes TrueColor 2018 2m Graz - Kopie.png,2618,forest,0.6986100881572139,324,99.64197530864197,602.2993827160494
HighRes TrueColor 2018 2m Graz - Kopie.png,2619,forest,0.7731447213532533,323,741.1300309597523,507.2229102167183
HighRes TrueColor 2018 2m Graz - Kopie.png,2620,forest,0.8009986960915423,30,252.36666666666667,370.53333333333336
HighRes TrueColor 2018 2m Graz - Kopie.png,2621,forest,0.8652986119158493,196,453.81632653061223,645.780612244898
HighRes TrueColor 2018 2m Graz - Kopie.png,2622,forest,0.830643430666287,238,57.31512605042017,154.75210084033614
HighRes TrueColor 2018 2m Graz - Kopie.png,2623,forest,0.9084300909723554,35,350.34285714285716,577.4571428571429
HighRes TrueColor 2018 2m Graz - Kopie.png,2624,forest,0.6715737293329116,166,290.9578313253012,706.8915662650602
HighRes TrueColor 2018 2m Graz - Kopie.png,2625,forest,0.9149934542720345,31,448.4516129032258,363.93548387096774
HighRes TrueColor 2018 2m Graz - Kopie.png,2626,forest,0.676224396177802,233,147.69957081545064,341.93562231759654
HighRes TrueColor 2018 2m Graz - Kopie.png,2627,forest,0.9052745553973681,160,344.91875,101.95625
HighRes TrueColor 2018 2m Graz - Kopie.png,2628,forest,0.9136897720443627,149,82.46308724832215,291.6711409395973
HighRes TrueColor 2018 2m Graz - Kopie.png,2629,forest,0.9121053516864777,28,349.2142857142857,406.10714285714283
HighRes TrueColor 2018 2m Graz - Kopie.png,2630,forest,0.8494918234611581,123,710.4146341463414,73.83739837398375
HighRes TrueColor 2018 2m Graz - Kopie.png,2631,forest,0.8693654379937859,175,651.8171428571428,222.89714285714285
HighRes TrueColor 2018 2m Graz - Kopie.png,2632,forest,0.8388524651527405,51,642.4705882352941,89.54901960784314
HighRes TrueColor 2018 2m Graz - Kopie.png,2633,forest,0.8663361385756848,30,533.4,11.866666666666667
HighRes TrueColor 2018 2m Graz - Kopie.png,2634,forest,0.8810707195132387,63,581.8888888888889,611.2539682539683
HighRes TrueColor 2018 2m Graz - Kopie.png,2635,forest,0.641587140879895,89,380.14606741573033,496.59550561797755
HighRes TrueColor 2018 2m Graz - Kopie.png,2636,forest,0.8875575252216317,53,593.5471698113207,439.49056603773585
HighRes TrueColor 2018 2m Graz - Kopie.png,2637,forest,0.6294849891731524,230,481.68260869565216,223.23478260869564
HighRes TrueColor 2018 2m Graz - Kopie.png,2638,forest,0.8844514073116493,122,287.2049180327869,232.2622950819672
HighRes TrueColor 2018 2m Graz - Kopie.png,2639,forest,0.6266019642353058,75,211.30666666666667,286.6666666666667
HighRes TrueColor 2018 2m Graz - Kopie.png,2640,forest,0.8538847597277894,173,238.88439306358381,547.3988439306358
HighRes TrueColor 2018 2m Graz - Kopie.png,2641,forest,0.8735438902609498,287,83.397212543554,370.5993031358885
HighRes TrueColor 2018 2m Graz - Kopie.png,2642,forest,0.6379850903035589,172,523.5639534883721,147.27325581395348
HighRes TrueColor 2018 2m Graz - Kopie.png,2643,forest,0.8402365483480643,170,133.3764705882353,659.2705882352941
HighRes TrueColor 2018 2m Graz - Kopie.png,2644,forest,0.7646896659159192,157,433.45859872611464,495.859872611465
HighRes TrueColor 2018 2m Graz - Kopie.png,2645,forest,0.8658252060413361,241,264.3941908713693,659.9419087136929
HighRes TrueColor 2018 2m Graz - Kopie.png,2646,forest,0.8315662634264217,70,597.0,349.3857142857143
HighRes TrueColor 2018 2m Graz - Kopie.png,2647,forest,0.703609259347175,148,119.47972972972973,46.70945945945946
HighRes TrueColor 2018 2m Graz - Kopie.png,2648,forest,0.8305034434367355,215,656.5488372093023,507.8186046511628
HighRes TrueColor 2018 2m Graz - Kopie.png,2649,forest,0.872179388999939,4,291.5,343.5
HighRes TrueColor 2018 2m Graz - Kopie.png,2650,forest,0.8029932837129441,141,756.6950354609929,370.83687943262413
HighRes TrueColor 2018 2m Graz - Kopie.png,2651,forest,0.8304996831076485,71,699.6056338028169,286.2957746478873
HighRes TrueColor 2018 2m Graz - Kopie.png,2652,forest,0.8614438772201538,4,499.5,395.5
HighRes TrueColor 2018 2m Graz - Kopie.png,2653,forest,0.8552064571380615,36,779.4166666666666,226.88888888888889
HighRes TrueColor 2018 2m Graz - Kopie.png,2654,forest,0.7928236875846295,52,506.40384615384613,688.8846153846154
HighRes TrueColor 2018 2m Graz - Kopie.png,2655,forest,0.5808806954726361,90,607.5,534.4666666666667
HighRes TrueColor 2018 2m Graz - Kopie.png,2656,forest,0.49536319150487285,36,207.13888888888889,529.6111111111111
HighRes TrueColor 2018 2m Graz - Kopie.png,2657,forest,0.742632064464741,94,701.6808510638298,434.4468085106383
HighRes TrueColor 2018 2m Graz - Kopie.png,2658,forest,0.8332220315933228,58,613.4310344827586,120.41379310344827
HighRes TrueColor 2018 2m Graz - Kopie.png,2659,forest,0.8300028443336487,20,417.95,663.5
HighRes TrueColor 2018 2m Graz - Kopie.png,2660,forest,0.8112558468739831,133,723.2481203007519,685.0225563909775
HighRes TrueColor 2018 2m Graz - Kopie.png,2661,forest,0.7332992406634541,120,434.2,63.958333333333336
HighRes TrueColor 2018 2m Graz - Kopie.png,2662,forest,0.7823161725374935,84,604.4761904761905,668.4047619047619
HighRes TrueColor 2018 2m Graz - Kopie.png,2663,forest,0.8022906184196472,15,548.2666666666667,69.66666666666667
HighRes TrueColor 2018 2m Graz - Kopie.png,2664,forest,0.6037163488644358,91,761.7142857142857,659.5384615384615
HighRes TrueColor 2018 2m Graz - Kopie.png,2665,forest,0.5055254426216018,34,15.705882352941176,429.61764705882354
HighRes TrueColor 2018 2m Graz - Kopie.png,2666,forest,0.5738242257436956,235,51.761702127659575,530.0893617021277
HighRes TrueColor 2018 2m Graz - Kopie.png,2667,forest,0.7716333270072937,39,407.0769230769231,184.25641025641025
HighRes TrueColor 2018 2m Graz - Kopie.png,2668,forest,0.7435595615244852,165,157.64242424242425,556.2666666666667
HighRes TrueColor 2018 2m Graz - Kopie.png,2669,forest,0.7667713165283203,18,756.8333333333334,732.4444444444445
HighRes TrueColor 2018 2m Graz - Kopie.png,2670,forest,0.4729002605894494,27,182.37037037037038,668.5555555555555
HighRes TrueColor 2018 2m Graz - Kopie.png,2671,forest,0.7474184036254883,13,506.15384615384613,490.53846153846155
HighRes TrueColor 2018 2m Graz - Kopie.png,2672,forest,0.7429383397102356,110,594.8272727272728,394.04545454545456
HighRes TrueColor 2018 2m Graz - Kopie.png,2673,forest,0.7166842000825064,86,665.6511627906976,192.13953488372093
HighRes TrueColor 2018 2m Graz - Kopie.png,2674,forest,0.3818843785717201,13,259.0,735.9230769230769
HighRes TrueColor 2018 2m Graz - Kopie.png,2675,forest,0.5348794205226146,207,242.44444444444446,52.091787439613526
HighRes TrueColor 2018 2m Graz - Kopie.png,2676,forest,0.640345424413681,169,67.96449704142012,74.01183431952663
HighRes TrueColor 2018 2m Graz - Kopie.png,2677,forest,0.5688364274845694,43,496.3488372093023,302.6511627906977
HighRes TrueColor 2018 2m Graz - Kopie.png,2678,forest,0.4213845546690729,92,551.9565217391304,699.9891304347826
HighRes TrueColor 2018 2m Graz - Kopie.png,2679,forest,0.481975212803143,21,793.952380952381,461.5238095238095
HighRes TrueColor 2018 2m Graz - Kopie.png,2680,forest,0.6707563996315002,26,784.3076923076923,38.38461538461539
HighRes TrueColor 2018 2m Graz - Kopie.png,2681,forest,0.6517961025238037,22,60.54545454545455,36.13636363636363
HighRes TrueColor 2018 2m Graz - Kopie.png,2682,forest,0.5287122960239905,27,196.25925925925927,709.2222222222222
HighRes TrueColor 2018 2m Graz - Kopie.png,2683,forest,0.4328525213908183,21,158.0,111.9047619047619
HighRes TrueColor 2018 2m Graz - Kopie.png,2684,forest,0.5758764320763902,117,709.2735042735043,569.5128205128206
HighRes TrueColor 2018 2m Graz - Kopie.png,2685,forest,0.6217434845293027,119,290.672268907563,81.29411764705883
HighRes TrueColor 2018 2m Graz - Kopie.png,2686,forest,0.3518427168396054,22,486.6818181818182,159.4090909090909
HighRes TrueColor 2018 2m Graz - Kopie.png,2687,forest,0.6181360483169556,105,501.93333333333334,22.085714285714285
HighRes TrueColor 2018 2m Graz - Kopie.png,2688,forest,0.45682525634765625,11,669.9090909090909,598.1818181818181
HighRes TrueColor 2018 2m Graz - Kopie.png,2689,forest,0.49323402775846764,34,421.5882352941176,549.6176470588235
HighRes TrueColor 2018 2m Graz - Kopie.png,2690,forest,0.389857728248666,204,378.48039215686276,54.15686274509804
HighRes TrueColor 2018 2m Graz - Kopie.png,2691,forest,0.41939329068085923,14,100.21428571428571,314.2857142857143
HighRes TrueColor 2018 2m Graz - Kopie.png,2692,forest,0.3906879150502971,50,203.44,599.86
HighRes TrueColor 2018 2m Graz - Kopie.png,2693,forest,0.35284203485049564,8,727.125,477.25
HighRes TrueColor 2018 2m Graz - Kopie.png,2694,forest,0.36835640777835293,10,41.1,151.4
HighRes TrueColor 2018 2m Graz - Kopie.png,2695,forest,0.3405311479046905,16,189.9375,419.3125
HighRes TrueColor 2018 2m Graz - Kopie.png,2696,forest,0.4193412638241252,30,57.3,417.6333333333333
HighRes TrueColor 2018 2m Graz - Kopie.png,2697,forest,0.4092334104864389,16,159.0625,488.625
HighRes TrueColor 2018 2m Graz - Kopie.png,2698,forest,0.36282194882610774,11,165.0,212.54545454545453
HighRes TrueColor 2018 2m Graz - Kopie.png,2699,forest,0.5013995170593262,25,526.0,126.64
HighRes TrueColor 2018 2m Graz - Kopie.png,2700,forest,0.4752020835876465,23,24.565217391304348,129.69565217391303
HighRes TrueColor 2018 2m Graz - Kopie.png,2701,forest,0.39919402290732947,41,751.829268292683,421.390243902439
HighRes TrueColor 2018 2m Graz - Kopie.png,2702,forest,0.459467351436615,24,14.25,551.25
HighRes TrueColor 2018 2m Graz - Kopie.png,2703,forest,0.351238399431786,15,318.6,204.53333333333333
HighRes TrueColor 2018 2m Graz - Kopie.png,2704,forest,0.40788703927185743,20,418.3,484.05
HighRes TrueColor 2018 2m Graz - Kopie.png,2705,forest,0.2759322778926118,49,319.59183673469386,52.142857142857146
HighRes TrueColor 2018 2m Graz - Kopie.png,2706,forest,0.4347371459007263,23,392.0,111.0
HighRes TrueColor 2018 2m Graz - Kopie.png,2707,forest,0.3957066309504113,92,212.3695652173913,131.65217391304347
HighRes TrueColor 2018 2m Graz - Kopie.png,2708,forest,0.414375364780426,66,14.833333333333334,463.8484848484849
HighRes TrueColor 2018 2m Graz - Kopie.png,2709,forest,0.3981017470359802,19,190.6315789473684,84.26315789473684
HighRes TrueColor 2018 2m Graz - Kopie.png,2710,forest,0.3623623196092508,74,574.2162162162163,656.2027027027027
HighRes TrueColor 2018 2m Graz - Kopie.png,2711,forest,0.36680883169174194,22,510.0,591.7727272727273
HighRes TrueColor 2018 2m Graz - Kopie.png,2712,forest,0.31868703595671455,11,266.27272727272725,229.0909090909091
HighRes TrueColor 2018 2m Graz - Kopie.png,2713,forest,0.33861708641052246,14,421.85714285714283,15.357142857142858
HighRes TrueColor 2018 2m Graz - Kopie.png,2714,forest,0.3381972908973694,4,270.5,40.0
HighRes TrueColor 2018 2m Graz - Kopie.png,2715,forest,0.2879599710790122,7,126.14285714285714,525.1428571428571
HighRes TrueColor 2018 2m Graz - Kopie.png,2716,forest,0.31992053985595703,14,541.1428571428571,522.7857142857143
HighRes TrueColor 2018 2m Graz - Kopie.png,2717,forest,0.31879884004592896,8,528.125,625.875
HighRes TrueColor 2018 2m Graz - Kopie.png,2718,forest,0.3181999921798706,48,125.54166666666667,129.70833333333334
HighRes TrueColor 2018 2m Graz - Kopie.png,2719,forest,0.265719323476732,14,612.0,678.6428571428571
HighRes TrueColor 2018 2m Graz - Kopie.png,2720,forest,0.27446258068084717,7,563.0,551.2857142857143
HighRes TrueColor 2018 2m Graz - Kopie.png,2721,forest,0.2602034073869262,8,650.125,314.375
HighRes TrueColor 2018 2m Graz - Kopie.png,2722,forest,0.26217085123062134,27,475.9259259259259,566.0370370370371
HighRes TrueColor 2018 2m Graz - Kopie.png,2723,forest,0.23927563428878784,10,528.2,295.0
HighRes TrueColor 2018 2m Graz - Kopie.png,2724,forest,0.23569273948669434,19,28.05263157894737,729.6842105263158
HighRes TrueColor 2018 2m Graz - Kopie.png,2725,forest,0.23238086700439453,110,674.0545454545454,352.6454545454545
HighRes TrueColor 2018 2m Graz - Kopie.png,2726,forest,0.2271152138710022,16,261.4375,160.5625
HighRes TrueColor 2018 2m Graz - Kopie.png,2727,forest,0.2232666015625,32,507.40625,672.65625
HighRes TrueColor 2018 2m Graz - Kopie.png,2728,forest,0.2135704755783081,6,227.5,125.33333333333333
HighRes TrueColor 2018 2m Graz - Kopie.png,2729,forestfragmentation,0.38410644589133813,14,112.57142857142857,225.78571428571428
HighRes TrueColor 2018 2m Graz - Kopie.png,2730,forestfragmentation,0.3223186518298073,15,217.0,423.06666666666666
HighRes TrueColor 2018 2m Graz - Kopie.png,2731,forestfragmentation,0.3553215123044222,15,419.1333333333333,377.6
HighRes TrueColor 2018 2m Graz - Kopie.png,2732,forestfragmentation,0.5286414749355792,40,221.5,340.65
HighRes TrueColor 2018 2m Graz - Kopie.png,2733,forestfragmentation,0.5355196797455838,9,56.111111111111114,711.1111111111111
HighRes TrueColor 2018 2m Graz - Kopie.png,2734,forestfragmentation,0.3608437617789885,19,266.05263157894734,381.2631578947368
HighRes TrueColor 2018 2m Graz - Kopie.png,2735,forestfragmentation,0.3367313568905851,7,13.142857142857142,241.57142857142858
HighRes TrueColor 2018 2m Graz - Kopie.png,2736,forestfragmentation,0.23288681344203888,10,61.0,742.1
HighRes TrueColor 2018 2m Graz - Kopie.png,2737,forestfragmentation,0.30316702652853444,30,118.83333333333333,718.5
HighRes TrueColor 2018 2m Graz - Kopie.png,2738,forestfragmentation,0.5502754352948489,17,230.41176470588235,485.47058823529414
HighRes TrueColor 2018 2m Graz - Kopie.png,2739,forestfragmentation,0.28369337151670326,5,46.0,374.2
HighRes TrueColor 2018 2m Graz - Kopie.png,2740,forestfragmentation,0.2953627842847143,58,12.672413793103448,720.6379310344828
HighRes TrueColor 2018 2m Graz - Kopie.png,2741,forestfragmentation,0.3275588671252607,7,105.85714285714286,265.42857142857144
HighRes TrueColor 2018 2m Graz - Kopie.png,2742,forestfragmentation,0.6002394251512223,11,218.0,301.6363636363636
HighRes TrueColor 2018 2m Graz - Kopie.png,2743,forestfragmentation,0.4342512247497916,22,135.36363636363637,364.8636363636364
HighRes TrueColor 2018 2m Graz - Kopie.png,2744,forestfragmentation,0.3198597007717329,12,57.083333333333336,310.4166666666667
HighRes TrueColor 2018 2m Graz - Kopie.png,2745,forestfragmentation,0.26319130030351684,8,366.125,740.375
HighRes TrueColor 2018 2m Graz - Kopie.png,2746,forestfragmentation,0.29756863285821666,13,746.2307692307693,158.07692307692307
HighRes TrueColor 2018 2m Graz - Kopie.png,2747,forestfragmentation,0.29292190770466126,14,109.42857142857143,464.35714285714283
HighRes TrueColor 2018 2m Graz - Kopie.png,2748,forestfragmentation,0.472622847204746,17,163.41176470588235,472.52941176470586
HighRes TrueColor 2018 2m Graz - Kopie.png,2749,forestfragmentation,0.3352831976734479,45,70.06666666666666,268.8
HighRes TrueColor 2018 2m Graz - Kopie.png,2750,forestfragmentation,0.2808228560644702,7,366.57142857142856,326.2857142857143
HighRes TrueColor 2018 2m Graz - Kopie.png,2751,forestfragmentation,0.5928426193379724,14,272.57142857142856,273.85714285714283
HighRes TrueColor 2018 2m Graz - Kopie.png,2752,forestfragmentation,0.36693485984950347,17,264.94117647058823,488.29411764705884
HighRes TrueColor 2018 2m Graz - Kopie.png,2753,forestfragmentation,0.2561602868361135,19,628.8421052631579,482.3157894736842
HighRes TrueColor 2018 2m Graz - Kopie.png,2754,forestfragmentation,0.4219587557698521,11,19.272727272727273,666.3636363636364
HighRes TrueColor 2018 2m Graz - Kopie.png,2755,forestfragmentation,0.2312278027748109,13,328.15384615384613,697.2307692307693
HighRes TrueColor 2018 2m Graz - Kopie.png,2756,forestfragmentation,0.2530194206151922,11,528.6363636363636,453.54545454545456
HighRes TrueColor 2018 2m Graz - Kopie.png,2757,forestfragmentation,0.5006576338582447,54,38.2962962962963,184.07407407407408
HighRes TrueColor 2018 2m Graz - Kopie.png,2758,forestfragmentation,0.3976609458617872,11,339.54545454545456,268.3636363636364
HighRes TrueColor 2018 2m Graz - Kopie.png,2759,forestfragmentation,0.3390979214661254,54,641.4074074074074,606.7407407407408
HighRes TrueColor 2018 2m Graz - Kopie.png,2760,forestfragmentation,0.44305711215204424,12,283.8333333333333,182.66666666666666
HighRes TrueColor 2018 2m Graz - Kopie.png,2761,forestfragmentation,0.40522222160627663,10,613.8,27.6
HighRes TrueColor 2018 2m Graz - Kopie.png,2762,forestfragmentation,0.2735888166200267,10,575.3,333.0
HighRes TrueColor 2018 2m Graz - Kopie.png,2763,forestfragmentation,0.4985940102614711,13,522.6923076923077,736.0769230769231
HighRes TrueColor 2018 2m Graz - Kopie.png,2764,forestfragmentation,0.3468828325591044,40,665.6,294.6
HighRes TrueColor 2018 2m Graz - Kopie.png,2765,forestfragmentation,0.46839944754199636,14,613.8571428571429,228.71428571428572
HighRes TrueColor 2018 2m Graz - Kopie.png,2766,forestfragmentation,0.529316471461845,24,390.6666666666667,191.04166666666666
HighRes TrueColor 2018 2m Graz - Kopie.png,2767,forestfragmentation,0.5345950304199153,24,506.25,346.75
HighRes TrueColor 2018 2m Graz - Kopie.png,2768,forestfragmentation,0.5432955531186836,28,68.25,335.7857142857143
HighRes TrueColor 2018 2m Graz - Kopie.png,2769,forestfragmentation,0.36063556295142785,9,632.1111111111111,165.44444444444446
HighRes TrueColor 2018 2m Graz - Kopie.png,2770,forestfragmentation,0.294665043818445,9,775.6666666666666,139.22222222222223
HighRes TrueColor 2018 2m Graz - Kopie.png,2771,forestfragmentation,0.4341972579245209,16,577.5625,470.4375
HighRes TrueColor 2018 2m Graz - Kopie.png,2772,forestfragmentation,0.23586168723203188,9,317.44444444444446,477.6666666666667
HighRes TrueColor 2018 2m Graz - Kopie.png,2773,forestfragmentation,0.379507766289768,30,362.56666666666666,668.3
HighRes TrueColor 2018 2m Graz - Kopie.png,2774,forestfragmentation,0.27102266308141476,27,474.3703703703704,498.22222222222223
HighRes TrueColor 2018 2m Graz - Kopie.png,2775,forestfragmentation,0.4552704970756962,54,454.72222222222223,650.8703703703703
HighRes TrueColor 2018 2m Graz - Kopie.png,2776,forestfragmentation,0.39698939998744825,19,466.2105263157895,423.94736842105266
HighRes TrueColor 2018 2m Graz - Kopie.png,2777,forestfragmentation,0.2629807874224022,9,77.22222222222223,594.5555555555555
HighRes TrueColor 2018 2m Graz - Kopie.png,2778,forestfragmentation,0.25582825672694987,6,436.3333333333333,706.5
HighRes TrueColor 2018 2m Graz - Kopie.png,2779,forestfragmentation,0.27453143122129886,10,531.0,200.1
HighRes TrueColor 2018 2m Graz - Kopie.png,2780,forestfragmentation,0.29962222126265114,34,339.3529411764706,516.2058823529412
HighRes TrueColor 2018 2m Graz - Kopie.png,2781,forestfragmentation,0.2724022317211301,11,318.0,344.6363636363636
HighRes TrueColor 2018 2m Graz - Kopie.png,2782,forestfragmentation,0.3121896490301352,10,144.8,239.1
HighRes TrueColor 2018 2m Graz - Kopie.png,2783,forestfragmentation,0.3294061288622587,6,497.8333333333333,417.8333333333333
HighRes TrueColor 2018 2m Graz - Kopie.png,2784,forestfragmentation,0.24287388707260932,8,317.375,122.125
HighRes TrueColor 2018 2m Graz - Kopie.png,2785,forestfragmentation,0.520015299320221,4,180.5,97.0
HighRes TrueColor 2018 2m Graz - Kopie.png,2786,forestfragmentation,0.3158936115107526,11,328.45454545454544,560.3636363636364
HighRes TrueColor 2018 2m Graz - Kopie.png,2787,forestfragmentation,0.47845989767426256,9,213.44444444444446,32.111111111111114
HighRes TrueColor 2018 2m Graz - Kopie.png,2788,forestfragmentation,0.3795584748203815,18,299.3333333333333,374.8888888888889
HighRes TrueColor 2018 2m Graz - Kopie.png,2789,forestfragmentation,0.3641115813433441,26,480.11538461538464,522.9615384615385
HighRes TrueColor 2018 2m Graz - Kopie.png,2790,forestfragmentation,0.4148013667560201,7,577.1428571428571,111.85714285714286
HighRes TrueColor 2018 2m Graz - Kopie.png,2791,forestfragmentation,0.34763844751442313,12,682.6666666666666,550.9166666666666
HighRes TrueColor 2018 2m Graz - Kopie.png,2792,forestfragmentation,0.2771677491805786,50,718.28,658.04
HighRes TrueColor 2018 2m Graz - Kopie.png,2793,forestfragmentation,0.23788473769534768,22,161.86363636363637,699.9545454545455
HighRes TrueColor 2018 2m Graz - Kopie.png,2794,forestfragmentation,0.4188052780098385,16,638.125,101.9375
HighRes TrueColor 2018 2m Graz - Kopie.png,2795,forestfragmentation,0.4190180841483509,6,432.6666666666667,262.8333333333333
HighRes TrueColor 2018 2m Graz - Kopie.png,2796,forestfragmentation,0.448450530843501,28,340.10714285714283,613.6785714285714
HighRes TrueColor 2018 2m Graz - Kopie.png,2797,forestfragmentation,0.4574983367916612,13,451.6923076923077,614.0
HighRes TrueColor 2018 2m Graz - Kopie.png,2798,forestfragmentation,0.28609357707911237,13,570.5384615384615,595.3076923076923
HighRes TrueColor 2018 2m Graz - Kopie.png,2799,forestfragmentation,0.35951111272839614,18,720.5555555555555,280.6111111111111
HighRes TrueColor 2018 2m Graz - Kopie.png,2800,forestfragmentation,0.33519228233724446,21,454.0952380952381,161.61904761904762
HighRes TrueColor 2018 2m Graz - Kopie.png,2801,forestfragmentation,0.4033695232301201,43,528.4186046511628,267.8837209302326
HighRes TrueColor 2018 2m Graz - Kopie.png,2802,forestfragmentation,0.3256028101761495,8,523.0,482.75
HighRes TrueColor 2018 2m Graz - Kopie.png,2803,forestfragmentation,0.2524595869001536,49,292.42857142857144,602.0612244897959
HighRes TrueColor 2018 2m Graz - Kopie.png,2804,forestfragmentation,0.3164633298360875,34,223.7941176470588,624.2352941176471
HighRes TrueColor 2018 2m Graz - Kopie.png,2805,forestfragmentation,0.2689645911811274,11,730.3636363636364,547.2727272727273
HighRes TrueColor 2018 2m Graz - Kopie.png,2806,forestfragmentation,0.47060781717300415,8,726.375,357.875
HighRes TrueColor 2018 2m Graz - Kopie.png,2807,forestfragmentation,0.4689072370529175,10,636.0,499.2
HighRes TrueColor 2018 2m Graz - Kopie.png,2808,forestfragmentation,0.2620881018941991,13,393.0769230769231,598.4615384615385
HighRes TrueColor 2018 2m Graz - Kopie.png,2809,forestfragmentation,0.4601024389266968,28,11.321428571428571,283.7857142857143
HighRes TrueColor 2018 2m Graz - Kopie.png,2810,forestfragmentation,0.2887561942536308,14,522.6428571428571,214.78571428571428
HighRes TrueColor 2018 2m Graz - Kopie.png,2811,forestfragmentation,0.36772693511068194,11,690.7272727272727,594.0909090909091
HighRes TrueColor 2018 2m Graz - Kopie.png,2812,forestfragmentation,0.35383743876465507,34,256.7647058823529,690.9117647058823
HighRes TrueColor 2018 2m Graz - Kopie.png,2813,forestfragmentation,0.2508929863428919,7,737.8571428571429,58.857142857142854
HighRes TrueColor 2018 2m Graz - Kopie.png,2814,forestfragmentation,0.25383100463431363,9,276.55555555555554,426.22222222222223
HighRes TrueColor 2018 2m Graz - Kopie.png,2815,forestfragmentation,0.319669506107386,14,745.5714285714286,565.6428571428571
HighRes TrueColor 2018 2m Graz - Kopie.png,2816,forestfragmentation,0.3239502739987838,16,605.0,55.5625
HighRes TrueColor 2018 2m Graz - Kopie.png,2817,forestfragmentation,0.4414975643157959,13,89.92307692307692,293.15384615384613
HighRes TrueColor 2018 2m Graz - Kopie.png,2818,forestfragmentation,0.43942105770111084,13,119.23076923076923,466.3076923076923
HighRes TrueColor 2018 2m Graz - Kopie.png,2819,forestfragmentation,0.275878674048249,8,68.0,157.375
HighRes TrueColor 2018 2m Graz - Kopie.png,2820,forestfragmentation,0.27406130908566245,10,480.0,93.6
HighRes TrueColor 2018 2m Graz - Kopie.png,2821,forestfragmentation,0.304324128719582,7,276.85714285714283,550.8571428571429
HighRes TrueColor 2018 2m Graz - Kopie.png,2822,forestfragmentation,0.3326189495518554,11,792.3636363636364,321.09090909090907
HighRes TrueColor 2018 2m Graz - Kopie.png,2823,forestfragmentation,0.30832534470943906,11,763.0909090909091,136.1818181818182
HighRes TrueColor 2018 2m Graz - Kopie.png,2824,forestfragmentation,0.4258139133453369,39,138.64102564102564,727.6666666666666
HighRes TrueColor 2018 2m Graz - Kopie.png,2825,forestfragmentation,0.23941603920633409,7,672.2857142857143,724.7142857142857
HighRes TrueColor 2018 2m Graz - Kopie.png,2826,forestfragmentation,0.3300356454234054,7,133.85714285714286,74.0
HighRes TrueColor 2018 2m Graz - Kopie.png,2827,forestfragmentation,0.31273291074607135,14,690.0,58.142857142857146
HighRes TrueColor 2018 2m Graz - Kopie.png,2828,forestfragmentation,0.40838468074798584,26,786.4230769230769,585.9230769230769
HighRes TrueColor 2018 2m Graz - Kopie.png,2829,forestfragmentation,0.30521043176995044,8,391.125,704.75
HighRes TrueColor 2018 2m Graz - Kopie.png,2830,forestfragmentation,0.31766925510040633,15,506.6666666666667,677.7333333333333
HighRes TrueColor 2018 2m Graz - Kopie.png,2831,forestfragmentation,0.2896916290639156,8,555.5,253.5
HighRes TrueColor 2018 2m Graz - Kopie.png,2832,forestfragmentation,0.29562181792429254,9,413.3333333333333,389.1111111111111
HighRes TrueColor 2018 2m Graz - Kopie.png,2833,forestfragmentation,0.291456007731464,15,354.3333333333333,574.0666666666667
HighRes TrueColor 2018 2m Graz - Kopie.png,2834,forestfragmentation,0.3945602774620056,10,294.1,614.7
HighRes TrueColor 2018 2m Graz - Kopie.png,2835,forestfragmentation,0.31193746438431424,10,553.0,510.6
HighRes TrueColor 2018 2m Graz - Kopie.png,2836,forestfragmentation,0.23317020715560413,6,441.0,737.3333333333334
HighRes TrueColor 2018 2m Graz - Kopie.png,2837,forestfragmentation,0.2576828638550023,21,686.952380952381,222.8095238095238
HighRes TrueColor 2018 2m Graz - Kopie.png,2838,forestfragmentation,0.27115436525636566,8,146.125,577.25
HighRes TrueColor 2018 2m Graz - Kopie.png,2839,forestfragmentation,0.25415783167140304,14,224.14285714285714,36.07142857142857
HighRes TrueColor 2018 2m Graz - Kopie.png,2840,forestfragmentation,0.2659584903104628,9,797.4444444444445,264.1111111111111
HighRes TrueColor 2018 2m Graz - Kopie.png,2841,forestfragmentation,0.2872940966810413,9,470.3333333333333,330.1111111111111
HighRes TrueColor 2018 2m Graz - Kopie.png,2842,forestfragmentation,0.370796799659729,26,228.30769230769232,441.2692307692308
HighRes TrueColor 2018 2m Graz - Kopie.png,2843,forestfragmentation,0.2872716493039719,47,14.76595744680851,490.468085106383
HighRes TrueColor 2018 2m Graz - Kopie.png,2844,forestfragmentation,0.35815054178237915,10,528.2,298.9
HighRes TrueColor 2018 2m Graz - Kopie.png,2845,forestfragmentation,0.32103743719296673,18,122.66666666666667,642.5555555555555
HighRes TrueColor 2018 2m Graz - Kopie.png,2846,forestfragmentation,0.28022598446189584,9,317.77777777777777,24.0
HighRes TrueColor 2018 2m Graz - Kopie.png,2847,forestfragmentation,0.24292799622801592,9,763.1111111111111,22.77777777777778
HighRes TrueColor 2018 2m Graz - Kopie.png,2848,forestfragmentation,0.2767417840877743,8,593.875,631.75
HighRes TrueColor 2018 2m Graz - Kopie.png,2849,forestfragmentation,0.22830367864488962,32,763.125,242.125
HighRes TrueColor 2018 2m Graz - Kopie.png,2850,forestfragmentation,0.24972394935040723,7,756.8571428571429,741.5714285714286
HighRes TrueColor 2018 2m Graz - Kopie.png,2851,forestfragmentation,0.26807686792675256,14,555.2142857142857,370.7142857142857
HighRes TrueColor 2018 2m Graz - Kopie.png,2852,forestfragmentation,0.34951508045196533,7,617.0,85.42857142857143
HighRes TrueColor 2018 2m Graz - Kopie.png,2853,forestfragmentation,0.267942927729528,9,579.5555555555555,202.88888888888889
HighRes TrueColor 2018 2m Graz - Kopie.png,2854,forestfragmentation,0.2821722508467013,4,633.5,312.5
HighRes TrueColor 2018 2m Graz - Kopie.png,2855,forestfragmentation,0.31779205090868246,5,44.6,547.8
HighRes TrueColor 2018 2m Graz - Kopie.png,2856,forestfragmentation,0.34691303968429565,16,254.4375,145.9375
HighRes TrueColor 2018 2m Graz - Kopie.png,2857,forestfragmentation,0.2755834550673824,10,350.5,431.1
HighRes TrueColor 2018 2m Graz - Kopie.png,2858,forestfragmentation,0.23108831814226005,11,685.4545454545455,436.54545454545456
HighRes TrueColor 2018 2m Graz - Kopie.png,2859,forestfragmentation,0.30665126948122856,8,704.0,667.25
HighRes TrueColor 2018 2m Graz - Kopie.png,2860,forestfragmentation,0.3247424137853358,8,371.5,482.5
HighRes TrueColor 2018 2m Graz - Kopie.png,2861,forestfragmentation,0.2700576682582911,15,332.8,288.06666666666666
HighRes TrueColor 2018 2m Graz - Kopie.png,2862,forestfragmentation,0.3299994468688965,9,249.0,306.1111111111111
HighRes TrueColor 2018 2m Graz - Kopie.png,2863,forestfragmentation,0.3279231786727905,7,678.0,740.1428571428571
HighRes TrueColor 2018 2m Graz - Kopie.png,2864,forestfragmentation,0.2662650149686374,13,25.46153846153846,109.92307692307692
HighRes TrueColor 2018 2m Graz - Kopie.png,2865,forestfragmentation,0.32294660806655884,8,697.625,454.25
HighRes TrueColor 2018 2m Graz - Kopie.png,2866,forestfragmentation,0.3181772232055664,12,309.1666666666667,110.25
HighRes TrueColor 2018 2m Graz - Kopie.png,2867,forestfragmentation,0.2521818533861049,6,726.5,296.6666666666667
HighRes TrueColor 2018 2m Graz - Kopie.png,2868,forestfragmentation,0.31303954124450684,15,604.1333333333333,118.8
HighRes TrueColor 2018 2m Graz - Kopie.png,2869,forestfragmentation,0.277019140603659,12,733.25,206.25
HighRes TrueColor 2018 2m Graz - Kopie.png,2870,forestfragmentation,0.2852999269962311,10,773.4,353.1
HighRes TrueColor 2018 2m Graz - Kopie.png,2871,forestfragmentation,0.28804206719501413,7,739.1428571428571,581.4285714285714
HighRes TrueColor 2018 2m Graz - Kopie.png,2872,forestfragmentation,0.30175161361694336,21,666.8571428571429,6.095238095238095
HighRes TrueColor 2018 2m Graz - Kopie.png,2873,forestfragmentation,0.2986658811569214,9,318.77777777777777,257.8888888888889
HighRes TrueColor 2018 2m Graz - Kopie.png,2874,forestfragmentation,0.273974911680957,7,527.8571428571429,46.42857142857143
HighRes TrueColor 2018 2m Graz - Kopie.png,2875,forestfragmentation,0.2550928955252594,16,690.0,341.25
HighRes TrueColor 2018 2m Graz - Kopie.png,2876,forestfragmentation,0.2337432279941398,4,797.5,191.0
HighRes TrueColor 2018 2m Graz - Kopie.png,2877,forestfragmentation,0.2926778793334961,10,211.6,700.9
HighRes TrueColor 2018 2m Graz - Kopie.png,2878,forestfragmentation,0.24281383301258888,21,429.3809523809524,217.71428571428572
HighRes TrueColor 2018 2m Graz - Kopie.png,2879,forestfragmentation,0.2673314598653866,21,106.47619047619048,645.8095238095239
HighRes TrueColor 2018 2m Graz - Kopie.png,2880,forestfragmentation,0.28784817457199097,8,135.375,33.25
HighRes TrueColor 2018 2m Graz - Kopie.png,2881,forestfragmentation,0.2457148150495108,15,678.0666666666667,142.6
HighRes TrueColor 2018 2m Graz - Kopie.png,2882,forestfragmentation,0.2666051355177837,6,660.3333333333334,373.5
HighRes TrueColor 2018 2m Graz - Kopie.png,2883,forestfragmentation,0.27914369106292725,6,65.5,105.0
HighRes TrueColor 2018 2m Graz - Kopie.png,2884,forestfragmentation,0.24545241824093011,9,730.8888888888889,685.5555555555555
HighRes TrueColor 2018 2m Graz - Kopie.png,2885,forestfragmentation,0.27633136510849,8,7.25,670.375
HighRes TrueColor 2018 2m Graz - Kopie.png,2886,forestfragmentation,0.26538761064610333,8,367.25,582.25
HighRes TrueColor 2018 2m Graz - Kopie.png,2887,forestfragmentation,0.2548854609705367,44,773.8409090909091,473.54545454545456
HighRes TrueColor 2018 2m Graz - Kopie.png,2888,forestfragmentation,0.2696062457071592,6,265.5,85.0
HighRes TrueColor 2018 2m Graz - Kopie.png,2889,forestfragmentation,0.27178865671157837,11,276.54545454545456,51.27272727272727
HighRes TrueColor 2018 2m Graz - Kopie.png,2890,forestfragmentation,0.27077043056488037,6,586.5,735.5
HighRes TrueColor 2018 2m Graz - Kopie.png,2891,forestfragmentation,0.22132396456201753,4,263.5,582.0
HighRes TrueColor 2018 2m Graz - Kopie.png,2892,forestfragmentation,0.26331913471221924,7,580.1428571428571,262.0
HighRes TrueColor 2018 2m Graz - Kopie.png,2893,forestfragmentation,0.23220467574358702,9,569.2222222222222,169.11111111111111
HighRes TrueColor 2018 2m Graz - Kopie.png,2894,forestfragmentation,0.2577235698699951,11,611.4545454545455,385.6363636363636
HighRes TrueColor 2018 2m Graz - Kopie.png,2895,forestfragmentation,0.253181517124176,9,526.2222222222222,391.44444444444446
HighRes TrueColor 2018 2m Graz - Kopie.png,2896,forestfragmentation,0.25296664237976074,12,483.25,594.9166666666666
HighRes TrueColor 2018 2m Graz - Kopie.png,2897,forestfragmentation,0.2525603175163269,9,103.33333333333333,18.88888888888889
HighRes TrueColor 2018 2m Graz - Kopie.png,2898,forestfragmentation,0.2459221689772353,11,475.1818181818182,375.54545454545456
HighRes TrueColor 2018 2m Graz - Kopie.png,2899,forestfragmentation,0.23475988870766779,13,11.615384615384615,592.6153846153846
HighRes TrueColor 2018 2m Graz - Kopie.png,2900,forestfragmentation,0.2440941333770752,17,441.0,298.29411764705884
HighRes TrueColor 2018 2m Graz - Kopie.png,2901,forestfragmentation,0.23375578894131427,6,627.3333333333334,685.0
HighRes TrueColor 2018 2m Graz - Kopie.png,2902,forestfragmentation,0.23889905214309692,60,224.68333333333334,530.95
HighRes TrueColor 2018 2m Graz - Kopie.png,2903,forestfragmentation,0.23833578824996948,5,77.4,185.0
HighRes TrueColor 2018 2m Graz - Kopie.png,2904,forestfragmentation,0.23820990324020386,9,335.8888888888889,81.11111111111111
HighRes TrueColor 2018 2m Graz - Kopie.png,2905,forestfragmentation,0.23756790161132812,5,179.0,319.4
HighRes TrueColor 2018 2m Graz - Kopie.png,2906,forestfragmentation,0.2370058298110962,8,427.875,535.375
HighRes TrueColor 2018 2m Graz - Kopie.png,2907,forestfragmentation,0.22169319485802302,26,473.0,39.15384615384615
HighRes TrueColor 2018 2m Graz - Kopie.png,2908,forestfragmentation,0.22858572006225586,6,197.83333333333334,370.6666666666667
HighRes TrueColor 2018 2m Graz - Kopie.png,2909,forestfragmentation,0.22792959213256836,10,542.5,627.5
HighRes TrueColor 2018 2m Graz - Kopie.png,2910,forestfragmentation,0.21799901264107707,13,474.7692307692308,711.6923076923077
HighRes TrueColor 2018 2m Graz - Kopie.png,2911,forestfragmentation,0.21809673309326172,10,699.8,107.8
HighRes TrueColor 2018 2m Graz - Kopie.png,2912,forestfragmentation,0.20994496162525988,5,343.4,370.6
HighRes TrueColor 2018 2m Graz - Kopie.png,2913,forestfragmentation,0.21023273468017578,12,2.75,25.333333333333332
HighRes TrueColor 2018 2m Graz - Kopie.png,2914,forestfragmentation,0.20947057008743286,40,783.025,416.425
HighRes TrueColor 2018 2m Graz - Kopie.png,2915,forestfragmentation,0.2064688801765442,9,182.22222222222223,545.6666666666666
HighRes TrueColor 2018 2m Graz - Kopie.png,2916,forestfragmentation,0.2059037685394287,8,403.875,627.625
HighRes TrueColor 2018 2m Graz - Kopie.png,2917,forestfragmentation,0.20106518268585205,5,389.6,50.8
HighRes TrueColor 2018 2m Graz - Kopie.png,2918,forest,0.9443669256053452,4,395.5,291.5
HighRes TrueColor 2018 2m Graz - Kopie.png,2919,forest,0.9048260986395145,115,30.608695652173914,626.5826086956522
HighRes TrueColor 2018 2m Graz - Kopie.png,2920,forest,0.8951645251963296,78,719.7564102564103,115.83333333333333
HighRes TrueColor 2018 2m Graz - Kopie.png,2921,forest,0.9356829048466724,127,141.15748031496062,203.70078740157481
HighRes TrueColor 2018 2m Graz - Kopie.png,2922,forest,0.7899181332442459,223,110.10313901345292,444.0627802690583
HighRes TrueColor 2018 2m Graz - Kopie.png,2923,forest,0.915031857691802,46,293.6304347826087,451.9782608695652
HighRes TrueColor 2018 2m Graz - Kopie.png,2924,forest,0.6986100881572139,324,99.64197530864197,602.2993827160494
HighRes TrueColor 2018 2m Graz - Kopie.png,2925,forest,0.7731447213532533,323,741.1300309597523,507.2229102167183
HighRes TrueColor 2018 2m Graz - Kopie.png,2926,forest,0.8009986960915423,30,252.36666666666667,370.53333333333336
HighRes TrueColor 2018 2m Graz - Kopie.png,2927,forest,0.8652986119158493,196,453.81632653061223,645.780612244898
HighRes TrueColor 2018 2m Graz - Kopie.png,2928,forest,0.830643430666287,238,57.31512605042017,154.75210084033614
HighRes TrueColor 2018 2m Graz - Kopie.png,2929,forest,0.9084300909723554,35,350.34285714285716,577.4571428571429
HighRes TrueColor 2018 2m Graz - Kopie.png,2930,forest,0.6715737293329116,166,290.9578313253012,706.8915662650602
HighRes TrueColor 2018 2m Graz - Kopie.png,2931,forest,0.9149934542720345,31,448.4516129032258,363.93548387096774
HighRes TrueColor 2018 2m Graz - Kopie.png,2932,forest,0.676224396177802,233,147.69957081545064,341.93562231759654
HighRes TrueColor 2018 2m Graz - Kopie.png,2933,forest,0.9052745553973681,160,344.91875,101.95625
HighRes TrueColor 2018 2m Graz - Kopie.png,2934,forest,0.9136897720443627,149,82.46308724832215,291.6711409395973
HighRes TrueColor 2018 2m Graz - Kopie.png,2935,forest,0.9121053516864777,28,349.2142857142857,406.10714285714283
HighRes TrueColor 2018 2m Graz - Kopie.png,2936,forest,0.8494918234611581,123,710.4146341463414,73.83739837398375
HighRes TrueColor 2018 2m Graz - Kopie.png,2937,forest,0.8693654379937859,175,651.8171428571428,222.89714285714285
HighRes TrueColor 2018 2m Graz - Kopie.png,2938,forest,0.8388524651527405,51,642.4705882352941,89.54901960784314
HighRes TrueColor 2018 2m Graz - Kopie.png,2939,forest,0.8663361385756848,30,533.4,11.866666666666667
HighRes TrueColor 2018 2m Graz - Kopie.png,2940,forest,0.8810707195132387,63,581.8888888888889,611.2539682539683
HighRes TrueColor 2018 2m Graz - Kopie.png,2941,forest,0.641587140879895,89,380.14606741573033,496.59550561797755
HighRes TrueColor 2018 2m Graz - Kopie.png,2942,forest,0.8875575252216317,53,593.5471698113207,439.49056603773585
HighRes TrueColor 2018 2m Graz - Kopie.png,2943,forest,0.6294849891731524,230,481.68260869565216,223.23478260869564
HighRes TrueColor 2018 2m Graz - Kopie.png,2944,forest,0.8844514073116493,122,287.2049180327869,232.2622950819672
HighRes TrueColor 2018 2m Graz - Kopie.png,2945,forest,0.6266019642353058,75,211.30666666666667,286.6666666666667
HighRes TrueColor 2018 2m Graz - Kopie.png,2946,forest,0.8538847597277894,173,238.88439306358381,547.3988439306358
HighRes TrueColor 2018 2m Graz - Kopie.png,2947,forest,0.8735438902609498,287,83.397212543554,370.5993031358885
HighRes TrueColor 2018 2m Graz - Kopie.png,2948,forest,0.6379850903035589,172,523.5639534883721,147.27325581395348
HighRes TrueColor 2018 2m Graz - Kopie.png,2949,forest,0.8402365483480643,170,133.3764705882353,659.2705882352941
HighRes TrueColor 2018 2m Graz - Kopie.png,2950,forest,0.7646896659159192,157,433.45859872611464,495.859872611465
HighRes TrueColor 2018 2m Graz - Kopie.png,2951,forest,0.8658252060413361,241,264.3941908713693,659.9419087136929
HighRes TrueColor 2018 2m Graz - Kopie.png,2952,forest,0.8315662634264217,70,597.0,349.3857142857143
HighRes TrueColor 2018 2m Graz - Kopie.png,2953,forest,0.703609259347175,148,119.47972972972973,46.70945945945946
HighRes TrueColor 2018 2m Graz - Kopie.png,2954,forest,0.8305034434367355,215,656.5488372093023,507.8186046511628
HighRes TrueColor 2018 2m Graz - Kopie.png,2955,forest,0.872179388999939,4,291.5,343.5
HighRes TrueColor 2018 2m Graz - Kopie.png,2956,forest,0.8029932837129441,141,756.6950354609929,370.83687943262413
HighRes TrueColor 2018 2m Graz - Kopie.png,2957,forest,0.8304996831076485,71,699.6056338028169,286.2957746478873
HighRes TrueColor 2018 2m Graz - Kopie.png,2958,forest,0.8614438772201538,4,499.5,395.5
HighRes TrueColor 2018 2m Graz - Kopie.png,2959,forest,0.8552064571380615,36,779.4166666666666,226.88888888888889
HighRes TrueColor 2018 2m Graz - Kopie.png,2960,forest,0.7928236875846295,52,506.40384615384613,688.8846153846154
HighRes TrueColor 2018 2m Graz - Kopie.png,2961,forest,0.5808806954726361,90,607.5,534.4666666666667
HighRes TrueColor 2018 2m Graz - Kopie.png,2962,forest,0.49536319150487285,36,207.13888888888889,529.6111111111111
HighRes TrueColor 2018 2m Graz - Kopie.png,2963,forest,0.742632064464741,94,701.6808510638298,434.4468085106383
HighRes TrueColor 2018 2m Graz - Kopie.png,2964,forest,0.8332220315933228,58,613.4310344827586,120.41379310344827
HighRes TrueColor 2018 2m Graz - Kopie.png,2965,forest,0.8300028443336487,20,417.95,663.5
HighRes TrueColor 2018 2m Graz - Kopie.png,2966,forest,0.8112558468739831,133,723.2481203007519,685.0225563909775
HighRes TrueColor 2018 2m Graz - Kopie.png,2967,forest,0.7332992406634541,120,434.2,63.958333333333336
HighRes TrueColor 2018 2m Graz - Kopie.png,2968,forest,0.7823161725374935,84,604.4761904761905,668.4047619047619
HighRes TrueColor 2018 2m Graz - Kopie.png,2969,forest,0.8022906184196472,15,548.2666666666667,69.66666666666667
HighRes TrueColor 2018 2m Graz - Kopie.png,2970,forest,0.6037163488644358,91,761.7142857142857,659.5384615384615
HighRes TrueColor 2018 2m Graz - Kopie.png,2971,forest,0.5055254426216018,34,15.705882352941176,429.61764705882354
HighRes TrueColor 2018 2m Graz - Kopie.png,2972,forest,0.5738242257436956,235,51.761702127659575,530.0893617021277
HighRes TrueColor 2018 2m Graz - Kopie.png,2973,forest,0.7716333270072937,39,407.0769230769231,184.25641025641025
HighRes TrueColor 2018 2m Graz - Kopie.png,2974,forest,0.7435595615244852,165,157.64242424242425,556.2666666666667
HighRes TrueColor 2018 2m Graz - Kopie.png,2975,forest,0.7667713165283203,18,756.8333333333334,732.4444444444445
HighRes TrueColor 2018 2m Graz - Kopie.png,2976,forest,0.4729002605894494,27,182.37037037037038,668.5555555555555
HighRes TrueColor 2018 2m Graz - Kopie.png,2977,forest,0.7474184036254883,13,506.15384615384613,490.53846153846155
HighRes TrueColor 2018 2m Graz - Kopie.png,2978,forest,0.7429383397102356,110,594.8272727272728,394.04545454545456
HighRes TrueColor 2018 2m Graz - Kopie.png,2979,forest,0.7166842000825064,86,665.6511627906976,192.13953488372093
HighRes TrueColor 2018 2m Graz - Kopie.png,2980,forest,0.3818843785717201,13,259.0,735.9230769230769
HighRes TrueColor 2018 2m Graz - Kopie.png,2981,forest,0.5348794205226146,207,242.44444444444446,52.091787439613526
HighRes TrueColor 2018 2m Graz - Kopie.png,2982,forest,0.640345424413681,169,67.96449704142012,74.01183431952663
HighRes TrueColor 2018 2m Graz - Kopie.png,2983,forest,0.5688364274845694,43,496.3488372093023,302.6511627906977
HighRes TrueColor 2018 2m Graz - Kopie.png,2984,forest,0.4213845546690729,92,551.9565217391304,699.9891304347826
HighRes TrueColor 2018 2m Graz - Kopie.png,2985,forest,0.481975212803143,21,793.952380952381,461.5238095238095
HighRes TrueColor 2018 2m Graz - Kopie.png,2986,forest,0.6707563996315002,26,784.3076923076923,38.38461538461539
HighRes TrueColor 2018 2m Graz - Kopie.png,2987,forest,0.6517961025238037,22,60.54545454545455,36.13636363636363
HighRes TrueColor 2018 2m Graz - Kopie.png,2988,forest,0.5287122960239905,27,196.25925925925927,709.2222222222222
HighRes TrueColor 2018 2m Graz - Kopie.png,2989,forest,0.4328525213908183,21,158.0,111.9047619047619
HighRes TrueColor 2018 2m Graz - Kopie.png,2990,forest,0.5758764320763902,117,709.2735042735043,569.5128205128206
HighRes TrueColor 2018 2m Graz - Kopie.png,2991,forest,0.6217434845293027,119,290.672268907563,81.29411764705883
HighRes TrueColor 2018 2m Graz - Kopie.png,2992,forest,0.3518427168396054,22,486.6818181818182,159.4090909090909
HighRes TrueColor 2018 2m Graz - Kopie.png,2993,forest,0.6181360483169556,105,501.93333333333334,22.085714285714285
HighRes TrueColor 2018 2m Graz - Kopie.png,2994,forest,0.45682525634765625,11,669.9090909090909,598.1818181818181
HighRes TrueColor 2018 2m Graz - Kopie.png,2995,forest,0.49323402775846764,34,421.5882352941176,549.6176470588235
HighRes TrueColor 2018 2m Graz - Kopie.png,2996,forest,0.389857728248666,204,378.48039215686276,54.15686274509804
HighRes TrueColor 2018 2m Graz - Kopie.png,2997,forest,0.41939329068085923,14,100.21428571428571,314.2857142857143
HighRes TrueColor 2018 2m Graz - Kopie.png,2998,forest,0.3906879150502971,50,203.44,599.86
HighRes TrueColor 2018 2m Graz - Kopie.png,2999,forest,0.35284203485049564,8,727.125,477.25
HighRes TrueColor 2018 2m Graz - Kopie.png,3000,forest,0.36835640777835293,10,41.1,151.4
HighRes TrueColor 2018 2m Graz - Kopie.png,3001,forest,0.3405311479046905,16,189.9375,419.3125
HighRes TrueColor 2018 2m Graz - Kopie.png,3002,forest,0.4193412638241252,30,57.3,417.6333333333333
HighRes TrueColor 2018 2m Graz - Kopie.png,3003,forest,0.4092334104864389,16,159.0625,488.625
HighRes TrueColor 2018 2m Graz - Kopie.png,3004,forest,0.36282194882610774,11,165.0,212.54545454545453
HighRes TrueColor 2018 2m Graz - Kopie.png,3005,forest,0.5013995170593262,25,526.0,126.64
HighRes TrueColor 2018 2m Graz - Kopie.png,3006,forest,0.4752020835876465,23,24.565217391304348,129.69565217391303
HighRes TrueColor 2018 2m Graz - Kopie.png,3007,forest,0.39919402290732947,41,751.829268292683,421.390243902439
HighRes TrueColor 2018 2m Graz - Kopie.png,3008,forest,0.459467351436615,24,14.25,551.25
HighRes TrueColor 2018 2m Graz - Kopie.png,3009,forest,0.351238399431786,15,318.6,204.53333333333333
HighRes TrueColor 2018 2m Graz - Kopie.png,3010,forest,0.40788703927185743,20,418.3,484.05
HighRes TrueColor 2018 2m Graz - Kopie.png,3011,forest,0.2759322778926118,49,319.59183673469386,52.142857142857146
HighRes TrueColor 2018 2m Graz - Kopie.png,3012,forest,0.4347371459007263,23,392.0,111.0
HighRes TrueColor 2018 2m Graz - Kopie.png,3013,forest,0.3957066309504113,92,212.3695652173913,131.65217391304347
HighRes TrueColor 2018 2m Graz - Kopie.png,3014,forest,0.414375364780426,66,14.833333333333334,463.8484848484849
HighRes TrueColor 2018 2m Graz - Kopie.png,3015,forest,0.3981017470359802,19,190.6315789473684,84.26315789473684
HighRes TrueColor 2018 2m Graz - Kopie.png,3016,forest,0.3623623196092508,74,574.2162162162163,656.2027027027027
HighRes TrueColor 2018 2m Graz - Kopie.png,3017,forest,0.36680883169174194,22,510.0,591.7727272727273
HighRes TrueColor 2018 2m Graz - Kopie.png,3018,forest,0.31868703595671455,11,266.27272727272725,229.0909090909091
HighRes TrueColor 2018 2m Graz - Kopie.png,3019,forest,0.33861708641052246,14,421.85714285714283,15.357142857142858
HighRes TrueColor 2018 2m Graz - Kopie.png,3020,forest,0.3381972908973694,4,270.5,40.0
HighRes TrueColor 2018 2m Graz - Kopie.png,3021,forest,0.2879599710790122,7,126.14285714285714,525.1428571428571
HighRes TrueColor 2018 2m Graz - Kopie.png,3022,forest,0.31992053985595703,14,541.1428571428571,522.7857142857143
HighRes TrueColor 2018 2m Graz - Kopie.png,3023,forest,0.31879884004592896,8,528.125,625.875
HighRes TrueColor 2018 2m Graz - Kopie.png,3024,forest,0.3181999921798706,48,125.54166666666667,129.70833333333334
HighRes TrueColor 2018 2m Graz - Kopie.png,3025,forest,0.265719323476732,14,612.0,678.6428571428571
HighRes TrueColor 2018 2m Graz - Kopie.png,3026,forest,0.27446258068084717,7,563.0,551.2857142857143
HighRes TrueColor 2018 2m Graz - Kopie.png,3027,forest,0.2602034073869262,8,650.125,314.375
HighRes TrueColor 2018 2m Graz - Kopie.png,3028,forest,0.26217085123062134,27,475.9259259259259,566.0370370370371
HighRes TrueColor 2018 2m Graz - Kopie.png,3029,forest,0.23927563428878784,10,528.2,295.0
HighRes TrueColor 2018 2m Graz - Kopie.png,3030,forest,0.23569273948669434,19,28.05263157894737,729.6842105263158
HighRes TrueColor 2018 2m Graz - Kopie.png,3031,forest,0.23238086700439453,110,674.0545454545454,352.6454545454545
HighRes TrueColor 2018 2m Graz - Kopie.png,3032,forest,0.2271152138710022,16,261.4375,160.5625
HighRes TrueColor 2018 2m Graz - Kopie.png,3033,forest,0.2232666015625,32,507.40625,672.65625
HighRes TrueColor 2018 2m Graz - Kopie.png,3034,forest,0.2135704755783081,6,227.5,125.33333333333333
HighRes TrueColor 2018 2m Graz - Kopie.png,3035,forestfragmentation,0.38410644589133813,14,112.57142857142857,225.78571428571428
HighRes TrueColor 2018 2m Graz - Kopie.png,3036,forestfragmentation,0.3223186518298073,15,217.0,423.06666666666666
HighRes TrueColor 2018 2m Graz - Kopie.png,3037,forestfragmentation,0.3553215123044222,15,419.1333333333333,377.6
HighRes TrueColor 2018 2m Graz - Kopie.png,3038,forestfragmentation,0.5286414749355792,40,221.5,340.65
HighRes TrueColor 2018 2m Graz - Kopie.png,3039,forestfragmentation,0.5355196797455838,9,56.111111111111114,711.1111111111111
HighRes TrueColor 2018 2m Graz - Kopie.png,3040,forestfragmentation,0.3608437617789885,19,266.05263157894734,381.2631578947368
HighRes TrueColor 2018 2m Graz - Kopie.png,3041,forestfragmentation,0.3367313568905851,7,13.142857142857142,241.57142857142858
HighRes TrueColor 2018 2m Graz - Kopie.png,3042,forestfragmentation,0.23288681344203888,10,61.0,742.1
HighRes TrueColor 2018 2m Graz - Kopie.png,3043,forestfragmentation,0.30316702652853444,30,118.83333333333333,718.5
HighRes TrueColor 2018 2m Graz - Kopie.png,3044,forestfragmentation,0.5502754352948489,17,230.41176470588235,485.47058823529414
HighRes TrueColor 2018 2m Graz - Kopie.png,3045,forestfragmentation,0.28369337151670326,5,46.0,374.2
HighRes TrueColor 2018 2m Graz - Kopie.png,3046,forestfragmentation,0.2953627842847143,58,12.672413793103448,720.6379310344828
HighRes TrueColor 2018 2m Graz - Kopie.png,3047,forestfragmentation,0.3275588671252607,7,105.85714285714286,265.42857142857144
HighRes TrueColor 2018 2m Graz - Kopie.png,3048,forestfragmentation,0.6002394251512223,11,218.0,301.6363636363636
HighRes TrueColor 2018 2m Graz - Kopie.png,3049,forestfragmentation,0.4342512247497916,22,135.36363636363637,364.8636363636364
HighRes TrueColor 2018 2m Graz - Kopie.png,3050,forestfragmentation,0.3198597007717329,12,57.083333333333336,310.4166666666667
HighRes TrueColor 2018 2m Graz - Kopie.png,3051,forestfragmentation,0.26319130030351684,8,366.125,740.375
HighRes TrueColor 2018 2m Graz - Kopie.png,3052,forestfragmentation,0.29756863285821666,13,746.2307692307693,158.07692307692307
HighRes TrueColor 2018 2m Graz - Kopie.png,3053,forestfragmentation,0.29292190770466126,14,109.42857142857143,464.35714285714283
HighRes TrueColor 2018 2m Graz - Kopie.png,3054,forestfragmentation,0.472622847204746,17,163.41176470588235,472.52941176470586
HighRes TrueColor 2018 2m Graz - Kopie.png,3055,forestfragmentation,0.3352831976734479,45,70.06666666666666,268.8
HighRes TrueColor 2018 2m Graz - Kopie.png,3056,forestfragmentation,0.2808228560644702,7,366.57142857142856,326.2857142857143
HighRes TrueColor 2018 2m Graz - Kopie.png,3057,forestfragmentation,0.5928426193379724,14,272.57142857142856,273.85714285714283
HighRes TrueColor 2018 2m Graz - Kopie.png,3058,forestfragmentation,0.36693485984950347,17,264.94117647058823,488.29411764705884
HighRes TrueColor 2018 2m Graz - Kopie.png,3059,forestfragmentation,0.2561602868361135,19,628.8421052631579,482.3157894736842
HighRes TrueColor 2018 2m Graz - Kopie.png,3060,forestfragmentation,0.4219587557698521,11,19.272727272727273,666.3636363636364
HighRes TrueColor 2018 2m Graz - Kopie.png,3061,forestfragmentation,0.2312278027748109,13,328.15384615384613,697.2307692307693
HighRes TrueColor 2018 2m Graz - Kopie.png,3062,forestfragmentation,0.2530194206151922,11,528.6363636363636,453.54545454545456
HighRes TrueColor 2018 2m Graz - Kopie.png,3063,forestfragmentation,0.5006576338582447,54,38.2962962962963,184.07407407407408
HighRes TrueColor 2018 2m Graz - Kopie.png,3064,forestfragmentation,0.3976609458617872,11,339.54545454545456,268.3636363636364
HighRes TrueColor 2018 2m Graz - Kopie.png,3065,forestfragmentation,0.3390979214661254,54,641.4074074074074,606.7407407407408
HighRes TrueColor 2018 2m Graz - Kopie.png,3066,forestfragmentation,0.44305711215204424,12,283.8333333333333,182.66666666666666
HighRes TrueColor 2018 2m Graz - Kopie.png,3067,forestfragmentation,0.40522222160627663,10,613.8,27.6
HighRes TrueColor 2018 2m Graz - Kopie.png,3068,forestfragmentation,0.2735888166200267,10,575.3,333.0
HighRes TrueColor 2018 2m Graz - Kopie.png,3069,forestfragmentation,0.4985940102614711,13,522.6923076923077,736.0769230769231
HighRes TrueColor 2018 2m Graz - Kopie.png,3070,forestfragmentation,0.3468828325591044,40,665.6,294.6
HighRes TrueColor 2018 2m Graz - Kopie.png,3071,forestfragmentation,0.46839944754199636,14,613.8571428571429,228.71428571428572
HighRes TrueColor 2018 2m Graz - Kopie.png,3072,forestfragmentation,0.529316471461845,24,390.6666666666667,191.04166666666666
HighRes TrueColor 2018 2m Graz - Kopie.png,3073,forestfragmentation,0.5345950304199153,24,506.25,346.75
HighRes TrueColor 2018 2m Graz - Kopie.png,3074,forestfragmentation,0.5432955531186836,28,68.25,335.7857142857143
HighRes TrueColor 2018 2m Graz - Kopie.png,3075,forestfragmentation,0.36063556295142785,9,632.1111111111111,165.44444444444446
HighRes TrueColor 2018 2m Graz - Kopie.png,3076,forestfragmentation,0.294665043818445,9,775.6666666666666,139.22222222222223
HighRes TrueColor 2018 2m Graz - Kopie.png,3077,forestfragmentation,0.4341972579245209,16,577.5625,470.4375
HighRes TrueColor 2018 2m Graz - Kopie.png,3078,forestfragmentation,0.23586168723203188,9,317.44444444444446,477.6666666666667
HighRes TrueColor 2018 2m Graz - Kopie.png,3079,forestfragmentation,0.379507766289768,30,362.56666666666666,668.3
HighRes TrueColor 2018 2m Graz - Kopie.png,3080,forestfragmentation,0.27102266308141476,27,474.3703703703704,498.22222222222223
HighRes TrueColor 2018 2m Graz - Kopie.png,3081,forestfragmentation,0.4552704970756962,54,454.72222222222223,650.8703703703703
HighRes TrueColor 2018 2m Graz - Kopie.png,3082,forestfragmentation,0.39698939998744825,19,466.2105263157895,423.94736842105266
HighRes TrueColor 2018 2m Graz - Kopie.png,3083,forestfragmentation,0.2629807874224022,9,77.22222222222223,594.5555555555555
HighRes TrueColor 2018 2m Graz - Kopie.png,3084,forestfragmentation,0.25582825672694987,6,436.3333333333333,706.5
HighRes TrueColor 2018 2m Graz - Kopie.png,3085,forestfragmentation,0.27453143122129886,10,531.0,200.1
HighRes TrueColor 2018 2m Graz - Kopie.png,3086,forestfragmentation,0.29962222126265114,34,339.3529411764706,516.2058823529412
HighRes TrueColor 2018 2m Graz - Kopie.png,3087,forestfragmentation,0.2724022317211301,11,318.0,344.6363636363636
HighRes TrueColor 2018 2m Graz - Kopie.png,3088,forestfragmentation,0.3121896490301352,10,144.8,239.1
HighRes TrueColor 2018 2m Graz - Kopie.png,3089,forestfragmentation,0.3294061288622587,6,497.8333333333333,417.8333333333333
HighRes TrueColor 2018 2m Graz - Kopie.png,3090,forestfragmentation,0.24287388707260932,8,317.375,122.125
HighRes TrueColor 2018 2m Graz - Kopie.png,3091,forestfragmentation,0.520015299320221,4,180.5,97.0
HighRes TrueColor 2018 2m Graz - Kopie.png,3092,forestfragmentation,0.3158936115107526,11,328.45454545454544,560.3636363636364
HighRes TrueColor 2018 2m Graz - Kopie.png,3093,forestfragmentation,0.47845989767426256,9,213.44444444444446,32.111111111111114
HighRes TrueColor 2018 2m Graz - Kopie.png,3094,forestfragmentation,0.3795584748203815,18,299.3333333333333,374.8888888888889
HighRes TrueColor 2018 2m Graz - Kopie.png,3095,forestfragmentation,0.3641115813433441,26,480.11538461538464,522.9615384615385
HighRes TrueColor 2018 2m Graz - Kopie.png,3096,forestfragmentation,0.4148013667560201,7,577.1428571428571,111.85714285714286
HighRes TrueColor 2018 2m Graz - Kopie.png,3097,forestfragmentation,0.34763844751442313,12,682.6666666666666,550.9166666666666
HighRes TrueColor 2018 2m Graz - Kopie.png,3098,forestfragmentation,0.2771677491805786,50,718.28,658.04
HighRes TrueColor 2018 2m Graz - Kopie.png,3099,forestfragmentation,0.23788473769534768,22,161.86363636363637,699.9545454545455
HighRes TrueColor 2018 2m Graz - Kopie.png,3100,forestfragmentation,0.4188052780098385,16,638.125,101.9375
HighRes TrueColor 2018 2m Graz - Kopie.png,3101,forestfragmentation,0.4190180841483509,6,432.6666666666667,262.8333333333333
HighRes TrueColor 2018 2m Graz - Kopie.png,3102,forestfragmentation,0.448450530843501,28,340.10714285714283,613.6785714285714
HighRes TrueColor 2018 2m Graz - Kopie.png,3103,forestfragmentation,0.4574983367916612,13,451.6923076923077,614.0
HighRes TrueColor 2018 2m Graz - Kopie.png,3104,forestfragmentation,0.28609357707911237,13,570.5384615384615,595.3076923076923
HighRes TrueColor 2018 2m Graz - Kopie.png,3105,forestfragmentation,0.35951111272839614,18,720.5555555555555,280.6111111111111
HighRes TrueColor 2018 2m Graz - Kopie.png,3106,forestfragmentation,0.33519228233724446,21,454.0952380952381,161.61904761904762
HighRes TrueColor 2018 2m Graz - Kopie.png,3107,forestfragmentation,0.4033695232301201,43,528.4186046511628,267.8837209302326
HighRes TrueColor 2018 2m Graz - Kopie.png,3108,forestfragmentation,0.3256028101761495,8,523.0,482.75
HighRes TrueColor 2018 2m Graz - Kopie.png,3109,forestfragmentation,0.2524595869001536,49,292.42857142857144,602.0612244897959
HighRes TrueColor 2018 2m Graz - Kopie.png,3110,forestfragmentation,0.3164633298360875,34,223.7941176470588,624.2352941176471
HighRes TrueColor 2018 2m Graz - Kopie.png,3111,forestfragmentation,0.2689645911811274,11,730.3636363636364,547.2727272727273
HighRes TrueColor 2018 2m Graz - Kopie.png,3112,forestfragmentation,0.47060781717300415,8,726.375,357.875
HighRes TrueColor 2018 2m Graz - Kopie.png,3113,forestfragmentation,0.4689072370529175,10,636.0,499.2
HighRes TrueColor 2018 2m Graz - Kopie.png,3114,forestfragmentation,0.2620881018941991,13,393.0769230769231,598.4615384615385
HighRes TrueColor 2018 2m Graz - Kopie.png,3115,forestfragmentation,0.4601024389266968,28,11.321428571428571,283.7857142857143
HighRes TrueColor 2018 2m Graz - Kopie.png,3116,forestfragmentation,0.2887561942536308,14,522.6428571428571,214.78571428571428
HighRes TrueColor 2018 2m Graz - Kopie.png,3117,forestfragmentation,0.36772693511068194,11,690.7272727272727,594.0909090909091
HighRes TrueColor 2018 2m Graz - Kopie.png,3118,forestfragmentation,0.35383743876465507,34,256.7647058823529,690.9117647058823
HighRes TrueColor 2018 2m Graz - Kopie.png,3119,forestfragmentation,0.2508929863428919,7,737.8571428571429,58.857142857142854
HighRes TrueColor 2018 2m Graz - Kopie.png,3120,forestfragmentation,0.25383100463431363,9,276.55555555555554,426.22222222222223
HighRes TrueColor 2018 2m Graz - Kopie.png,3121,forestfragmentation,0.319669506107386,14,745.5714285714286,565.6428571428571
HighRes TrueColor 2018 2m Graz - Kopie.png,3122,forestfragmentation,0.3239502739987838,16,605.0,55.5625
HighRes TrueColor 2018 2m Graz - Kopie.png,3123,forestfragmentation,0.4414975643157959,13,89.92307692307692,293.15384615384613
HighRes TrueColor 2018 2m Graz - Kopie.png,3124,forestfragmentation,0.43942105770111084,13,119.23076923076923,466.3076923076923
HighRes TrueColor 2018 2m Graz - Kopie.png,3125,forestfragmentation,0.275878674048249,8,68.0,157.375
HighRes TrueColor 2018 2m Graz - Kopie.png,3126,forestfragmentation,0.27406130908566245,10,480.0,93.6
HighRes TrueColor 2018 2m Graz - Kopie.png,3127,forestfragmentation,0.304324128719582,7,276.85714285714283,550.8571428571429
HighRes TrueColor 2018 2m Graz - Kopie.png,3128,forestfragmentation,0.3326189495518554,11,792.3636363636364,321.09090909090907
HighRes TrueColor 2018 2m Graz - Kopie.png,3129,forestfragmentation,0.30832534470943906,11,763.0909090909091,136.1818181818182
HighRes TrueColor 2018 2m Graz - Kopie.png,3130,forestfragmentation,0.4258139133453369,39,138.64102564102564,727.6666666666666
HighRes TrueColor 2018 2m Graz - Kopie.png,3131,forestfragmentation,0.23941603920633409,7,672.2857142857143,724.7142857142857
HighRes TrueColor 2018 2m Graz - Kopie.png,3132,forestfragmentation,0.3300356454234054,7,133.85714285714286,74.0
HighRes TrueColor 2018 2m Graz - Kopie.png,3133,forestfragmentation,0.31273291074607135,14,690.0,58.142857142857146
HighRes TrueColor 2018 2m Graz - Kopie.png,3134,forestfragmentation,0.40838468074798584,26,786.4230769230769,585.9230769230769
HighRes TrueColor 2018 2m Graz - Kopie.png,3135,forestfragmentation,0.30521043176995044,8,391.125,704.75
HighRes TrueColor 2018 2m Graz - Kopie.png,3136,forestfragmentation,0.31766925510040633,15,506.6666666666667,677.7333333333333
HighRes TrueColor 2018 2m Graz - Kopie.png,3137,forestfragmentation,0.2896916290639156,8,555.5,253.5
HighRes TrueColor 2018 2m Graz - Kopie.png,3138,forestfragmentation,0.29562181792429254,9,413.3333333333333,389.1111111111111
HighRes TrueColor 2018 2m Graz - Kopie.png,3139,forestfragmentation,0.291456007731464,15,354.3333333333333,574.0666666666667
HighRes TrueColor 2018 2m Graz - Kopie.png,3140,forestfragmentation,0.3945602774620056,10,294.1,614.7
HighRes TrueColor 2018 2m Graz - Kopie.png,3141,forestfragmentation,0.31193746438431424,10,553.0,510.6
HighRes TrueColor 2018 2m Graz - Kopie.png,3142,forestfragmentation,0.23317020715560413,6,441.0,737.3333333333334
HighRes TrueColor 2018 2m Graz - Kopie.png,3143,forestfragmentation,0.2576828638550023,21,686.952380952381,222.8095238095238
HighRes TrueColor 2018 2m Graz - Kopie.png,3144,forestfragmentation,0.27115436525636566,8,146.125,577.25
HighRes TrueColor 2018 2m Graz - Kopie.png,3145,forestfragmentation,0.25415783167140304,14,224.14285714285714,36.07142857142857
HighRes TrueColor 2018 2m Graz - Kopie.png,3146,forestfragmentation,0.2659584903104628,9,797.4444444444445,264.1111111111111
HighRes TrueColor 2018 2m Graz - Kopie.png,3147,forestfragmentation,0.2872940966810413,9,470.3333333333333,330.1111111111111
HighRes TrueColor 2018 2m Graz - Kopie.png,3148,forestfragmentation,0.370796799659729,26,228.30769230769232,441.2692307692308
HighRes TrueColor 2018 2m Graz - Kopie.png,3149,forestfragmentation,0.2872716493039719,47,14.76595744680851,490.468085106383
HighRes TrueColor 2018 2m Graz - Kopie.png,3150,forestfragmentation,0.35815054178237915,10,528.2,298.9
HighRes TrueColor 2018 2m Graz - Kopie.png,3151,forestfragmentation,0.32103743719296673,18,122.66666666666667,642.5555555555555
HighRes TrueColor 2018 2m Graz - Kopie.png,3152,forestfragmentation,0.28022598446189584,9,317.77777777777777,24.0
HighRes TrueColor 2018 2m Graz - Kopie.png,3153,forestfragmentation,0.24292799622801592,9,763.1111111111111,22.77777777777778
HighRes TrueColor 2018 2m Graz - Kopie.png,3154,forestfragmentation,0.2767417840877743,8,593.875,631.75
HighRes TrueColor 2018 2m Graz - Kopie.png,3155,forestfragmentation,0.22830367864488962,32,763.125,242.125
HighRes TrueColor 2018 2m Graz - Kopie.png,3156,forestfragmentation,0.24972394935040723,7,756.8571428571429,741.5714285714286
HighRes TrueColor 2018 2m Graz - Kopie.png,3157,forestfragmentation,0.26807686792675256,14,555.2142857142857,370.7142857142857
HighRes TrueColor 2018 2m Graz - Kopie.png,3158,forestfragmentation,0.34951508045196533,7,617.0,85.42857142857143
HighRes TrueColor 2018 2m Graz - Kopie.png,3159,forestfragmentation,0.267942927729528,9,579.5555555555555,202.88888888888889
HighRes TrueColor 2018 2m Graz - Kopie.png,3160,forestfragmentation,0.2821722508467013,4,633.5,312.5
HighRes TrueColor 2018 2m Graz - Kopie.png,3161,forestfragmentation,0.31779205090868246,5,44.6,547.8
HighRes TrueColor 2018 2m Graz - Kopie.png,3162,forestfragmentation,0.34691303968429565,16,254.4375,145.9375
HighRes TrueColor 2018 2m Graz - Kopie.png,3163,forestfragmentation,0.2755834550673824,10,350.5,431.1
HighRes TrueColor 2018 2m Graz - Kopie.png,3164,forestfragmentation,0.23108831814226005,11,685.4545454545455,436.54545454545456
HighRes TrueColor 2018 2m Graz - Kopie.png,3165,forestfragmentation,0.30665126948122856,8,704.0,667.25
HighRes TrueColor 2018 2m Graz - Kopie.png,3166,forestfragmentation,0.3247424137853358,8,371.5,482.5
HighRes TrueColor 2018 2m Graz - Kopie.png,3167,forestfragmentation,0.2700576682582911,15,332.8,288.06666666666666
HighRes TrueColor 2018 2m Graz - Kopie.png,3168,forestfragmentation,0.3299994468688965,9,249.0,306.1111111111111
HighRes TrueColor 2018 2m Graz - Kopie.png,3169,forestfragmentation,0.3279231786727905,7,678.0,740.1428571428571
HighRes TrueColor 2018 2m Graz - Kopie.png,3170,forestfragmentation,0.2662650149686374,13,25.46153846153846,109.92307692307692
HighRes TrueColor 2018 2m Graz - Kopie.png,3171,forestfragmentation,0.32294660806655884,8,697.625,454.25
HighRes TrueColor 2018 2m Graz - Kopie.png,3172,forestfragmentation,0.3181772232055664,12,309.1666666666667,110.25
HighRes TrueColor 2018 2m Graz - Kopie.png,3173,forestfragmentation,0.2521818533861049,6,726.5,296.6666666666667
HighRes TrueColor 2018 2m Graz - Kopie.png,3174,forestfragmentation,0.31303954124450684,15,604.1333333333333,118.8
HighRes TrueColor 2018 2m Graz - Kopie.png,3175,forestfragmentation,0.277019140603659,12,733.25,206.25
HighRes TrueColor 2018 2m Graz - Kopie.png,3176,forestfragmentation,0.2852999269962311,10,773.4,353.1
HighRes TrueColor 2018 2m Graz - Kopie.png,3177,forestfragmentation,0.28804206719501413,7,739.1428571428571,581.4285714285714
HighRes TrueColor 2018 2m Graz - Kopie.png,3178,forestfragmentation,0.30175161361694336,21,666.8571428571429,6.095238095238095
HighRes TrueColor 2018 2m Graz - Kopie.png,3179,forestfragmentation,0.2986658811569214,9,318.77777777777777,257.8888888888889
HighRes TrueColor 2018 2m Graz - Kopie.png,3180,forestfragmentation,0.273974911680957,7,527.8571428571429,46.42857142857143
HighRes TrueColor 2018 2m Graz - Kopie.png,3181,forestfragmentation,0.2550928955252594,16,690.0,341.25
HighRes TrueColor 2018 2m Graz - Kopie.png,3182,forestfragmentation,0.2337432279941398,4,797.5,191.0
HighRes TrueColor 2018 2m Graz - Kopie.png,3183,forestfragmentation,0.2926778793334961,10,211.6,700.9
HighRes TrueColor 2018 2m Graz - Kopie.png,3184,forestfragmentation,0.24281383301258888,21,429.3809523809524,217.71428571428572
HighRes TrueColor 2018 2m Graz - Kopie.png,3185,forestfragmentation,0.2673314598653866,21,106.47619047619048,645.8095238095239
HighRes TrueColor 2018 2m Graz - Kopie.png,3186,forestfragmentation,0.28784817457199097,8,135.375,33.25
HighRes TrueColor 2018 2m Graz - Kopie.png,3187,forestfragmentation,0.2457148150495108,15,678.0666666666667,142.6
HighRes TrueColor 2018 2m Graz - Kopie.png,3188,forestfragmentation,0.2666051355177837,6,660.3333333333334,373.5
HighRes TrueColor 2018 2m Graz - Kopie.png,3189,forestfragmentation,0.27914369106292725,6,65.5,105.0
HighRes TrueColor 2018 2m Graz - Kopie.png,3190,forestfragmentation,0.24545241824093011,9,730.8888888888889,685.5555555555555
HighRes TrueColor 2018 2m Graz - Kopie.png,3191,forestfragmentation,0.27633136510849,8,7.25,670.375
HighRes TrueColor 2018 2m Graz - Kopie.png,3192,forestfragmentation,0.26538761064610333,8,367.25,582.25
HighRes TrueColor 2018 2m Graz - Kopie.png,3193,forestfragmentation,0.2548854609705367,44,773.8409090909091,473.54545454545456
HighRes TrueColor 2018 2m Graz - Kopie.png,3194,forestfragmentation,0.2696062457071592,6,265.5,85.0
HighRes TrueColor 2018 2m Graz - Kopie.png,3195,forestfragmentation,0.27178865671157837,11,276.54545454545456,51.27272727272727
HighRes TrueColor 2018 2m Graz - Kopie.png,3196,forestfragmentation,0.27077043056488037,6,586.5,735.5
HighRes TrueColor 2018 2m Graz - Kopie.png,3197,forestfragmentation,0.22132396456201753,4,263.5,582.0
HighRes TrueColor 2018 2m Graz - Kopie.png,3198,forestfragmentation,0.26331913471221924,7,580.1428571428571,262.0
HighRes TrueColor 2018 2m Graz - Kopie.png,3199,forestfragmentation,0.23220467574358702,9,569.2222222222222,169.11111111111111
HighRes TrueColor 2018 2m Graz - Kopie.png,3200,forestfragmentation,0.2577235698699951,11,611.4545454545455,385.6363636363636
HighRes TrueColor 2018 2m Graz - Kopie.png,3201,forestfragmentation,0.253181517124176,9,526.2222222222222,391.44444444444446
HighRes TrueColor 2018 2m Graz - Kopie.png,3202,forestfragmentation,0.25296664237976074,12,483.25,594.9166666666666
HighRes TrueColor 2018 2m Graz - Kopie.png,3203,forestfragmentation,0.2525603175163269,9,103.33333333333333,18.88888888888889
HighRes TrueColor 2018 2m Graz - Kopie.png,3204,forestfragmentation,0.2459221689772353,11,475.1818181818182,375.54545454545456
HighRes TrueColor 2018 2m Graz - Kopie.png,3205,forestfragmentation,0.23475988870766779,13,11.615384615384615,592.6153846153846
HighRes TrueColor 2018 2m Graz - Kopie.png,3206,forestfragmentation,0.2440941333770752,17,441.0,298.29411764705884
HighRes TrueColor 2018 2m Graz - Kopie.png,3207,forestfragmentation,0.23375578894131427,6,627.3333333333334,685.0
HighRes TrueColor 2018 2m Graz - Kopie.png,3208,forestfragmentation,0.23889905214309692,60,224.68333333333334,530.95
HighRes TrueColor 2018 2m Graz - Kopie.png,3209,forestfragmentation,0.23833578824996948,5,77.4,185.0
HighRes TrueColor 2018 2m Graz - Kopie.png,3210,forestfragmentation,0.23820990324020386,9,335.8888888888889,81.11111111111111
HighRes TrueColor 2018 2m Graz - Kopie.png,3211,forestfragmentation,0.23756790161132812,5,179.0,319.4
HighRes TrueColor 2018 2m Graz - Kopie.png,3212,forestfragmentation,0.2370058298110962,8,427.875,535.375
HighRes TrueColor 2018 2m Graz - Kopie.png,3213,forestfragmentation,0.22169319485802302,26,473.0,39.15384615384615
HighRes TrueColor 2018 2m Graz - Kopie.png,3214,forestfragmentation,0.22858572006225586,6,197.83333333333334,370.6666666666667
HighRes TrueColor 2018 2m Graz - Kopie.png,3215,forestfragmentation,0.22792959213256836,10,542.5,627.5
HighRes TrueColor 2018 2m Graz - Kopie.png,3216,forestfragmentation,0.21799901264107707,13,474.7692307692308,711.6923076923077
HighRes TrueColor 2018 2m Graz - Kopie.png,3217,forestfragmentation,0.21809673309326172,10,699.8,107.8
HighRes TrueColor 2018 2m Graz - Kopie.png,3218,forestfragmentation,0.20994496162525988,5,343.4,370.6
HighRes TrueColor 2018 2m Graz - Kopie.png,3219,forestfragmentation,0.21023273468017578,12,2.75,25.333333333333332
HighRes TrueColor 2018 2m Graz - Kopie.png,3220,forestfragmentation,0.20947057008743286,40,783.025,416.425
HighRes TrueColor 2018 2m Graz - Kopie.png,3221,forestfragmentation,0.2064688801765442,9,182.22222222222223,545.6666666666666
HighRes TrueColor 2018 2m Graz - Kopie.png,3222,forestfragmentation,0.2059037685394287,8,403.875,627.625
HighRes TrueColor 2018 2m Graz - Kopie.png,3223,forestfragmentation,0.20106518268585205,5,389.6,50.8
HighRes TrueColor 2018 2m Graz - Kopie.png,3224,forest,0.5215396881103516,45,47.91111111111111,36.55555555555556
HighRes TrueColor 2018 2m Graz - Kopie.png,3225,forest,0.30840569734573364,165,31.33939393939394,20.187878787878788
HighRes TrueColor 2018 2m Graz - Kopie.png,3226,forestfragmentation,0.21023273468017578,12,2.75,25.333333333333332
HighRes TrueColor 2018 2m Graz - Kopie.png,3227,forest,0.5215396881103516,45,47.91111111111111,36.55555555555556
HighRes TrueColor 2018 2m Graz - Kopie.png,3228,forest,0.30840569734573364,165,31.33939393939394,20.187878787878788
HighRes TrueColor 2018 2m Graz - Kopie.png,3229,forestfragmentation,0.21023273468017578,12,2.75,25.333333333333332
HighRes TrueColor 2018 2m Graz - Kopie.png,3230,forest,0.6919336915016174,38,32.10526315789474,13.105263157894736
HighRes TrueColor 2018 2m Graz - Kopie.png,3231,forest,0.6517961025238037,22,8.545454545454545,36.13636363636363
HighRes TrueColor 2018 2m Graz - Kopie.png,3232,forest,0.3466718792915344,26,52.46153846153846,52.80769230769231
HighRes TrueColor 2018 2m Graz - Kopie.png,3233,forestfragmentation,0.2525603175163269,9,51.333333333333336,18.88888888888889
HighRes TrueColor 2018 2m Graz - Kopie.png,3234,forest,0.6919336915016174,38,32.10526315789474,13.105263157894736
HighRes TrueColor 2018 2m Graz - Kopie.png,3235,forest,0.6517961025238037,22,8.545454545454545,36.13636363636363
HighRes TrueColor 2018 2m Graz - Kopie.png,3236,forest,0.3466718792915344,26,52.46153846153846,52.80769230769231
HighRes TrueColor 2018 2m Graz - Kopie.png,3237,forestfragmentation,0.2525603175163269,9,51.333333333333336,18.88888888888889
HighRes TrueColor 2018 2m Graz - Kopie.png,3238,forest,0.8801414370536804,38,41.6578947368421,11.5
HighRes TrueColor 2018 2m Graz - Kopie.png,3239,forestfragmentation,0.38809001445770264,9,56.111111111111114,58.77777777777778
HighRes TrueColor 2018 2m Graz - Kopie.png,3240,forestfragmentation,0.30758726596832275,9,41.77777777777778,58.111111111111114
HighRes TrueColor 2018 2m Graz - Kopie.png,3241,forestfragmentation,0.28784817457199097,8,31.375,33.25
HighRes TrueColor 2018 2m Graz - Kopie.png,3242,forestfragmentation,0.2602055072784424,8,42.0,41.75
HighRes TrueColor 2018 2m Graz - Kopie.png,3243,forest,0.8801414370536804,38,41.6578947368421,11.5
HighRes TrueColor 2018 2m Graz - Kopie.png,3244,forestfragmentation,0.38809001445770264,9,56.111111111111114,58.77777777777778
HighRes TrueColor 2018 2m Graz - Kopie.png,3245,forestfragmentation,0.30758726596832275,9,41.77777777777778,58.111111111111114
HighRes TrueColor 2018 2m Graz - Kopie.png,3246,forestfragmentation,0.28784817457199097,8,31.375,33.25
HighRes TrueColor 2018 2m Graz - Kopie.png,3247,forestfragmentation,0.2602055072784424,8,42.0,41.75
HighRes TrueColor 2018 2m Graz - Kopie.png,3248,forestfragmentation,0.5125895738601685,9,25.88888888888889,26.88888888888889
HighRes TrueColor 2018 2m Graz - Kopie.png,3249,forest,0.5018864870071411,50,43.46,38.6
HighRes TrueColor 2018 2m Graz - Kopie.png,3250,forestfragmentation,0.47730618715286255,9,57.44444444444444,32.111111111111114
HighRes TrueColor 2018 2m Graz - Kopie.png,3251,forestfragmentation,0.42013680934906006,7,4.142857142857143,58.57142857142857
HighRes TrueColor 2018 2m Graz - Kopie.png,3252,forestfragmentation,0.5125895738601685,9,25.88888888888889,26.88888888888889
HighRes TrueColor 2018 2m Graz - Kopie.png,3253,forest,0.5018864870071411,50,43.46,38.6
HighRes TrueColor 2018 2m Graz - Kopie.png,3254,forestfragmentation,0.47730618715286255,9,57.44444444444444,32.111111111111114
HighRes TrueColor 2018 2m Graz - Kopie.png,3255,forestfragmentation,0.42013680934906006,7,4.142857142857143,58.57142857142857
HighRes TrueColor 2018 2m Graz - Kopie.png,3256,forest,0.7250268459320068,152,27.125,37.18421052631579
HighRes TrueColor 2018 2m Graz - Kopie.png,3257,forestfragmentation,0.4506274461746216,7,5.571428571428571,32.0
HighRes TrueColor 2018 2m Graz - Kopie.png,3258,forestfragmentation,0.3809589743614197,9,13.0,21.11111111111111
HighRes TrueColor 2018 2m Graz - Kopie.png,3259,forestfragmentation,0.292385995388031,10,19.4,11.4
HighRes TrueColor 2018 2m Graz - Kopie.png,3260,forestfragmentation,0.22302544116973877,14,23.642857142857142,24.357142857142858
HighRes TrueColor 2018 2m Graz - Kopie.png,3261,forestfragmentation,0.2143142819404602,14,16.142857142857142,36.07142857142857
HighRes TrueColor 2018 2m Graz - Kopie.png,3262,forest,0.7250268459320068,152,27.125,37.18421052631579
HighRes TrueColor 2018 2m Graz - Kopie.png,3263,forestfragmentation,0.4506274461746216,7,5.571428571428571,32.0
HighRes TrueColor 2018 2m Graz - Kopie.png,3264,forestfragmentation,0.3809589743614197,9,13.0,21.11111111111111
HighRes TrueColor 2018 2m Graz - Kopie.png,3265,forestfragmentation,0.292385995388031,10,19.4,11.4
HighRes TrueColor 2018 2m Graz - Kopie.png,3266,forestfragmentation,0.22302544116973877,14,23.642857142857142,24.357142857142858
HighRes TrueColor 2018 2m Graz - Kopie.png,3267,forestfragmentation,0.2143142819404602,14,16.142857142857142,36.07142857142857
HighRes TrueColor 2018 2m Graz - Kopie.png,3268,forest,0.43677687644958496,16,57.0625,24.875
HighRes TrueColor 2018 2m Graz - Kopie.png,3269,forest,0.4118090271949768,11,55.72727272727273,2.090909090909091
HighRes TrueColor 2018 2m Graz - Kopie.png,3270,forestfragmentation,0.35774874687194824,8,57.0,24.375
HighRes TrueColor 2018 2m Graz - Kopie.png,3271,forest,0.3429167866706848,15,3.8,15.8
HighRes TrueColor 2018 2m Graz - Kopie.png,3272,forest,0.3381972908973694,4,10.5,40.0
HighRes TrueColor 2018 2m Graz - Kopie.png,3273,forest,0.2855812907218933,27,56.111111111111114,50.22222222222222
HighRes TrueColor 2018 2m Graz - Kopie.png,3274,forest,0.28306543827056885,112,18.803571428571427,39.50892857142857
HighRes TrueColor 2018 2m Graz - Kopie.png,3275,forestfragmentation,0.27178865671157837,11,16.545454545454547,51.27272727272727
HighRes TrueColor 2018 2m Graz - Kopie.png,3276,forestfragmentation,0.2648657560348511,7,3.142857142857143,60.857142857142854
HighRes TrueColor 2018 2m Graz - Kopie.png,3277,forest,0.43677687644958496,16,57.0625,24.875
HighRes TrueColor 2018 2m Graz - Kopie.png,3278,forest,0.4118090271949768,11,55.72727272727273,2.090909090909091
HighRes TrueColor 2018 2m Graz - Kopie.png,3279,forestfragmentation,0.35774874687194824,8,57.0,24.375
HighRes TrueColor 2018 2m Graz - Kopie.png,3280,forest,0.3429167866706848,15,3.8,15.8
HighRes TrueColor 2018 2m Graz - Kopie.png,3281,forest,0.3381972908973694,4,10.5,40.0
HighRes TrueColor 2018 2m Graz - Kopie.png,3282,forest,0.2855812907218933,27,56.111111111111114,50.22222222222222
HighRes TrueColor 2018 2m Graz - Kopie.png,3283,forest,0.28306543827056885,112,18.803571428571427,39.50892857142857
HighRes TrueColor 2018 2m Graz - Kopie.png,3284,forestfragmentation,0.27178865671157837,11,16.545454545454547,51.27272727272727
HighRes TrueColor 2018 2m Graz - Kopie.png,3285,forestfragmentation,0.2648657560348511,7,3.142857142857143,60.857142857142854
HighRes TrueColor 2018 2m Graz - Kopie.png,3286,forest,0.4170357584953308,30,10.766666666666667,14.133333333333333
HighRes TrueColor 2018 2m Graz - Kopie.png,3287,forest,0.39132529497146606,24,34.916666666666664,56.708333333333336
HighRes TrueColor 2018 2m Graz - Kopie.png,3288,forest,0.3127322793006897,26,8.5,26.653846153846153
HighRes TrueColor 2018 2m Graz - Kopie.png,3289,forest,0.2714502215385437,19,15.894736842105264,2.526315789473684
HighRes TrueColor 2018 2m Graz - Kopie.png,3290,forest,0.2386055588722229,44,46.29545454545455,47.34090909090909
HighRes TrueColor 2018 2m Graz - Kopie.png,3291,forest,0.2165887951850891,39,9.051282051282051,54.30769230769231
HighRes TrueColor 2018 2m Graz - Kopie.png,3292,forestfragmentation,0.20066314935684204,14,7.428571428571429,24.714285714285715
HighRes TrueColor 2018 2m Graz - Kopie.png,3293,forest,0.4170357584953308,30,10.766666666666667,14.133333333333333
HighRes TrueColor 2018 2m Graz - Kopie.png,3294,forest,0.39132529497146606,24,34.916666666666664,56.708333333333336
HighRes TrueColor 2018 2m Graz - Kopie.png,3295,forest,0.3127322793006897,26,8.5,26.653846153846153
HighRes TrueColor 2018 2m Graz - Kopie.png,3296,forest,0.2714502215385437,19,15.894736842105264,2.526315789473684
HighRes TrueColor 2018 2m Graz - Kopie.png,3297,forest,0.2386055588722229,44,46.29545454545455,47.34090909090909
HighRes TrueColor 2018 2m Graz - Kopie.png,3298,forest,0.2165887951850891,39,9.051282051282051,54.30769230769231
HighRes TrueColor 2018 2m Graz - Kopie.png,3299,forestfragmentation,0.20066314935684204,14,7.428571428571429,24.714285714285715
HighRes TrueColor 2018 2m Graz - Kopie.png,3300,forest,0.5911611318588257,77,25.90909090909091,31.74025974025974
HighRes TrueColor 2018 2m Graz - Kopie.png,3301,forest,0.33861708641052246,14,57.857142857142854,15.357142857142858
HighRes TrueColor 2018 2m Graz - Kopie.png,3302,forestfragmentation,0.20106518268585205,5,25.6,50.8
HighRes TrueColor 2018 2m Graz - Kopie.png,3303,forest,0.5911611318588257,77,25.90909090909091,31.74025974025974
HighRes TrueColor 2018 2m Graz - Kopie.png,3304,forest,0.33861708641052246,14,57.857142857142854,15.357142857142858
HighRes TrueColor 2018 2m Graz - Kopie.png,3305,forestfragmentation,0.20106518268585205,5,25.6,50.8
HighRes TrueColor 2018 2m Graz - Kopie.png,3306,forest,0.7013996243476868,65,24.892307692307693,10.36923076923077
HighRes TrueColor 2018 2m Graz - Kopie.png,3307,forestfragmentation,0.20824885368347168,19,53.68421052631579,38.578947368421055
HighRes TrueColor 2018 2m Graz - Kopie.png,3308,forest,0.7013996243476868,65,24.892307692307693,10.36923076923077
HighRes TrueColor 2018 2m Graz - Kopie.png,3309,forestfragmentation,0.20824885368347168,19,53.68421052631579,38.578947368421055
HighRes TrueColor 2018 2m Graz - Kopie.png,3310,forest,0.6181360483169556,105,33.93333333333333,22.085714285714285
HighRes TrueColor 2018 2m Graz - Kopie.png,3311,forestfragmentation,0.2959900498390198,7,59.857142857142854,46.42857142857143
HighRes TrueColor 2018 2m Graz - Kopie.png,3312,forestfragmentation,0.2778330445289612,7,52.57142857142857,29.0
HighRes TrueColor 2018 2m Graz - Kopie.png,3313,forestfragmentation,0.26848673820495605,17,48.64705882352941,40.294117647058826
HighRes TrueColor 2018 2m Graz - Kopie.png,3314,forestfragmentation,0.23569238185882568,18,8.88888888888889,40.72222222222222
HighRes TrueColor 2018 2m Graz - Kopie.png,3315,forest,0.6181360483169556,105,33.93333333333333,22.085714285714285
HighRes TrueColor 2018 2m Graz - Kopie.png,3316,forestfragmentation,0.2959900498390198,7,59.857142857142854,46.42857142857143
HighRes TrueColor 2018 2m Graz - Kopie.png,3317,forestfragmentation,0.2778330445289612,7,52.57142857142857,29.0
HighRes TrueColor 2018 2m Graz - Kopie.png,3318,forestfragmentation,0.26848673820495605,17,48.64705882352941,40.294117647058826
HighRes TrueColor 2018 2m Graz - Kopie.png,3319,forestfragmentation,0.23569238185882568,18,8.88888888888889,40.72222222222222
HighRes TrueColor 2018 2m Graz - Kopie.png,3320,forest,0.8200472593307495,30,9.933333333333334,11.866666666666667
HighRes TrueColor 2018 2m Graz - Kopie.png,3321,forestfragmentation,0.26725977659225464,7,1.7142857142857142,28.428571428571427
HighRes TrueColor 2018 2m Graz - Kopie.png,3322,forestfragmentation,0.201288640499115,8,51.625,4.125
HighRes TrueColor 2018 2m Graz - Kopie.png,3323,forest,0.8200472593307495,30,9.933333333333334,11.866666666666667
HighRes TrueColor 2018 2m Graz - Kopie.png,3324,forestfragmentation,0.26725977659225464,7,1.7142857142857142,28.428571428571427
HighRes TrueColor 2018 2m Graz - Kopie.png,3325,forestfragmentation,0.201288640499115,8,51.625,4.125
HighRes TrueColor 2018 2m Graz - Kopie.png,3326,forest,0.9129894971847534,4,31.5,31.5
HighRes TrueColor 2018 2m Graz - Kopie.png,3327,forestfragmentation,0.594438374042511,37,14.45945945945946,14.81081081081081
HighRes TrueColor 2018 2m Graz - Kopie.png,3328,forestfragmentation,0.45011043548583984,11,46.27272727272727,39.18181818181818
HighRes TrueColor 2018 2m Graz - Kopie.png,3329,forestfragmentation,0.4236965775489807,11,56.36363636363637,38.90909090909091
HighRes TrueColor 2018 2m Graz - Kopie.png,3330,forestfragmentation,0.4087216258049011,10,41.8,27.6
HighRes TrueColor 2018 2m Graz - Kopie.png,3331,forestfragmentation,0.3644368052482605,6,54.833333333333336,10.5
HighRes TrueColor 2018 2m Graz - Kopie.png,3332,forestfragmentation,0.31879085302352905,16,33.0,55.5625
HighRes TrueColor 2018 2m Graz - Kopie.png,3333,forest,0.9129894971847534,4,31.5,31.5
HighRes TrueColor 2018 2m Graz - Kopie.png,3334,forestfragmentation,0.594438374042511,37,14.45945945945946,14.81081081081081
HighRes TrueColor 2018 2m Graz - Kopie.png,3335,forestfragmentation,0.45011043548583984,11,46.27272727272727,39.18181818181818
HighRes TrueColor 2018 2m Graz - Kopie.png,3336,forestfragmentation,0.4236965775489807,11,56.36363636363637,38.90909090909091
HighRes TrueColor 2018 2m Graz - Kopie.png,3337,forestfragmentation,0.4087216258049011,10,41.8,27.6
HighRes TrueColor 2018 2m Graz - Kopie.png,3338,forestfragmentation,0.3644368052482605,6,54.833333333333336,10.5
HighRes TrueColor 2018 2m Graz - Kopie.png,3339,forestfragmentation,0.31879085302352905,16,33.0,55.5625
HighRes TrueColor 2018 2m Graz - Kopie.png,3340,forest,0.8271970152854919,9,14.666666666666666,27.22222222222222
HighRes TrueColor 2018 2m Graz - Kopie.png,3341,forestfragmentation,0.414900004863739,10,35.1,55.4
HighRes TrueColor 2018 2m Graz - Kopie.png,3342,forestfragmentation,0.4133484363555908,11,36.72727272727273,41.0
HighRes TrueColor 2018 2m Graz - Kopie.png,3343,forestfragmentation,0.3835790157318115,25,54.44,31.76
HighRes TrueColor 2018 2m Graz - Kopie.png,3344,forestfragmentation,0.32515525817871094,8,50.25,59.25
HighRes TrueColor 2018 2m Graz - Kopie.png,3345,forestfragmentation,0.3071971535682678,12,4.166666666666667,39.166666666666664
HighRes TrueColor 2018 2m Graz - Kopie.png,3346,forestfragmentation,0.3044053316116333,9,57.0,47.333333333333336
HighRes TrueColor 2018 2m Graz - Kopie.png,3347,forestfragmentation,0.30175161361694336,21,42.857142857142854,6.095238095238095
HighRes TrueColor 2018 2m Graz - Kopie.png,3348,forestfragmentation,0.263411283493042,10,3.1,10.2
HighRes TrueColor 2018 2m Graz - Kopie.png,3349,forest,0.8271970152854919,9,14.666666666666666,27.22222222222222
HighRes TrueColor 2018 2m Graz - Kopie.png,3350,forestfragmentation,0.414900004863739,10,35.1,55.4
HighRes TrueColor 2018 2m Graz - Kopie.png,3351,forestfragmentation,0.4133484363555908,11,36.72727272727273,41.0
HighRes TrueColor 2018 2m Graz - Kopie.png,3352,forestfragmentation,0.3835790157318115,25,54.44,31.76
HighRes TrueColor 2018 2m Graz - Kopie.png,3353,forestfragmentation,0.32515525817871094,8,50.25,59.25
HighRes TrueColor 2018 2m Graz - Kopie.png,3354,forestfragmentation,0.3071971535682678,12,4.166666666666667,39.166666666666664
HighRes TrueColor 2018 2m Graz - Kopie.png,3355,forestfragmentation,0.3044053316116333,9,57.0,47.333333333333336
HighRes TrueColor 2018 2m Graz - Kopie.png,3356,forestfragmentation,0.30175161361694336,21,42.857142857142854,6.095238095238095
HighRes TrueColor 2018 2m Graz - Kopie.png,3357,forestfragmentation,0.263411283493042,10,3.1,10.2
HighRes TrueColor 2018 2m Graz - Kopie.png,3358,forest,0.9220812916755676,28,49.964285714285715,32.82142857142857
HighRes TrueColor 2018 2m Graz - Kopie.png,3359,forestfragmentation,0.4555472135543823,6,60.833333333333336,58.333333333333336
HighRes TrueColor 2018 2m Graz - Kopie.png,3360,forestfragmentation,0.3469644784927368,8,5.125,47.125
HighRes TrueColor 2018 2m Graz - Kopie.png,3361,forestfragmentation,0.2823977470397949,9,51.22222222222222,22.11111111111111
HighRes TrueColor 2018 2m Graz - Kopie.png,3362,forestfragmentation,0.2739773392677307,47,49.765957446808514,43.51063829787234
HighRes TrueColor 2018 2m Graz - Kopie.png,3363,forestfragmentation,0.23340082168579102,14,14.0,58.142857142857146
HighRes TrueColor 2018 2m Graz - Kopie.png,3364,forestfragmentation,0.23285043239593506,9,30.666666666666668,49.111111111111114
HighRes TrueColor 2018 2m Graz - Kopie.png,3365,forest,0.9220812916755676,28,49.964285714285715,32.82142857142857
HighRes TrueColor 2018 2m Graz - Kopie.png,3366,forestfragmentation,0.4555472135543823,6,60.833333333333336,58.333333333333336
HighRes TrueColor 2018 2m Graz - Kopie.png,3367,forestfragmentation,0.3469644784927368,8,5.125,47.125
HighRes TrueColor 2018 2m Graz - Kopie.png,3368,forestfragmentation,0.2823977470397949,9,51.22222222222222,22.11111111111111
HighRes TrueColor 2018 2m Graz - Kopie.png,3369,forestfragmentation,0.2739773392677307,47,49.765957446808514,43.51063829787234
HighRes TrueColor 2018 2m Graz - Kopie.png,3370,forestfragmentation,0.23340082168579102,14,14.0,58.142857142857146
HighRes TrueColor 2018 2m Graz - Kopie.png,3371,forestfragmentation,0.23285043239593506,9,30.666666666666668,49.111111111111114
HighRes TrueColor 2018 2m Graz - Kopie.png,3372,forest,0.6707563996315002,26,56.30769230769231,38.38461538461539
HighRes TrueColor 2018 2m Graz - Kopie.png,3373,forest,0.5558986067771912,20,55.15,35.95
HighRes TrueColor 2018 2m Graz - Kopie.png,3374,forestfragmentation,0.45639294385910034,8,9.625,58.625
HighRes TrueColor 2018 2m Graz - Kopie.png,3375,forestfragmentation,0.26944464445114136,14,46.92857142857143,4.071428571428571
HighRes TrueColor 2018 2m Graz - Kopie.png,3376,forestfragmentation,0.2621294856071472,6,35.0,23.5
HighRes TrueColor 2018 2m Graz - Kopie.png,3377,forestfragmentation,0.22162234783172607,7,1.7142857142857142,25.571428571428573
HighRes TrueColor 2018 2m Graz - Kopie.png,3378,forestfragmentation,0.21951794624328613,50,18.76,26.96
HighRes TrueColor 2018 2m Graz - Kopie.png,3379,forest,0.6707563996315002,26,56.30769230769231,38.38461538461539
HighRes TrueColor 2018 2m Graz - Kopie.png,3380,forest,0.5558986067771912,20,55.15,35.95
HighRes TrueColor 2018 2m Graz - Kopie.png,3381,forestfragmentation,0.45639294385910034,8,9.625,58.625
HighRes TrueColor 2018 2m Graz - Kopie.png,3382,forestfragmentation,0.26944464445114136,14,46.92857142857143,4.071428571428571
HighRes TrueColor 2018 2m Graz - Kopie.png,3383,forestfragmentation,0.2621294856071472,6,35.0,23.5
HighRes TrueColor 2018 2m Graz - Kopie.png,3384,forestfragmentation,0.22162234783172607,7,1.7142857142857142,25.571428571428573
HighRes TrueColor 2018 2m Graz - Kopie.png,3385,forestfragmentation,0.21951794624328613,50,18.76,26.96
HighRes TrueColor 2018 2m Graz - Kopie.png,3386,forest,0.6941355466842651,35,7.371428571428571,34.885714285714286
HighRes TrueColor 2018 2m Graz - Kopie.png,3387,forestfragmentation,0.35754430294036865,9,26.11111111111111,22.77777777777778
HighRes TrueColor 2018 2m Graz - Kopie.png,3388,forestfragmentation,0.2516859769821167,14,37.5,4.071428571428571
HighRes TrueColor 2018 2m Graz - Kopie.png,3389,forestfragmentation,0.20241886377334595,6,19.333333333333332,2.1666666666666665
HighRes TrueColor 2018 2m Graz - Kopie.png,3390,forest,0.6941355466842651,35,7.371428571428571,34.885714285714286
HighRes TrueColor 2018 2m Graz - Kopie.png,3391,forestfragmentation,0.35754430294036865,9,26.11111111111111,22.77777777777778
HighRes TrueColor 2018 2m Graz - Kopie.png,3392,forestfragmentation,0.2516859769821167,14,37.5,4.071428571428571
HighRes TrueColor 2018 2m Graz - Kopie.png,3393,forestfragmentation,0.20241886377334595,6,19.333333333333332,2.1666666666666665
HighRes TrueColor 2018 2m Graz - Kopie.png,3394,forest,0.7194852232933044,73,36.178082191780824,25.80821917808219
HighRes TrueColor 2018 2m Graz - Kopie.png,3395,forestfragmentation,0.3261837959289551,13,25.46153846153846,57.92307692307692
HighRes TrueColor 2018 2m Graz - Kopie.png,3396,forest,0.7194852232933044,73,36.178082191780824,25.80821917808219
HighRes TrueColor 2018 2m Graz - Kopie.png,3397,forestfragmentation,0.3261837959289551,13,25.46153846153846,57.92307692307692
HighRes TrueColor 2018 2m Graz - Kopie.png,3398,forest,0.5612056255340576,116,34.077586206896555,19.775862068965516
HighRes TrueColor 2018 2m Graz - Kopie.png,3399,forestfragmentation,0.27914369106292725,6,13.5,53.0
HighRes TrueColor 2018 2m Graz - Kopie.png,3400,forest,0.5612056255340576,116,34.077586206896555,19.775862068965516
HighRes TrueColor 2018 2m Graz - Kopie.png,3401,forestfragmentation,0.27914369106292725,6,13.5,53.0
HighRes TrueColor 2018 2m Graz - Kopie.png,3402,forest,0.6503269672393799,20,41.8,31.55
HighRes TrueColor 2018 2m Graz - Kopie.png,3403,forest,0.5663381218910217,99,24.77777777777778,20.2020202020202
HighRes TrueColor 2018 2m Graz - Kopie.png,3404,forestfragmentation,0.4121893048286438,7,41.57142857142857,6.0
HighRes TrueColor 2018 2m Graz - Kopie.png,3405,forestfragmentation,0.4081578254699707,7,29.857142857142858,22.0
HighRes TrueColor 2018 2m Graz - Kopie.png,3406,forest,0.6503269672393799,20,41.8,31.55
HighRes TrueColor 2018 2m Graz - Kopie.png,3407,forest,0.5663381218910217,99,24.77777777777778,20.2020202020202
HighRes TrueColor 2018 2m Graz - Kopie.png,3408,forestfragmentation,0.4121893048286438,7,41.57142857142857,6.0
HighRes TrueColor 2018 2m Graz - Kopie.png,3409,forestfragmentation,0.4081578254699707,7,29.857142857142858,22.0
HighRes TrueColor 2018 2m Graz - Kopie.png,3410,forestfragmentation,0.520015299320221,4,24.5,45.0
HighRes TrueColor 2018 2m Graz - Kopie.png,3411,forest,0.44079411029815674,16,3.125,29.4375
HighRes TrueColor 2018 2m Graz - Kopie.png,3412,forest,0.3981017470359802,19,34.63157894736842,32.26315789473684
HighRes TrueColor 2018 2m Graz - Kopie.png,3413,forest,0.30270087718963623,11,60.45454545454545,5.818181818181818
HighRes TrueColor 2018 2m Graz - Kopie.png,3414,forest,0.2761181592941284,25,6.72,7.32
HighRes TrueColor 2018 2m Graz - Kopie.png,3415,forestfragmentation,0.520015299320221,4,24.5,45.0
HighRes TrueColor 2018 2m Graz - Kopie.png,3416,forest,0.44079411029815674,16,3.125,29.4375
HighRes TrueColor 2018 2m Graz - Kopie.png,3417,forest,0.3981017470359802,19,34.63157894736842,32.26315789473684
HighRes TrueColor 2018 2m Graz - Kopie.png,3418,forest,0.30270087718963623,11,60.45454545454545,5.818181818181818
HighRes TrueColor 2018 2m Graz - Kopie.png,3419,forest,0.2761181592941284,25,6.72,7.32
HighRes TrueColor 2018 2m Graz - Kopie.png,3420,forest,0.44898396730422974,33,14.666666666666666,7.2727272727272725
HighRes TrueColor 2018 2m Graz - Kopie.png,3421,forest,0.4126437306404114,104,47.76923076923077,24.673076923076923
HighRes TrueColor 2018 2m Graz - Kopie.png,3422,forest,0.44898396730422974,33,14.666666666666666,7.2727272727272725
HighRes TrueColor 2018 2m Graz - Kopie.png,3423,forest,0.4126437306404114,104,47.76923076923077,24.673076923076923
HighRes TrueColor 2018 2m Graz - Kopie.png,3424,forest,0.6167652606964111,112,32.169642857142854,27.375
HighRes TrueColor 2018 2m Graz - Kopie.png,3425,forestfragmentation,0.2737389802932739,6,5.5,33.0
HighRes TrueColor 2018 2m Graz - Kopie.png,3426,forest,0.6167652606964111,112,32.169642857142854,27.375
HighRes TrueColor 2018 2m Graz - Kopie.png,3427,forestfragmentation,0.2737389802932739,6,5.5,33.0
HighRes TrueColor 2018 2m Graz - Kopie.png,3428,forest,0.8849179744720459,101,32.35643564356435,19.683168316831683
HighRes TrueColor 2018 2m Graz - Kopie.png,3429,forestfragmentation,0.34245234727859497,11,51.0,53.36363636363637
HighRes TrueColor 2018 2m Graz - Kopie.png,3430,forestfragmentation,0.3112834095954895,7,35.42857142857143,59.57142857142857
HighRes TrueColor 2018 2m Graz - Kopie.png,3431,forestfragmentation,0.26822811365127563,8,29.875,44.375
HighRes TrueColor 2018 2m Graz - Kopie.png,3432,forestfragmentation,0.23820990324020386,9,23.88888888888889,29.11111111111111
HighRes TrueColor 2018 2m Graz - Kopie.png,3433,forestfragmentation,0.2243049144744873,12,2.75,52.0
HighRes TrueColor 2018 2m Graz - Kopie.png,3434,forest,0.8849179744720459,101,32.35643564356435,19.683168316831683
HighRes TrueColor 2018 2m Graz - Kopie.png,3435,forestfragmentation,0.34245234727859497,11,51.0,53.36363636363637
HighRes TrueColor 2018 2m Graz - Kopie.png,3436,forestfragmentation,0.3112834095954895,7,35.42857142857143,59.57142857142857
HighRes TrueColor 2018 2m Graz - Kopie.png,3437,forestfragmentation,0.26822811365127563,8,29.875,44.375
HighRes TrueColor 2018 2m Graz - Kopie.png,3438,forestfragmentation,0.23820990324020386,9,23.88888888888889,29.11111111111111
HighRes TrueColor 2018 2m Graz - Kopie.png,3439,forestfragmentation,0.2243049144744873,12,2.75,52.0
HighRes TrueColor 2018 2m Graz - Kopie.png,3440,forest,0.5189022421836853,17,11.764705882352942,57.0
HighRes TrueColor 2018 2m Graz - Kopie.png,3441,forest,0.4347371459007263,23,28.0,59.0
HighRes TrueColor 2018 2m Graz - Kopie.png,3442,forest,0.38283705711364746,96,19.59375,22.3125
HighRes TrueColor 2018 2m Graz - Kopie.png,3443,forest,0.5189022421836853,17,11.764705882352942,57.0
HighRes TrueColor 2018 2m Graz - Kopie.png,3444,forest,0.4347371459007263,23,28.0,59.0
HighRes TrueColor 2018 2m Graz - Kopie.png,3445,forest,0.38283705711364746,96,19.59375,22.3125
HighRes TrueColor 2018 2m Graz - Kopie.png,3446,forest,0.8082588911056519,45,24.31111111111111,47.044444444444444
HighRes TrueColor 2018 2m Graz - Kopie.png,3447,forestfragmentation,0.43065887689590454,21,45.904761904761905,42.095238095238095
HighRes TrueColor 2018 2m Graz - Kopie.png,3448,forestfragmentation,0.4009013772010803,19,38.10526315789474,28.157894736842106
HighRes TrueColor 2018 2m Graz - Kopie.png,3449,forestfragmentation,0.255110502243042,12,60.083333333333336,11.916666666666666
HighRes TrueColor 2018 2m Graz - Kopie.png,3450,forestfragmentation,0.24663442373275757,22,27.40909090909091,18.40909090909091
HighRes TrueColor 2018 2m Graz - Kopie.png,3451,forestfragmentation,0.21990114450454712,8,20.25,30.125
HighRes TrueColor 2018 2m Graz - Kopie.png,3452,forest,0.8082588911056519,45,24.31111111111111,47.044444444444444
HighRes TrueColor 2018 2m Graz - Kopie.png,3453,forestfragmentation,0.43065887689590454,21,45.904761904761905,42.095238095238095
HighRes TrueColor 2018 2m Graz - Kopie.png,3454,forestfragmentation,0.4009013772010803,19,38.10526315789474,28.157894736842106
HighRes TrueColor 2018 2m Graz - Kopie.png,3455,forestfragmentation,0.255110502243042,12,60.083333333333336,11.916666666666666
HighRes TrueColor 2018 2m Graz - Kopie.png,3456,forestfragmentation,0.24663442373275757,22,27.40909090909091,18.40909090909091
HighRes TrueColor 2018 2m Graz - Kopie.png,3457,forestfragmentation,0.21990114450454712,8,20.25,30.125
HighRes TrueColor 2018 2m Graz - Kopie.png,3458,forestfragmentation,0.41037869453430176,10,12.0,41.6
HighRes TrueColor 2018 2m Graz - Kopie.png,3459,forestfragmentation,0.31061768531799316,9,27.444444444444443,40.666666666666664
HighRes TrueColor 2018 2m Graz - Kopie.png,3460,forestfragmentation,0.278697669506073,5,1.8,44.4
HighRes TrueColor 2018 2m Graz - Kopie.png,3461,forest,0.24383312463760376,124,27.443548387096776,34.403225806451616
HighRes TrueColor 2018 2m Graz - Kopie.png,3462,forestfragmentation,0.41037869453430176,10,12.0,41.6
HighRes TrueColor 2018 2m Graz - Kopie.png,3463,forestfragmentation,0.31061768531799316,9,27.444444444444443,40.666666666666664
HighRes TrueColor 2018 2m Graz - Kopie.png,3464,forestfragmentation,0.278697669506073,5,1.8,44.4
HighRes TrueColor 2018 2m Graz - Kopie.png,3465,forest,0.24383312463760376,124,27.443548387096776,34.403225806451616
HighRes TrueColor 2018 2m Graz - Kopie.png,3466,forest,0.8022906184196472,15,28.266666666666666,17.666666666666668
HighRes TrueColor 2018 2m Graz - Kopie.png,3467,forestfragmentation,0.5049770474433899,34,39.794117647058826,36.911764705882355
HighRes TrueColor 2018 2m Graz - Kopie.png,3468,forestfragmentation,0.2645677328109741,7,13.285714285714286,49.142857142857146
HighRes TrueColor 2018 2m Graz - Kopie.png,3469,forestfragmentation,0.2483118772506714,12,9.083333333333334,38.083333333333336
HighRes TrueColor 2018 2m Graz - Kopie.png,3470,forest,0.8022906184196472,15,28.266666666666666,17.666666666666668
HighRes TrueColor 2018 2m Graz - Kopie.png,3471,forestfragmentation,0.5049770474433899,34,39.794117647058826,36.911764705882355
HighRes TrueColor 2018 2m Graz - Kopie.png,3472,forestfragmentation,0.2645677328109741,7,13.285714285714286,49.142857142857146
HighRes TrueColor 2018 2m Graz - Kopie.png,3473,forestfragmentation,0.2483118772506714,12,9.083333333333334,38.083333333333336
HighRes TrueColor 2018 2m Graz - Kopie.png,3474,forest,0.7636717557907104,117,47.324786324786324,36.97435897435897
HighRes TrueColor 2018 2m Graz - Kopie.png,3475,forestfragmentation,0.3753975033760071,7,5.142857142857143,59.857142857142854
HighRes TrueColor 2018 2m Graz - Kopie.png,3476,forestfragmentation,0.34951508045196533,7,45.0,33.42857142857143
HighRes TrueColor 2018 2m Graz - Kopie.png,3477,forest,0.7636717557907104,117,47.324786324786324,36.97435897435897
HighRes TrueColor 2018 2m Graz - Kopie.png,3478,forestfragmentation,0.3753975033760071,7,5.142857142857143,59.857142857142854
HighRes TrueColor 2018 2m Graz - Kopie.png,3479,forestfragmentation,0.34951508045196533,7,45.0,33.42857142857143
HighRes TrueColor 2018 2m Graz - Kopie.png,3480,forest,0.9140331745147705,31,37.483870967741936,52.45161290322581
HighRes TrueColor 2018 2m Graz - Kopie.png,3481,forestfragmentation,0.5019817352294922,12,45.5,41.0
HighRes TrueColor 2018 2m Graz - Kopie.png,3482,forestfragmentation,0.34012484550476074,16,14.125,49.9375
HighRes TrueColor 2018 2m Graz - Kopie.png,3483,forestfragmentation,0.2501239776611328,8,50.25,7.25
HighRes TrueColor 2018 2m Graz - Kopie.png,3484,forest,0.9140331745147705,31,37.483870967741936,52.45161290322581
HighRes TrueColor 2018 2m Graz - Kopie.png,3485,forestfragmentation,0.5019817352294922,12,45.5,41.0
HighRes TrueColor 2018 2m Graz - Kopie.png,3486,forestfragmentation,0.34012484550476074,16,14.125,49.9375
HighRes TrueColor 2018 2m Graz - Kopie.png,3487,forestfragmentation,0.2501239776611328,8,50.25,7.25
HighRes TrueColor 2018 2m Graz - Kopie.png,3488,forest,0.8145850300788879,91,36.472527472527474,36.83516483516483
HighRes TrueColor 2018 2m Graz - Kopie.png,3489,forest,0.8145850300788879,91,36.472527472527474,36.83516483516483
HighRes TrueColor 2018 2m Graz - Kopie.png,3490,forest,0.8327940702438354,14,9.857142857142858,38.5
HighRes TrueColor 2018 2m Graz - Kopie.png,3491,forestfragmentation,0.5566225051879883,8,59.0,60.0
HighRes TrueColor 2018 2m Graz - Kopie.png,3492,forestfragmentation,0.43194580078125,14,55.42857142857143,39.42857142857143
HighRes TrueColor 2018 2m Graz - Kopie.png,3493,forestfragmentation,0.4008052349090576,15,17.733333333333334,53.2
HighRes TrueColor 2018 2m Graz - Kopie.png,3494,forestfragmentation,0.3071584701538086,8,9.5,6.5
HighRes TrueColor 2018 2m Graz - Kopie.png,3495,forestfragmentation,0.20889848470687866,8,56.0,28.625
HighRes TrueColor 2018 2m Graz - Kopie.png,3496,forest,0.8327940702438354,14,9.857142857142858,38.5
HighRes TrueColor 2018 2m Graz - Kopie.png,3497,forestfragmentation,0.5566225051879883,8,59.0,60.0
HighRes TrueColor 2018 2m Graz - Kopie.png,3498,forestfragmentation,0.43194580078125,14,55.42857142857143,39.42857142857143
HighRes TrueColor 2018 2m Graz - Kopie.png,3499,forestfragmentation,0.4008052349090576,15,17.733333333333334,53.2
HighRes TrueColor 2018 2m Graz - Kopie.png,3500,forestfragmentation,0.3071584701538086,8,9.5,6.5
HighRes TrueColor 2018 2m Graz - Kopie.png,3501,forestfragmentation,0.20889848470687866,8,56.0,28.625
HighRes TrueColor 2018 2m Graz - Kopie.png,3502,forest,0.6908616423606873,8,16.0,31.5
HighRes TrueColor 2018 2m Graz - Kopie.png,3503,forestfragmentation,0.4685709476470947,9,49.77777777777778,59.888888888888886
HighRes TrueColor 2018 2m Graz - Kopie.png,3504,forestfragmentation,0.33973973989486694,12,7.916666666666667,53.25
HighRes TrueColor 2018 2m Graz - Kopie.png,3505,forestfragmentation,0.32299232482910156,8,59.625,51.0
HighRes TrueColor 2018 2m Graz - Kopie.png,3506,forest,0.6908616423606873,8,16.0,31.5
HighRes TrueColor 2018 2m Graz - Kopie.png,3507,forestfragmentation,0.4685709476470947,9,49.77777777777778,59.888888888888886
HighRes TrueColor 2018 2m Graz - Kopie.png,3508,forestfragmentation,0.33973973989486694,12,7.916666666666667,53.25
HighRes TrueColor 2018 2m Graz - Kopie.png,3509,forestfragmentation,0.32299232482910156,8,59.625,51.0
HighRes TrueColor 2018 2m Graz - Kopie.png,3510,forest,0.5636075735092163,20,55.75,48.2
HighRes TrueColor 2018 2m Graz - Kopie.png,3511,forest,0.4752020835876465,23,24.565217391304348,25.695652173913043
HighRes TrueColor 2018 2m Graz - Kopie.png,3512,forest,0.4504748582839966,10,41.1,47.4
HighRes TrueColor 2018 2m Graz - Kopie.png,3513,forestfragmentation,0.40439701080322266,11,28.727272727272727,55.09090909090909
HighRes TrueColor 2018 2m Graz - Kopie.png,3514,forest,0.3801475167274475,71,28.450704225352112,50.23943661971831
HighRes TrueColor 2018 2m Graz - Kopie.png,3515,forestfragmentation,0.2231351137161255,29,46.03448275862069,9.03448275862069
HighRes TrueColor 2018 2m Graz - Kopie.png,3516,forest,0.2210412621498108,8,60.625,17.625
HighRes TrueColor 2018 2m Graz - Kopie.png,3517,forest,0.20361554622650146,29,4.827586206896552,11.724137931034482
HighRes TrueColor 2018 2m Graz - Kopie.png,3518,forest,0.5636075735092163,20,55.75,48.2
HighRes TrueColor 2018 2m Graz - Kopie.png,3519,forest,0.4752020835876465,23,24.565217391304348,25.695652173913043
HighRes TrueColor 2018 2m Graz - Kopie.png,3520,forest,0.4504748582839966,10,41.1,47.4
HighRes TrueColor 2018 2m Graz - Kopie.png,3521,forestfragmentation,0.40439701080322266,11,28.727272727272727,55.09090909090909
HighRes TrueColor 2018 2m Graz - Kopie.png,3522,forest,0.3801475167274475,71,28.450704225352112,50.23943661971831
HighRes TrueColor 2018 2m Graz - Kopie.png,3523,forestfragmentation,0.2231351137161255,29,46.03448275862069,9.03448275862069
HighRes TrueColor 2018 2m Graz - Kopie.png,3524,forest,0.2210412621498108,8,60.625,17.625
HighRes TrueColor 2018 2m Graz - Kopie.png,3525,forest,0.20361554622650146,29,4.827586206896552,11.724137931034482
HighRes TrueColor 2018 2m Graz - Kopie.png,3526,forest,0.7421923875808716,114,29.535087719298247,28.05263157894737
HighRes TrueColor 2018 2m Graz - Kopie.png,3527,forestfragmentation,0.4381486773490906,10,47.8,46.5
HighRes TrueColor 2018 2m Graz - Kopie.png,3528,forestfragmentation,0.2094694972038269,8,16.0,53.375
HighRes TrueColor 2018 2m Graz - Kopie.png,3529,forest,0.7421923875808716,114,29.535087719298247,28.05263157894737
HighRes TrueColor 2018 2m Graz - Kopie.png,3530,forestfragmentation,0.4381486773490906,10,47.8,46.5
HighRes TrueColor 2018 2m Graz - Kopie.png,3531,forestfragmentation,0.2094694972038269,8,16.0,53.375
HighRes TrueColor 2018 2m Graz - Kopie.png,3532,forest,0.3181999921798706,48,21.541666666666668,25.708333333333332
HighRes TrueColor 2018 2m Graz - Kopie.png,3533,forest,0.31021034717559814,21,54.0,7.904761904761905
HighRes TrueColor 2018 2m Graz - Kopie.png,3534,forestfragmentation,0.22222769260406494,12,5.166666666666667,49.666666666666664
HighRes TrueColor 2018 2m Graz - Kopie.png,3535,forest,0.3181999921798706,48,21.541666666666668,25.708333333333332
HighRes TrueColor 2018 2m Graz - Kopie.png,3536,forest,0.31021034717559814,21,54.0,7.904761904761905
HighRes TrueColor 2018 2m Graz - Kopie.png,3537,forestfragmentation,0.22222769260406494,12,5.166666666666667,49.666666666666664
HighRes TrueColor 2018 2m Graz - Kopie.png,3538,forest,0.4154837131500244,95,47.88421052631579,29.778947368421054
HighRes TrueColor 2018 2m Graz - Kopie.png,3539,forest,0.4154837131500244,95,47.88421052631579,29.778947368421054
HighRes TrueColor 2018 2m Graz - Kopie.png,3540,forest,0.40173912048339844,52,25.48076923076923,3.673076923076923
HighRes TrueColor 2018 2m Graz - Kopie.png,3541,forest,0.371513307094574,47,20.21276595744681,35.51063829787234
HighRes TrueColor 2018 2m Graz - Kopie.png,3542,forestfragmentation,0.34691303968429565,16,46.4375,41.9375
HighRes TrueColor 2018 2m Graz - Kopie.png,3543,forestfragmentation,0.27485036849975586,5,61.4,51.2
HighRes TrueColor 2018 2m Graz - Kopie.png,3544,forest,0.2135704755783081,6,19.5,21.333333333333332
HighRes TrueColor 2018 2m Graz - Kopie.png,3545,forest,0.40173912048339844,52,25.48076923076923,3.673076923076923
HighRes TrueColor 2018 2m Graz - Kopie.png,3546,forest,0.371513307094574,47,20.21276595744681,35.51063829787234
HighRes TrueColor 2018 2m Graz - Kopie.png,3547,forestfragmentation,0.34691303968429565,16,46.4375,41.9375
HighRes TrueColor 2018 2m Graz - Kopie.png,3548,forestfragmentation,0.27485036849975586,5,61.4,51.2
HighRes TrueColor 2018 2m Graz - Kopie.png,3549,forest,0.2135704755783081,6,19.5,21.333333333333332
HighRes TrueColor 2018 2m Graz - Kopie.png,3550,forest,0.8620548248291016,14,58.214285714285715,56.57142857142857
HighRes TrueColor 2018 2m Graz - Kopie.png,3551,forest,0.6367242336273193,12,4.416666666666667,5.0
HighRes TrueColor 2018 2m Graz - Kopie.png,3552,forestfragmentation,0.4713059067726135,12,12.0,50.5
HighRes TrueColor 2018 2m Graz - Kopie.png,3553,forest,0.3860744833946228,7,2.2857142857142856,14.571428571428571
HighRes TrueColor 2018 2m Graz - Kopie.png,3554,forestfragmentation,0.3181772232055664,12,49.166666666666664,6.25
HighRes TrueColor 2018 2m Graz - Kopie.png,3555,forest,0.2033262848854065,58,18.93103448275862,49.758620689655174
HighRes TrueColor 2018 2m Graz - Kopie.png,3556,forest,0.8620548248291016,14,58.214285714285715,56.57142857142857
HighRes TrueColor 2018 2m Graz - Kopie.png,3557,forest,0.6367242336273193,12,4.416666666666667,5.0
HighRes TrueColor 2018 2m Graz - Kopie.png,3558,forestfragmentation,0.4713059067726135,12,12.0,50.5
HighRes TrueColor 2018 2m Graz - Kopie.png,3559,forest,0.3860744833946228,7,2.2857142857142856,14.571428571428571
HighRes TrueColor 2018 2m Graz - Kopie.png,3560,forestfragmentation,0.3181772232055664,12,49.166666666666664,6.25
HighRes TrueColor 2018 2m Graz - Kopie.png,3561,forest,0.2033262848854065,58,18.93103448275862,49.758620689655174
HighRes TrueColor 2018 2m Graz - Kopie.png,3562,forest,0.9253143072128296,63,33.73015873015873,46.96825396825397
HighRes TrueColor 2018 2m Graz - Kopie.png,3563,forestfragmentation,0.5201631188392639,6,36.5,7.666666666666667
HighRes TrueColor 2018 2m Graz - Kopie.png,3564,forestfragmentation,0.2098466157913208,6,9.833333333333334,2.3333333333333335
HighRes TrueColor 2018 2m Graz - Kopie.png,3565,forestfragmentation,0.20124006271362305,8,5.375,18.125
HighRes TrueColor 2018 2m Graz - Kopie.png,3566,forest,0.9253143072128296,63,33.73015873015873,46.96825396825397
HighRes TrueColor 2018 2m Graz - Kopie.png,3567,forestfragmentation,0.5201631188392639,6,36.5,7.666666666666667
HighRes TrueColor 2018 2m Graz - Kopie.png,3568,forestfragmentation,0.2098466157913208,6,9.833333333333334,2.3333333333333335
HighRes TrueColor 2018 2m Graz - Kopie.png,3569,forestfragmentation,0.20124006271362305,8,5.375,18.125
HighRes TrueColor 2018 2m Graz - Kopie.png,3570,forest,0.6729134321212769,95,34.09473684210526,39.810526315789474
HighRes TrueColor 2018 2m Graz - Kopie.png,3571,forest,0.238436758518219,9,59.55555555555556,9.555555555555555
HighRes TrueColor 2018 2m Graz - Kopie.png,3572,forest,0.6729134321212769,95,34.09473684210526,39.810526315789474
HighRes TrueColor 2018 2m Graz - Kopie.png,3573,forest,0.238436758518219,9,59.55555555555556,9.555555555555555
HighRes TrueColor 2018 2m Graz - Kopie.png,3574,forest,0.7037079334259033,40,19.95,38.1
HighRes TrueColor 2018 2m Graz - Kopie.png,3575,forestfragmentation,0.49216389656066895,21,38.095238095238095,57.61904761904762
HighRes TrueColor 2018 2m Graz - Kopie.png,3576,forestfragmentation,0.22195219993591309,46,46.69565217391305,42.78260869565217
HighRes TrueColor 2018 2m Graz - Kopie.png,3577,forest,0.7037079334259033,40,19.95,38.1
HighRes TrueColor 2018 2m Graz - Kopie.png,3578,forestfragmentation,0.49216389656066895,21,38.095238095238095,57.61904761904762
HighRes TrueColor 2018 2m Graz - Kopie.png,3579,forestfragmentation,0.22195219993591309,46,46.69565217391305,42.78260869565217
HighRes TrueColor 2018 2m Graz - Kopie.png,3580,forest,0.6215668320655823,22,18.681818181818183,55.40909090909091
HighRes TrueColor 2018 2m Graz - Kopie.png,3581,forest,0.5322872400283813,38,8.842105263157896,20.842105263157894
HighRes TrueColor 2018 2m Graz - Kopie.png,3582,forest,0.5013995170593262,25,58.0,22.64
HighRes TrueColor 2018 2m Graz - Kopie.png,3583,forest,0.3966110944747925,22,4.7272727272727275,41.5
HighRes TrueColor 2018 2m Graz - Kopie.png,3584,forest,0.36008185148239136,24,8.0,52.791666666666664
HighRes TrueColor 2018 2m Graz - Kopie.png,3585,forest,0.24844670295715332,20,38.25,23.1
HighRes TrueColor 2018 2m Graz - Kopie.png,3586,forest,0.6215668320655823,22,18.681818181818183,55.40909090909091
HighRes TrueColor 2018 2m Graz - Kopie.png,3587,forest,0.5322872400283813,38,8.842105263157896,20.842105263157894
HighRes TrueColor 2018 2m Graz - Kopie.png,3588,forest,0.5013995170593262,25,58.0,22.64
HighRes TrueColor 2018 2m Graz - Kopie.png,3589,forest,0.3966110944747925,22,4.7272727272727275,41.5
HighRes TrueColor 2018 2m Graz - Kopie.png,3590,forest,0.36008185148239136,24,8.0,52.791666666666664
HighRes TrueColor 2018 2m Graz - Kopie.png,3591,forest,0.24844670295715332,20,38.25,23.1
HighRes TrueColor 2018 2m Graz - Kopie.png,3592,forest,0.593106746673584,168,29.773809523809526,27.857142857142858
HighRes TrueColor 2018 2m Graz - Kopie.png,3593,forestfragmentation,0.3616684079170227,44,34.5,13.090909090909092
HighRes TrueColor 2018 2m Graz - Kopie.png,3594,forest,0.593106746673584,168,29.773809523809526,27.857142857142858
HighRes TrueColor 2018 2m Graz - Kopie.png,3595,forestfragmentation,0.3616684079170227,44,34.5,13.090909090909092
HighRes TrueColor 2018 2m Graz - Kopie.png,3596,forest,0.8332220315933228,58,41.43103448275862,16.413793103448278
HighRes TrueColor 2018 2m Graz - Kopie.png,3597,forestfragmentation,0.5778418183326721,7,53.142857142857146,46.142857142857146
HighRes TrueColor 2018 2m Graz - Kopie.png,3598,forestfragmentation,0.31303954124450684,15,32.13333333333333,14.8
HighRes TrueColor 2018 2m Graz - Kopie.png,3599,forestfragmentation,0.24399781227111816,10,15.3,49.8
HighRes TrueColor 2018 2m Graz - Kopie.png,3600,forest,0.8332220315933228,58,41.43103448275862,16.413793103448278
HighRes TrueColor 2018 2m Graz - Kopie.png,3601,forestfragmentation,0.5778418183326721,7,53.142857142857146,46.142857142857146
HighRes TrueColor 2018 2m Graz - Kopie.png,3602,forestfragmentation,0.31303954124450684,15,32.13333333333333,14.8
HighRes TrueColor 2018 2m Graz - Kopie.png,3603,forestfragmentation,0.24399781227111816,10,15.3,49.8
HighRes TrueColor 2018 2m Graz - Kopie.png,3604,forest,0.687808096408844,23,32.608695652173914,19.043478260869566
HighRes TrueColor 2018 2m Graz - Kopie.png,3605,forestfragmentation,0.31403082609176636,9,8.11111111111111,61.44444444444444
HighRes TrueColor 2018 2m Graz - Kopie.png,3606,forestfragmentation,0.3103026747703552,12,26.166666666666668,25.583333333333332
HighRes TrueColor 2018 2m Graz - Kopie.png,3607,forestfragmentation,0.3034757375717163,6,2.5,46.166666666666664
HighRes TrueColor 2018 2m Graz - Kopie.png,3608,forestfragmentation,0.27627378702163696,15,54.2,38.53333333333333
HighRes TrueColor 2018 2m Graz - Kopie.png,3609,forest,0.2078326940536499,46,21.347826086956523,6.326086956521739
HighRes TrueColor 2018 2m Graz - Kopie.png,3610,forest,0.687808096408844,23,32.608695652173914,19.043478260869566
HighRes TrueColor 2018 2m Graz - Kopie.png,3611,forestfragmentation,0.31403082609176636,9,8.11111111111111,61.44444444444444
HighRes TrueColor 2018 2m Graz - Kopie.png,3612,forestfragmentation,0.3103026747703552,12,26.166666666666668,25.583333333333332
HighRes TrueColor 2018 2m Graz - Kopie.png,3613,forestfragmentation,0.3034757375717163,6,2.5,46.166666666666664
HighRes TrueColor 2018 2m Graz - Kopie.png,3614,forestfragmentation,0.27627378702163696,15,54.2,38.53333333333333
HighRes TrueColor 2018 2m Graz - Kopie.png,3615,forest,0.2078326940536499,46,21.347826086956523,6.326086956521739
HighRes TrueColor 2018 2m Graz - Kopie.png,3616,forest,0.9228295087814331,67,33.64179104477612,17.08955223880597
HighRes TrueColor 2018 2m Graz - Kopie.png,3617,forestfragmentation,0.6704504489898682,10,54.6,52.0
HighRes TrueColor 2018 2m Graz - Kopie.png,3618,forestfragmentation,0.3136482238769531,42,28.357142857142858,43.26190476190476
HighRes TrueColor 2018 2m Graz - Kopie.png,3619,forestfragmentation,0.28442513942718506,7,2.5714285714285716,37.57142857142857
HighRes TrueColor 2018 2m Graz - Kopie.png,3620,forestfragmentation,0.21809673309326172,10,23.8,3.8
HighRes TrueColor 2018 2m Graz - Kopie.png,3621,forestfragmentation,0.2124963402748108,14,30.142857142857142,27.142857142857142
HighRes TrueColor 2018 2m Graz - Kopie.png,3622,forest,0.9228295087814331,67,33.64179104477612,17.08955223880597
HighRes TrueColor 2018 2m Graz - Kopie.png,3623,forestfragmentation,0.6704504489898682,10,54.6,52.0
HighRes TrueColor 2018 2m Graz - Kopie.png,3624,forestfragmentation,0.3136482238769531,42,28.357142857142858,43.26190476190476
HighRes TrueColor 2018 2m Graz - Kopie.png,3625,forestfragmentation,0.28442513942718506,7,2.5714285714285716,37.57142857142857
HighRes TrueColor 2018 2m Graz - Kopie.png,3626,forestfragmentation,0.21809673309326172,10,23.8,3.8
HighRes TrueColor 2018 2m Graz - Kopie.png,3627,forestfragmentation,0.2124963402748108,14,30.142857142857142,27.142857142857142
HighRes TrueColor 2018 2m Graz - Kopie.png,3628,forest,0.9432082176208496,25,23.76,19.32
HighRes TrueColor 2018 2m Graz - Kopie.png,3629,forestfragmentation,0.6134817004203796,23,25.434782608695652,39.91304347826087
HighRes TrueColor 2018 2m Graz - Kopie.png,3630,forestfragmentation,0.5735417008399963,12,59.083333333333336,8.75
HighRes TrueColor 2018 2m Graz - Kopie.png,3631,forestfragmentation,0.5515558123588562,9,47.666666666666664,35.22222222222222
HighRes TrueColor 2018 2m Graz - Kopie.png,3632,forestfragmentation,0.4620859622955322,11,3.4545454545454546,53.18181818181818
HighRes TrueColor 2018 2m Graz - Kopie.png,3633,forestfragmentation,0.4603894352912903,12,17.833333333333332,54.0
HighRes TrueColor 2018 2m Graz - Kopie.png,3634,forestfragmentation,0.39538758993148804,13,8.538461538461538,28.384615384615383
HighRes TrueColor 2018 2m Graz - Kopie.png,3635,forestfragmentation,0.3917998671531677,13,34.92307692307692,31.846153846153847
HighRes TrueColor 2018 2m Graz - Kopie.png,3636,forestfragmentation,0.34211915731430054,7,17.0,2.7142857142857144
HighRes TrueColor 2018 2m Graz - Kopie.png,3637,forestfragmentation,0.33809226751327515,21,31.19047619047619,50.19047619047619
HighRes TrueColor 2018 2m Graz - Kopie.png,3638,forestfragmentation,0.3103780746459961,47,50.0,21.574468085106382
HighRes TrueColor 2018 2m Graz - Kopie.png,3639,forestfragmentation,0.2323596477508545,15,51.46666666666667,58.4
HighRes TrueColor 2018 2m Graz - Kopie.png,3640,forestfragmentation,0.20756560564041138,12,29.5,3.1666666666666665
HighRes TrueColor 2018 2m Graz - Kopie.png,3641,forest,0.9432082176208496,25,23.76,19.32
HighRes TrueColor 2018 2m Graz - Kopie.png,3642,forestfragmentation,0.6134817004203796,23,25.434782608695652,39.91304347826087
HighRes TrueColor 2018 2m Graz - Kopie.png,3643,forestfragmentation,0.5735417008399963,12,59.083333333333336,8.75
HighRes TrueColor 2018 2m Graz - Kopie.png,3644,forestfragmentation,0.5515558123588562,9,47.666666666666664,35.22222222222222
HighRes TrueColor 2018 2m Graz - Kopie.png,3645,forestfragmentation,0.4620859622955322,11,3.4545454545454546,53.18181818181818
HighRes TrueColor 2018 2m Graz - Kopie.png,3646,forestfragmentation,0.4603894352912903,12,17.833333333333332,54.0
HighRes TrueColor 2018 2m Graz - Kopie.png,3647,forestfragmentation,0.39538758993148804,13,8.538461538461538,28.384615384615383
HighRes TrueColor 2018 2m Graz - Kopie.png,3648,forestfragmentation,0.3917998671531677,13,34.92307692307692,31.846153846153847
HighRes TrueColor 2018 2m Graz - Kopie.png,3649,forestfragmentation,0.34211915731430054,7,17.0,2.7142857142857144
HighRes TrueColor 2018 2m Graz - Kopie.png,3650,forestfragmentation,0.33809226751327515,21,31.19047619047619,50.19047619047619
HighRes TrueColor 2018 2m Graz - Kopie.png,3651,forestfragmentation,0.3103780746459961,47,50.0,21.574468085106382
HighRes TrueColor 2018 2m Graz - Kopie.png,3652,forestfragmentation,0.2323596477508545,15,51.46666666666667,58.4
HighRes TrueColor 2018 2m Graz - Kopie.png,3653,forestfragmentation,0.20756560564041138,12,29.5,3.1666666666666665
HighRes TrueColor 2018 2m Graz - Kopie.png,3654,forest,0.95883709192276,9,47.44444444444444,46.888888888888886
HighRes TrueColor 2018 2m Graz - Kopie.png,3655,forestfragmentation,0.6393442749977112,21,15.952380952380953,39.714285714285715
HighRes TrueColor 2018 2m Graz - Kopie.png,3656,forestfragmentation,0.5731409192085266,9,38.666666666666664,35.22222222222222
HighRes TrueColor 2018 2m Graz - Kopie.png,3657,forestfragmentation,0.5116630792617798,12,8.833333333333334,54.0
HighRes TrueColor 2018 2m Graz - Kopie.png,3658,forestfragmentation,0.4273640513420105,19,8.631578947368421,16.842105263157894
HighRes TrueColor 2018 2m Graz - Kopie.png,3659,forestfragmentation,0.40455490350723267,10,2.1,28.7
HighRes TrueColor 2018 2m Graz - Kopie.png,3660,forestfragmentation,0.38916444778442383,11,26.09090909090909,32.18181818181818
HighRes TrueColor 2018 2m Graz - Kopie.png,3661,forestfragmentation,0.36165010929107666,10,8.4,2.6
HighRes TrueColor 2018 2m Graz - Kopie.png,3662,forestfragmentation,0.29845333099365234,22,21.636363636363637,50.22727272727273
HighRes TrueColor 2018 2m Graz - Kopie.png,3663,forestfragmentation,0.26028698682785034,59,46.54237288135593,23.305084745762713
HighRes TrueColor 2018 2m Graz - Kopie.png,3664,forestfragmentation,0.21422696113586426,17,42.1764705882353,58.1764705882353
HighRes TrueColor 2018 2m Graz - Kopie.png,3665,forestfragmentation,0.2082790732383728,10,19.1,21.8
HighRes TrueColor 2018 2m Graz - Kopie.png,3666,forest,0.95883709192276,9,47.44444444444444,46.888888888888886
HighRes TrueColor 2018 2m Graz - Kopie.png,3667,forestfragmentation,0.6393442749977112,21,15.952380952380953,39.714285714285715
HighRes TrueColor 2018 2m Graz - Kopie.png,3668,forestfragmentation,0.5731409192085266,9,38.666666666666664,35.22222222222222
HighRes TrueColor 2018 2m Graz - Kopie.png,3669,forestfragmentation,0.5116630792617798,12,8.833333333333334,54.0
HighRes TrueColor 2018 2m Graz - Kopie.png,3670,forestfragmentation,0.4273640513420105,19,8.631578947368421,16.842105263157894
HighRes TrueColor 2018 2m Graz - Kopie.png,3671,forestfragmentation,0.40455490350723267,10,2.1,28.7
HighRes TrueColor 2018 2m Graz - Kopie.png,3672,forestfragmentation,0.38916444778442383,11,26.09090909090909,32.18181818181818
HighRes TrueColor 2018 2m Graz - Kopie.png,3673,forestfragmentation,0.36165010929107666,10,8.4,2.6
HighRes TrueColor 2018 2m Graz - Kopie.png,3674,forestfragmentation,0.29845333099365234,22,21.636363636363637,50.22727272727273
HighRes TrueColor 2018 2m Graz - Kopie.png,3675,forestfragmentation,0.26028698682785034,59,46.54237288135593,23.305084745762713
HighRes TrueColor 2018 2m Graz - Kopie.png,3676,forestfragmentation,0.21422696113586426,17,42.1764705882353,58.1764705882353
HighRes TrueColor 2018 2m Graz - Kopie.png,3677,forestfragmentation,0.2082790732383728,10,19.1,21.8
HighRes TrueColor 2018 2m Graz - Kopie.png,3678,forest,0.8511977195739746,111,27.225225225225227,23.864864864864863
HighRes TrueColor 2018 2m Graz - Kopie.png,3679,forestfragmentation,0.6163493394851685,54,38.2962962962963,28.074074074074073
HighRes TrueColor 2018 2m Graz - Kopie.png,3680,forestfragmentation,0.4032124876976013,9,28.444444444444443,2.6666666666666665
HighRes TrueColor 2018 2m Graz - Kopie.png,3681,forestfragmentation,0.2652718424797058,7,6.285714285714286,57.142857142857146
HighRes TrueColor 2018 2m Graz - Kopie.png,3682,forestfragmentation,0.21764159202575684,13,26.53846153846154,56.69230769230769
HighRes TrueColor 2018 2m Graz - Kopie.png,3683,forest,0.8511977195739746,111,27.225225225225227,23.864864864864863
HighRes TrueColor 2018 2m Graz - Kopie.png,3684,forestfragmentation,0.6163493394851685,54,38.2962962962963,28.074074074074073
HighRes TrueColor 2018 2m Graz - Kopie.png,3685,forestfragmentation,0.4032124876976013,9,28.444444444444443,2.6666666666666665
HighRes TrueColor 2018 2m Graz - Kopie.png,3686,forestfragmentation,0.2652718424797058,7,6.285714285714286,57.142857142857146
HighRes TrueColor 2018 2m Graz - Kopie.png,3687,forestfragmentation,0.21764159202575684,13,26.53846153846154,56.69230769230769
HighRes TrueColor 2018 2m Graz - Kopie.png,3688,forest,0.9322941899299622,66,18.545454545454547,10.757575757575758
HighRes TrueColor 2018 2m Graz - Kopie.png,3689,forestfragmentation,0.30555909872055054,26,52.34615384615385,57.0
HighRes TrueColor 2018 2m Graz - Kopie.png,3690,forestfragmentation,0.23833578824996948,5,25.4,29.0
HighRes TrueColor 2018 2m Graz - Kopie.png,3691,forest,0.9322941899299622,66,18.545454545454547,10.757575757575758
HighRes TrueColor 2018 2m Graz - Kopie.png,3692,forestfragmentation,0.30555909872055054,26,52.34615384615385,57.0
HighRes TrueColor 2018 2m Graz - Kopie.png,3693,forestfragmentation,0.23833578824996948,5,25.4,29.0
HighRes TrueColor 2018 2m Graz - Kopie.png,3694,forest,0.9421699047088623,92,48.92391304347826,29.108695652173914
HighRes TrueColor 2018 2m Graz - Kopie.png,3695,forestfragmentation,0.8858956694602966,37,12.054054054054054,33.729729729729726
HighRes TrueColor 2018 2m Graz - Kopie.png,3696,forestfragmentation,0.46922004222869873,9,13.333333333333334,51.111111111111114
HighRes TrueColor 2018 2m Graz - Kopie.png,3697,forestfragmentation,0.3485652208328247,15,39.2,46.86666666666667
HighRes TrueColor 2018 2m Graz - Kopie.png,3698,forest,0.9421699047088623,92,48.92391304347826,29.108695652173914
HighRes TrueColor 2018 2m Graz - Kopie.png,3699,forestfragmentation,0.8858956694602966,37,12.054054054054054,33.729729729729726
HighRes TrueColor 2018 2m Graz - Kopie.png,3700,forestfragmentation,0.46922004222869873,9,13.333333333333334,51.111111111111114
HighRes TrueColor 2018 2m Graz - Kopie.png,3701,forestfragmentation,0.3485652208328247,15,39.2,46.86666666666667
HighRes TrueColor 2018 2m Graz - Kopie.png,3702,forest,0.5095677375793457,11,9.0,56.54545454545455
HighRes TrueColor 2018 2m Graz - Kopie.png,3703,forest,0.33882999420166016,45,11.533333333333333,39.06666666666667
HighRes TrueColor 2018 2m Graz - Kopie.png,3704,forest,0.2875962257385254,7,29.714285714285715,33.142857142857146
HighRes TrueColor 2018 2m Graz - Kopie.png,3705,forest,0.2730851173400879,8,3.875,61.5
HighRes TrueColor 2018 2m Graz - Kopie.png,3706,forest,0.5095677375793457,11,9.0,56.54545454545455
HighRes TrueColor 2018 2m Graz - Kopie.png,3707,forest,0.33882999420166016,45,11.533333333333333,39.06666666666667
HighRes TrueColor 2018 2m Graz - Kopie.png,3708,forest,0.2875962257385254,7,29.714285714285715,33.142857142857146
HighRes TrueColor 2018 2m Graz - Kopie.png,3709,forest,0.2730851173400879,8,3.875,61.5
HighRes TrueColor 2018 2m Graz - Kopie.png,3710,forest,0.23847979307174683,17,5.117647058823529,11.058823529411764
HighRes TrueColor 2018 2m Graz - Kopie.png,3711,forest,0.2271152138710022,16,53.4375,4.5625
HighRes TrueColor 2018 2m Graz - Kopie.png,3712,forest,0.23847979307174683,17,5.117647058823529,11.058823529411764
HighRes TrueColor 2018 2m Graz - Kopie.png,3713,forest,0.2271152138710022,16,53.4375,4.5625
HighRes TrueColor 2018 2m Graz - Kopie.png,3714,forest,0.8406609892845154,16,58.0,3.875
HighRes TrueColor 2018 2m Graz - Kopie.png,3715,forest,0.7580190300941467,84,21.904761904761905,30.857142857142858
HighRes TrueColor 2018 2m Graz - Kopie.png,3716,forestfragmentation,0.6055881381034851,12,23.833333333333332,26.666666666666668
HighRes TrueColor 2018 2m Graz - Kopie.png,3717,forest,0.3455415964126587,15,58.666666666666664,48.46666666666667
HighRes TrueColor 2018 2m Graz - Kopie.png,3718,forest,0.29580384492874146,7,60.0,35.42857142857143
HighRes TrueColor 2018 2m Graz - Kopie.png,3719,forest,0.8406609892845154,16,58.0,3.875
HighRes TrueColor 2018 2m Graz - Kopie.png,3720,forest,0.7580190300941467,84,21.904761904761905,30.857142857142858
HighRes TrueColor 2018 2m Graz - Kopie.png,3721,forestfragmentation,0.6055881381034851,12,23.833333333333332,26.666666666666668
HighRes TrueColor 2018 2m Graz - Kopie.png,3722,forest,0.3455415964126587,15,58.666666666666664,48.46666666666667
HighRes TrueColor 2018 2m Graz - Kopie.png,3723,forest,0.29580384492874146,7,60.0,35.42857142857143
HighRes TrueColor 2018 2m Graz - Kopie.png,3724,forest,0.44956302642822266,16,6.5,48.5
HighRes TrueColor 2018 2m Graz - Kopie.png,3725,forest,0.40107256174087524,149,33.22147651006711,24.711409395973153
HighRes TrueColor 2018 2m Graz - Kopie.png,3726,forest,0.44956302642822266,16,6.5,48.5
HighRes TrueColor 2018 2m Graz - Kopie.png,3727,forest,0.40107256174087524,149,33.22147651006711,24.711409395973153
HighRes TrueColor 2018 2m Graz - Kopie.png,3728,forest,0.7716333270072937,39,43.07692307692308,28.256410256410255
HighRes TrueColor 2018 2m Graz - Kopie.png,3729,forestfragmentation,0.5845521092414856,27,9.74074074074074,11.25925925925926
HighRes TrueColor 2018 2m Graz - Kopie.png,3730,forestfragmentation,0.47348523139953613,24,26.666666666666668,35.041666666666664
HighRes TrueColor 2018 2m Graz - Kopie.png,3731,forestfragmentation,0.29223543405532837,10,45.9,59.4
HighRes TrueColor 2018 2m Graz - Kopie.png,3732,forestfragmentation,0.2862667441368103,9,34.111111111111114,49.22222222222222
HighRes TrueColor 2018 2m Graz - Kopie.png,3733,forestfragmentation,0.2700963020324707,8,53.125,37.125
HighRes TrueColor 2018 2m Graz - Kopie.png,3734,forestfragmentation,0.25666534900665283,8,9.625,60.25
HighRes TrueColor 2018 2m Graz - Kopie.png,3735,forestfragmentation,0.24627918004989624,4,59.0,62.0
HighRes TrueColor 2018 2m Graz - Kopie.png,3736,forest,0.7716333270072937,39,43.07692307692308,28.256410256410255
HighRes TrueColor 2018 2m Graz - Kopie.png,3737,forestfragmentation,0.5845521092414856,27,9.74074074074074,11.25925925925926
HighRes TrueColor 2018 2m Graz - Kopie.png,3738,forestfragmentation,0.47348523139953613,24,26.666666666666668,35.041666666666664
HighRes TrueColor 2018 2m Graz - Kopie.png,3739,forestfragmentation,0.29223543405532837,10,45.9,59.4
HighRes TrueColor 2018 2m Graz - Kopie.png,3740,forestfragmentation,0.2862667441368103,9,34.111111111111114,49.22222222222222
HighRes TrueColor 2018 2m Graz - Kopie.png,3741,forestfragmentation,0.2700963020324707,8,53.125,37.125
HighRes TrueColor 2018 2m Graz - Kopie.png,3742,forestfragmentation,0.25666534900665283,8,9.625,60.25
HighRes TrueColor 2018 2m Graz - Kopie.png,3743,forestfragmentation,0.24627918004989624,4,59.0,62.0
HighRes TrueColor 2018 2m Graz - Kopie.png,3744,forest,0.39325863122940063,128,38.5703125,37.9765625
HighRes TrueColor 2018 2m Graz - Kopie.png,3745,forest,0.39325863122940063,128,38.5703125,37.9765625
HighRes TrueColor 2018 2m Graz - Kopie.png,3746,forest,0.4874746799468994,110,32.86363636363637,24.2
HighRes TrueColor 2018 2m Graz - Kopie.png,3747,forestfragmentation,0.36344730854034424,11,48.90909090909091,37.18181818181818
HighRes TrueColor 2018 2m Graz - Kopie.png,3748,forestfragmentation,0.3283640146255493,14,54.5,58.785714285714285
HighRes TrueColor 2018 2m Graz - Kopie.png,3749,forestfragmentation,0.31090766191482544,51,31.647058823529413,48.8235294117647
HighRes TrueColor 2018 2m Graz - Kopie.png,3750,forest,0.4874746799468994,110,32.86363636363637,24.2
HighRes TrueColor 2018 2m Graz - Kopie.png,3751,forestfragmentation,0.36344730854034424,11,48.90909090909091,37.18181818181818
HighRes TrueColor 2018 2m Graz - Kopie.png,3752,forestfragmentation,0.3283640146255493,14,54.5,58.785714285714285
HighRes TrueColor 2018 2m Graz - Kopie.png,3753,forestfragmentation,0.31090766191482544,51,31.647058823529413,48.8235294117647
HighRes TrueColor 2018 2m Graz - Kopie.png,3754,forest,0.8907384872436523,7,18.714285714285715,20.0
HighRes TrueColor 2018 2m Graz - Kopie.png,3755,forestfragmentation,0.5403333902359009,11,21.09090909090909,30.636363636363637
HighRes TrueColor 2018 2m Graz - Kopie.png,3756,forestfragmentation,0.35315340757369995,18,6.5,21.666666666666668
HighRes TrueColor 2018 2m Graz - Kopie.png,3757,forestfragmentation,0.34945499897003174,9,59.55555555555556,46.888888888888886
HighRes TrueColor 2018 2m Graz - Kopie.png,3758,forestfragmentation,0.3125789165496826,10,11.0,44.1
HighRes TrueColor 2018 2m Graz - Kopie.png,3759,forestfragmentation,0.2725248336791992,8,32.0,29.75
HighRes TrueColor 2018 2m Graz - Kopie.png,3760,forestfragmentation,0.26154518127441406,11,43.90909090909091,3.909090909090909
HighRes TrueColor 2018 2m Graz - Kopie.png,3761,forestfragmentation,0.24651497602462769,11,60.36363636363637,25.363636363636363
HighRes TrueColor 2018 2m Graz - Kopie.png,3762,forestfragmentation,0.2433229684829712,18,54.333333333333336,58.94444444444444
HighRes TrueColor 2018 2m Graz - Kopie.png,3763,forestfragmentation,0.22189241647720337,9,49.22222222222222,13.11111111111111
HighRes TrueColor 2018 2m Graz - Kopie.png,3764,forestfragmentation,0.22021973133087158,11,31.272727272727273,9.909090909090908
HighRes TrueColor 2018 2m Graz - Kopie.png,3765,forestfragmentation,0.21909064054489136,4,62.0,10.5
HighRes TrueColor 2018 2m Graz - Kopie.png,3766,forestfragmentation,0.21859461069107056,8,54.5,6.625
HighRes TrueColor 2018 2m Graz - Kopie.png,3767,forestfragmentation,0.21283727884292603,6,44.333333333333336,30.833333333333332
HighRes TrueColor 2018 2m Graz - Kopie.png,3768,forest,0.8907384872436523,7,18.714285714285715,20.0
HighRes TrueColor 2018 2m Graz - Kopie.png,3769,forestfragmentation,0.5403333902359009,11,21.09090909090909,30.636363636363637
HighRes TrueColor 2018 2m Graz - Kopie.png,3770,forestfragmentation,0.35315340757369995,18,6.5,21.666666666666668
HighRes TrueColor 2018 2m Graz - Kopie.png,3771,forestfragmentation,0.34945499897003174,9,59.55555555555556,46.888888888888886
HighRes TrueColor 2018 2m Graz - Kopie.png,3772,forestfragmentation,0.3125789165496826,10,11.0,44.1
HighRes TrueColor 2018 2m Graz - Kopie.png,3773,forestfragmentation,0.2725248336791992,8,32.0,29.75
HighRes TrueColor 2018 2m Graz - Kopie.png,3774,forestfragmentation,0.26154518127441406,11,43.90909090909091,3.909090909090909
HighRes TrueColor 2018 2m Graz - Kopie.png,3775,forestfragmentation,0.24651497602462769,11,60.36363636363637,25.363636363636363
HighRes TrueColor 2018 2m Graz - Kopie.png,3776,forestfragmentation,0.2433229684829712,18,54.333333333333336,58.94444444444444
HighRes TrueColor 2018 2m Graz - Kopie.png,3777,forestfragmentation,0.22189241647720337,9,49.22222222222222,13.11111111111111
HighRes TrueColor 2018 2m Graz - Kopie.png,3778,forestfragmentation,0.22021973133087158,11,31.272727272727273,9.909090909090908
HighRes TrueColor 2018 2m Graz - Kopie.png,3779,forestfragmentation,0.21909064054489136,4,62.0,10.5
HighRes TrueColor 2018 2m Graz - Kopie.png,3780,forestfragmentation,0.21859461069107056,8,54.5,6.625
HighRes TrueColor 2018 2m Graz - Kopie.png,3781,forestfragmentation,0.21283727884292603,6,44.333333333333336,30.833333333333332
HighRes TrueColor 2018 2m Graz - Kopie.png,3782,forest,0.852464497089386,37,52.2972972972973,19.83783783783784
HighRes TrueColor 2018 2m Graz - Kopie.png,3783,forestfragmentation,0.4255436658859253,33,16.848484848484848,51.93939393939394
HighRes TrueColor 2018 2m Graz - Kopie.png,3784,forest,0.852464497089386,37,52.2972972972973,19.83783783783784
HighRes TrueColor 2018 2m Graz - Kopie.png,3785,forestfragmentation,0.4255436658859253,33,16.848484848484848,51.93939393939394
HighRes TrueColor 2018 2m Graz - Kopie.png,3786,forest,0.699069082736969,69,34.391304347826086,30.07246376811594
HighRes TrueColor 2018 2m Graz - Kopie.png,3787,forestfragmentation,0.24217456579208374,7,48.57142857142857,61.0
HighRes TrueColor 2018 2m Graz - Kopie.png,3788,forestfragmentation,0.206615149974823,28,45.785714285714285,42.857142857142854
HighRes TrueColor 2018 2m Graz - Kopie.png,3789,forest,0.699069082736969,69,34.391304347826086,30.07246376811594
HighRes TrueColor 2018 2m Graz - Kopie.png,3790,forestfragmentation,0.24217456579208374,7,48.57142857142857,61.0
HighRes TrueColor 2018 2m Graz - Kopie.png,3791,forestfragmentation,0.206615149974823,28,45.785714285714285,42.857142857142854
HighRes TrueColor 2018 2m Graz - Kopie.png,3792,forest,0.7330510020256042,37,12.594594594594595,38.54054054054054
HighRes TrueColor 2018 2m Graz - Kopie.png,3793,forestfragmentation,0.5541589856147766,10,55.5,2.3
HighRes TrueColor 2018 2m Graz - Kopie.png,3794,forestfragmentation,0.3113608956336975,12,57.25,50.25
HighRes TrueColor 2018 2m Graz - Kopie.png,3795,forestfragmentation,0.24562817811965942,16,30.5,58.0625
HighRes TrueColor 2018 2m Graz - Kopie.png,3796,forest,0.7330510020256042,37,12.594594594594595,38.54054054054054
HighRes TrueColor 2018 2m Graz - Kopie.png,3797,forestfragmentation,0.5541589856147766,10,55.5,2.3
HighRes TrueColor 2018 2m Graz - Kopie.png,3798,forestfragmentation,0.3113608956336975,12,57.25,50.25
HighRes TrueColor 2018 2m Graz - Kopie.png,3799,forestfragmentation,0.24562817811965942,16,30.5,58.0625
HighRes TrueColor 2018 2m Graz - Kopie.png,3800,forest,0.8157915472984314,4,31.5,31.5
HighRes TrueColor 2018 2m Graz - Kopie.png,3801,forestfragmentation,0.31250613927841187,11,18.727272727272727,2.4545454545454546
HighRes TrueColor 2018 2m Graz - Kopie.png,3802,forestfragmentation,0.2940239906311035,9,55.22222222222222,23.11111111111111
HighRes TrueColor 2018 2m Graz - Kopie.png,3803,forestfragmentation,0.26346683502197266,17,45.294117647058826,58.94117647058823
HighRes TrueColor 2018 2m Graz - Kopie.png,3804,forestfragmentation,0.24219369888305664,13,4.846153846153846,50.15384615384615
HighRes TrueColor 2018 2m Graz - Kopie.png,3805,forestfragmentation,0.20810043811798096,9,3.7777777777777777,2.0
HighRes TrueColor 2018 2m Graz - Kopie.png,3806,forest,0.8157915472984314,4,31.5,31.5
HighRes TrueColor 2018 2m Graz - Kopie.png,3807,forestfragmentation,0.31250613927841187,11,18.727272727272727,2.4545454545454546
HighRes TrueColor 2018 2m Graz - Kopie.png,3808,forestfragmentation,0.2940239906311035,9,55.22222222222222,23.11111111111111
HighRes TrueColor 2018 2m Graz - Kopie.png,3809,forestfragmentation,0.26346683502197266,17,45.294117647058826,58.94117647058823
HighRes TrueColor 2018 2m Graz - Kopie.png,3810,forestfragmentation,0.24219369888305664,13,4.846153846153846,50.15384615384615
HighRes TrueColor 2018 2m Graz - Kopie.png,3811,forestfragmentation,0.20810043811798096,9,3.7777777777777777,2.0
HighRes TrueColor 2018 2m Graz - Kopie.png,3812,forest,0.8125485181808472,4,31.5,31.5
HighRes TrueColor 2018 2m Graz - Kopie.png,3813,forestfragmentation,0.37169718742370605,11,9.545454545454545,2.4545454545454546
HighRes TrueColor 2018 2m Graz - Kopie.png,3814,forestfragmentation,0.35289037227630615,15,36.266666666666666,59.0
HighRes TrueColor 2018 2m Graz - Kopie.png,3815,forestfragmentation,0.28645074367523193,11,59.63636363636363,13.727272727272727
HighRes TrueColor 2018 2m Graz - Kopie.png,3816,forestfragmentation,0.2509506940841675,9,46.22222222222222,23.11111111111111
HighRes TrueColor 2018 2m Graz - Kopie.png,3817,forestfragmentation,0.22696441411972046,4,60.5,35.0
HighRes TrueColor 2018 2m Graz - Kopie.png,3818,forestfragmentation,0.2009899616241455,13,51.92307692307692,54.30769230769231
HighRes TrueColor 2018 2m Graz - Kopie.png,3819,forest,0.8125485181808472,4,31.5,31.5
HighRes TrueColor 2018 2m Graz - Kopie.png,3820,forestfragmentation,0.37169718742370605,11,9.545454545454545,2.4545454545454546
HighRes TrueColor 2018 2m Graz - Kopie.png,3821,forestfragmentation,0.35289037227630615,15,36.266666666666666,59.0
HighRes TrueColor 2018 2m Graz - Kopie.png,3822,forestfragmentation,0.28645074367523193,11,59.63636363636363,13.727272727272727
HighRes TrueColor 2018 2m Graz - Kopie.png,3823,forestfragmentation,0.2509506940841675,9,46.22222222222222,23.11111111111111
HighRes TrueColor 2018 2m Graz - Kopie.png,3824,forestfragmentation,0.22696441411972046,4,60.5,35.0
HighRes TrueColor 2018 2m Graz - Kopie.png,3825,forestfragmentation,0.2009899616241455,13,51.92307692307692,54.30769230769231
HighRes TrueColor 2018 2m Graz - Kopie.png,3826,forest,0.9052844047546387,20,45.5,54.85
HighRes TrueColor 2018 2m Graz - Kopie.png,3827,forestfragmentation,0.7562283277511597,46,11.152173913043478,12.673913043478262
HighRes TrueColor 2018 2m Graz - Kopie.png,3828,forestfragmentation,0.6532487869262695,11,53.45454545454545,32.63636363636363
HighRes TrueColor 2018 2m Graz - Kopie.png,3829,forestfragmentation,0.5377935171127319,12,54.416666666666664,26.083333333333332
HighRes TrueColor 2018 2m Graz - Kopie.png,3830,forestfragmentation,0.500031590461731,7,13.142857142857142,33.57142857142857
HighRes TrueColor 2018 2m Graz - Kopie.png,3831,forestfragmentation,0.26752811670303345,5,48.6,33.0
HighRes TrueColor 2018 2m Graz - Kopie.png,3832,forestfragmentation,0.24287033081054688,27,27.25925925925926,7.777777777777778
HighRes TrueColor 2018 2m Graz - Kopie.png,3833,forestfragmentation,0.24154335260391235,7,61.57142857142857,53.42857142857143
HighRes TrueColor 2018 2m Graz - Kopie.png,3834,forestfragmentation,0.2167741060256958,8,47.125,2.625
HighRes TrueColor 2018 2m Graz - Kopie.png,3835,forest,0.9052844047546387,20,45.5,54.85
HighRes TrueColor 2018 2m Graz - Kopie.png,3836,forestfragmentation,0.7562283277511597,46,11.152173913043478,12.673913043478262
HighRes TrueColor 2018 2m Graz - Kopie.png,3837,forestfragmentation,0.6532487869262695,11,53.45454545454545,32.63636363636363
HighRes TrueColor 2018 2m Graz - Kopie.png,3838,forestfragmentation,0.5377935171127319,12,54.416666666666664,26.083333333333332
HighRes TrueColor 2018 2m Graz - Kopie.png,3839,forestfragmentation,0.500031590461731,7,13.142857142857142,33.57142857142857
HighRes TrueColor 2018 2m Graz - Kopie.png,3840,forestfragmentation,0.26752811670303345,5,48.6,33.0
HighRes TrueColor 2018 2m Graz - Kopie.png,3841,forestfragmentation,0.24287033081054688,27,27.25925925925926,7.777777777777778
HighRes TrueColor 2018 2m Graz - Kopie.png,3842,forestfragmentation,0.24154335260391235,7,61.57142857142857,53.42857142857143
HighRes TrueColor 2018 2m Graz - Kopie.png,3843,forestfragmentation,0.2167741060256958,8,47.125,2.625
HighRes TrueColor 2018 2m Graz - Kopie.png,3844,forest,0.9192599058151245,20,13.8,52.4
HighRes TrueColor 2018 2m Graz - Kopie.png,3845,forestfragmentation,0.7248809337615967,10,48.5,38.1
HighRes TrueColor 2018 2m Graz - Kopie.png,3846,forestfragmentation,0.5988199710845947,26,42.26923076923077,56.23076923076923
HighRes TrueColor 2018 2m Graz - Kopie.png,3847,forestfragmentation,0.5415392518043518,28,39.964285714285715,26.214285714285715
HighRes TrueColor 2018 2m Graz - Kopie.png,3848,forestfragmentation,0.5354161858558655,13,50.30769230769231,47.07692307692308
HighRes TrueColor 2018 2m Graz - Kopie.png,3849,forestfragmentation,0.5282090306282043,8,54.0,57.75
HighRes TrueColor 2018 2m Graz - Kopie.png,3850,forestfragmentation,0.4965437054634094,8,2.125,32.875
HighRes TrueColor 2018 2m Graz - Kopie.png,3851,forestfragmentation,0.3722909092903137,26,53.96153846153846,5.346153846153846
HighRes TrueColor 2018 2m Graz - Kopie.png,3852,forestfragmentation,0.36153942346572876,12,59.833333333333336,18.166666666666668
HighRes TrueColor 2018 2m Graz - Kopie.png,3853,forestfragmentation,0.2796659469604492,11,59.81818181818182,59.09090909090909
HighRes TrueColor 2018 2m Graz - Kopie.png,3854,forestfragmentation,0.24960845708847046,9,3.0,27.22222222222222
HighRes TrueColor 2018 2m Graz - Kopie.png,3855,forest,0.9192599058151245,20,13.8,52.4
HighRes TrueColor 2018 2m Graz - Kopie.png,3856,forestfragmentation,0.7248809337615967,10,48.5,38.1
HighRes TrueColor 2018 2m Graz - Kopie.png,3857,forestfragmentation,0.5988199710845947,26,42.26923076923077,56.23076923076923
HighRes TrueColor 2018 2m Graz - Kopie.png,3858,forestfragmentation,0.5415392518043518,28,39.964285714285715,26.214285714285715
HighRes TrueColor 2018 2m Graz - Kopie.png,3859,forestfragmentation,0.5354161858558655,13,50.30769230769231,47.07692307692308
HighRes TrueColor 2018 2m Graz - Kopie.png,3860,forestfragmentation,0.5282090306282043,8,54.0,57.75
HighRes TrueColor 2018 2m Graz - Kopie.png,3861,forestfragmentation,0.4965437054634094,8,2.125,32.875
HighRes TrueColor 2018 2m Graz - Kopie.png,3862,forestfragmentation,0.3722909092903137,26,53.96153846153846,5.346153846153846
HighRes TrueColor 2018 2m Graz - Kopie.png,3863,forestfragmentation,0.36153942346572876,12,59.833333333333336,18.166666666666668
HighRes TrueColor 2018 2m Graz - Kopie.png,3864,forestfragmentation,0.2796659469604492,11,59.81818181818182,59.09090909090909
HighRes TrueColor 2018 2m Graz - Kopie.png,3865,forestfragmentation,0.24960845708847046,9,3.0,27.22222222222222
HighRes TrueColor 2018 2m Graz - Kopie.png,3866,forest,0.9527369737625122,68,34.19117647058823,13.279411764705882
HighRes TrueColor 2018 2m Graz - Kopie.png,3867,forestfragmentation,0.5290737748146057,10,40.8,31.1
HighRes TrueColor 2018 2m Graz - Kopie.png,3868,forestfragmentation,0.5229969024658203,9,13.222222222222221,29.88888888888889
HighRes TrueColor 2018 2m Graz - Kopie.png,3869,forestfragmentation,0.3468284010887146,11,53.45454545454545,19.363636363636363
HighRes TrueColor 2018 2m Graz - Kopie.png,3870,forestfragmentation,0.3459479808807373,20,16.65,58.75
HighRes TrueColor 2018 2m Graz - Kopie.png,3871,forestfragmentation,0.33937984704971313,10,8.7,18.3
HighRes TrueColor 2018 2m Graz - Kopie.png,3872,forestfragmentation,0.2759813666343689,7,2.142857142857143,57.57142857142857
HighRes TrueColor 2018 2m Graz - Kopie.png,3873,forest,0.9527369737625122,68,34.19117647058823,13.279411764705882
HighRes TrueColor 2018 2m Graz - Kopie.png,3874,forestfragmentation,0.5290737748146057,10,40.8,31.1
HighRes TrueColor 2018 2m Graz - Kopie.png,3875,forestfragmentation,0.5229969024658203,9,13.222222222222221,29.88888888888889
HighRes TrueColor 2018 2m Graz - Kopie.png,3876,forestfragmentation,0.3468284010887146,11,53.45454545454545,19.363636363636363
HighRes TrueColor 2018 2m Graz - Kopie.png,3877,forestfragmentation,0.3459479808807373,20,16.65,58.75
HighRes TrueColor 2018 2m Graz - Kopie.png,3878,forestfragmentation,0.33937984704971313,10,8.7,18.3
HighRes TrueColor 2018 2m Graz - Kopie.png,3879,forestfragmentation,0.2759813666343689,7,2.142857142857143,57.57142857142857
HighRes TrueColor 2018 2m Graz - Kopie.png,3880,forest,0.6854720115661621,10,8.6,4.3
HighRes TrueColor 2018 2m Graz - Kopie.png,3881,forest,0.5561314821243286,151,28.90066225165563,33.271523178807946
HighRes TrueColor 2018 2m Graz - Kopie.png,3882,forestfragmentation,0.38870948553085327,6,2.1666666666666665,20.333333333333332
HighRes TrueColor 2018 2m Graz - Kopie.png,3883,forestfragmentation,0.21908843517303467,30,15.2,10.033333333333333
HighRes TrueColor 2018 2m Graz - Kopie.png,3884,forest,0.6854720115661621,10,8.6,4.3
HighRes TrueColor 2018 2m Graz - Kopie.png,3885,forest,0.5561314821243286,151,28.90066225165563,33.271523178807946
HighRes TrueColor 2018 2m Graz - Kopie.png,3886,forestfragmentation,0.38870948553085327,6,2.1666666666666665,20.333333333333332
HighRes TrueColor 2018 2m Graz - Kopie.png,3887,forestfragmentation,0.21908843517303467,30,15.2,10.033333333333333
HighRes TrueColor 2018 2m Graz - Kopie.png,3888,forest,0.6336839199066162,72,26.125,41.52777777777778
HighRes TrueColor 2018 2m Graz - Kopie.png,3889,forestfragmentation,0.42308729887008667,5,40.2,53.0
HighRes TrueColor 2018 2m Graz - Kopie.png,3890,forest,0.36149317026138306,11,58.27272727272727,21.09090909090909
HighRes TrueColor 2018 2m Graz - Kopie.png,3891,forest,0.31964725255966187,27,25.962962962962962,18.77777777777778
HighRes TrueColor 2018 2m Graz - Kopie.png,3892,forestfragmentation,0.30324405431747437,7,44.857142857142854,44.57142857142857
HighRes TrueColor 2018 2m Graz - Kopie.png,3893,forest,0.2996947765350342,33,38.06060606060606,8.969696969696969
HighRes TrueColor 2018 2m Graz - Kopie.png,3894,forest,0.6336839199066162,72,26.125,41.52777777777778
HighRes TrueColor 2018 2m Graz - Kopie.png,3895,forestfragmentation,0.42308729887008667,5,40.2,53.0
HighRes TrueColor 2018 2m Graz - Kopie.png,3896,forest,0.36149317026138306,11,58.27272727272727,21.09090909090909
HighRes TrueColor 2018 2m Graz - Kopie.png,3897,forest,0.31964725255966187,27,25.962962962962962,18.77777777777778
HighRes TrueColor 2018 2m Graz - Kopie.png,3898,forestfragmentation,0.30324405431747437,7,44.857142857142854,44.57142857142857
HighRes TrueColor 2018 2m Graz - Kopie.png,3899,forest,0.2996947765350342,33,38.06060606060606,8.969696969696969
HighRes TrueColor 2018 2m Graz - Kopie.png,3900,forest,0.9020348787307739,122,27.204918032786885,23.40983606557377
HighRes TrueColor 2018 2m Graz - Kopie.png,3901,forestfragmentation,0.6454538702964783,7,21.857142857142858,50.142857142857146
HighRes TrueColor 2018 2m Graz - Kopie.png,3902,forestfragmentation,0.4025968909263611,11,49.72727272727273,32.81818181818182
HighRes TrueColor 2018 2m Graz - Kopie.png,3903,forestfragmentation,0.2986658811569214,9,58.77777777777778,49.888888888888886
HighRes TrueColor 2018 2m Graz - Kopie.png,3904,forestfragmentation,0.2581965923309326,6,61.666666666666664,60.833333333333336
HighRes TrueColor 2018 2m Graz - Kopie.png,3905,forestfragmentation,0.2329542636871338,11,12.181818181818182,59.72727272727273
HighRes TrueColor 2018 2m Graz - Kopie.png,3906,forest,0.9020348787307739,122,27.204918032786885,23.40983606557377
HighRes TrueColor 2018 2m Graz - Kopie.png,3907,forestfragmentation,0.6454538702964783,7,21.857142857142858,50.142857142857146
HighRes TrueColor 2018 2m Graz - Kopie.png,3908,forestfragmentation,0.4025968909263611,11,49.72727272727273,32.81818181818182
HighRes TrueColor 2018 2m Graz - Kopie.png,3909,forestfragmentation,0.2986658811569214,9,58.77777777777778,49.888888888888886
HighRes TrueColor 2018 2m Graz - Kopie.png,3910,forestfragmentation,0.2581965923309326,6,61.666666666666664,60.833333333333336
HighRes TrueColor 2018 2m Graz - Kopie.png,3911,forestfragmentation,0.2329542636871338,11,12.181818181818182,59.72727272727273
HighRes TrueColor 2018 2m Graz - Kopie.png,3912,forest,0.6477962732315063,90,35.522222222222226,22.1
HighRes TrueColor 2018 2m Graz - Kopie.png,3913,forestfragmentation,0.5134993195533752,11,27.545454545454547,60.36363636363637
HighRes TrueColor 2018 2m Graz - Kopie.png,3914,forestfragmentation,0.35113996267318726,11,42.45454545454545,58.90909090909091
HighRes TrueColor 2018 2m Graz - Kopie.png,3915,forest,0.6477962732315063,90,35.522222222222226,22.1
HighRes TrueColor 2018 2m Graz - Kopie.png,3916,forestfragmentation,0.5134993195533752,11,27.545454545454547,60.36363636363637
HighRes TrueColor 2018 2m Graz - Kopie.png,3917,forestfragmentation,0.35113996267318726,11,42.45454545454545,58.90909090909091
HighRes TrueColor 2018 2m Graz - Kopie.png,3918,forest,0.8155459761619568,22,12.045454545454545,36.54545454545455
HighRes TrueColor 2018 2m Graz - Kopie.png,3919,forestfragmentation,0.4108467698097229,11,58.45454545454545,25.90909090909091
HighRes TrueColor 2018 2m Graz - Kopie.png,3920,forestfragmentation,0.3899473547935486,11,13.454545454545455,59.45454545454545
HighRes TrueColor 2018 2m Graz - Kopie.png,3921,forestfragmentation,0.3500351905822754,11,16.09090909090909,30.0
HighRes TrueColor 2018 2m Graz - Kopie.png,3922,forestfragmentation,0.34829163551330566,11,39.81818181818182,41.09090909090909
HighRes TrueColor 2018 2m Graz - Kopie.png,3923,forestfragmentation,0.22147846221923828,35,21.0,12.428571428571429
HighRes TrueColor 2018 2m Graz - Kopie.png,3924,forest,0.8155459761619568,22,12.045454545454545,36.54545454545455
HighRes TrueColor 2018 2m Graz - Kopie.png,3925,forestfragmentation,0.4108467698097229,11,58.45454545454545,25.90909090909091
HighRes TrueColor 2018 2m Graz - Kopie.png,3926,forestfragmentation,0.3899473547935486,11,13.454545454545455,59.45454545454545
HighRes TrueColor 2018 2m Graz - Kopie.png,3927,forestfragmentation,0.3500351905822754,11,16.09090909090909,30.0
HighRes TrueColor 2018 2m Graz - Kopie.png,3928,forestfragmentation,0.34829163551330566,11,39.81818181818182,41.09090909090909
HighRes TrueColor 2018 2m Graz - Kopie.png,3929,forestfragmentation,0.22147846221923828,35,21.0,12.428571428571429
HighRes TrueColor 2018 2m Graz - Kopie.png,3930,forest,0.9022901058197021,92,42.93478260869565,21.782608695652176
HighRes TrueColor 2018 2m Graz - Kopie.png,3931,forestfragmentation,0.5006645917892456,6,16.666666666666668,54.833333333333336
HighRes TrueColor 2018 2m Graz - Kopie.png,3932,forestfragmentation,0.3920553922653198,10,5.6,26.0
HighRes TrueColor 2018 2m Graz - Kopie.png,3933,forestfragmentation,0.3015902042388916,7,35.142857142857146,54.142857142857146
HighRes TrueColor 2018 2m Graz - Kopie.png,3934,forestfragmentation,0.24025291204452515,21,13.380952380952381,9.714285714285714
HighRes TrueColor 2018 2m Graz - Kopie.png,3935,forestfragmentation,0.2002568244934082,8,34.75,61.0
HighRes TrueColor 2018 2m Graz - Kopie.png,3936,forest,0.9022901058197021,92,42.93478260869565,21.782608695652176
HighRes TrueColor 2018 2m Graz - Kopie.png,3937,forestfragmentation,0.5006645917892456,6,16.666666666666668,54.833333333333336
HighRes TrueColor 2018 2m Graz - Kopie.png,3938,forestfragmentation,0.3920553922653198,10,5.6,26.0
HighRes TrueColor 2018 2m Graz - Kopie.png,3939,forestfragmentation,0.3015902042388916,7,35.142857142857146,54.142857142857146
HighRes TrueColor 2018 2m Graz - Kopie.png,3940,forestfragmentation,0.24025291204452515,21,13.380952380952381,9.714285714285714
HighRes TrueColor 2018 2m Graz - Kopie.png,3941,forestfragmentation,0.2002568244934082,8,34.75,61.0
HighRes TrueColor 2018 2m Graz - Kopie.png,3942,forest,0.685662567615509,143,31.944055944055943,32.88811188811189
HighRes TrueColor 2018 2m Graz - Kopie.png,3943,forestfragmentation,0.4860536456108093,52,39.11538461538461,47.94230769230769
HighRes TrueColor 2018 2m Graz - Kopie.png,3944,forestfragmentation,0.4574413299560547,14,54.642857142857146,6.785714285714286
HighRes TrueColor 2018 2m Graz - Kopie.png,3945,forestfragmentation,0.2903671860694885,18,41.888888888888886,2.7222222222222223
HighRes TrueColor 2018 2m Graz - Kopie.png,3946,forestfragmentation,0.23024636507034302,12,17.833333333333332,3.9166666666666665
HighRes TrueColor 2018 2m Graz - Kopie.png,3947,forest,0.685662567615509,143,31.944055944055943,32.88811188811189
HighRes TrueColor 2018 2m Graz - Kopie.png,3948,forestfragmentation,0.4860536456108093,52,39.11538461538461,47.94230769230769
HighRes TrueColor 2018 2m Graz - Kopie.png,3949,forestfragmentation,0.4574413299560547,14,54.642857142857146,6.785714285714286
HighRes TrueColor 2018 2m Graz - Kopie.png,3950,forestfragmentation,0.2903671860694885,18,41.888888888888886,2.7222222222222223
HighRes TrueColor 2018 2m Graz - Kopie.png,3951,forestfragmentation,0.23024636507034302,12,17.833333333333332,3.9166666666666665
HighRes TrueColor 2018 2m Graz - Kopie.png,3952,forest,0.5838066339492798,7,24.428571428571427,18.142857142857142
HighRes TrueColor 2018 2m Graz - Kopie.png,3953,forestfragmentation,0.3979341983795166,8,33.5,24.75
HighRes TrueColor 2018 2m Graz - Kopie.png,3954,forestfragmentation,0.3485379219055176,23,54.34782608695652,7.782608695652174
HighRes TrueColor 2018 2m Graz - Kopie.png,3955,forestfragmentation,0.24074852466583252,8,35.5,45.5
HighRes TrueColor 2018 2m Graz - Kopie.png,3956,forest,0.5838066339492798,7,24.428571428571427,18.142857142857142
HighRes TrueColor 2018 2m Graz - Kopie.png,3957,forestfragmentation,0.3979341983795166,8,33.5,24.75
HighRes TrueColor 2018 2m Graz - Kopie.png,3958,forestfragmentation,0.3485379219055176,23,54.34782608695652,7.782608695652174
HighRes TrueColor 2018 2m Graz - Kopie.png,3959,forestfragmentation,0.24074852466583252,8,35.5,45.5
HighRes TrueColor 2018 2m Graz - Kopie.png,3960,forest,0.9196165800094604,14,17.714285714285715,19.571428571428573
HighRes TrueColor 2018 2m Graz - Kopie.png,3961,forestfragmentation,0.5846975445747375,14,41.857142857142854,20.714285714285715
HighRes TrueColor 2018 2m Graz - Kopie.png,3962,forestfragmentation,0.4423111081123352,21,23.19047619047619,5.380952380952381
HighRes TrueColor 2018 2m Graz - Kopie.png,3963,forestfragmentation,0.36158454418182373,13,3.4615384615384617,8.153846153846153
HighRes TrueColor 2018 2m Graz - Kopie.png,3964,forest,0.9196165800094604,14,17.714285714285715,19.571428571428573
HighRes TrueColor 2018 2m Graz - Kopie.png,3965,forestfragmentation,0.5846975445747375,14,41.857142857142854,20.714285714285715
HighRes TrueColor 2018 2m Graz - Kopie.png,3966,forestfragmentation,0.4423111081123352,21,23.19047619047619,5.380952380952381
HighRes TrueColor 2018 2m Graz - Kopie.png,3967,forestfragmentation,0.36158454418182373,13,3.4615384615384617,8.153846153846153
HighRes TrueColor 2018 2m Graz - Kopie.png,3968,forest,0.8457314372062683,151,33.41721854304636,29.71523178807947
HighRes TrueColor 2018 2m Graz - Kopie.png,3969,forestfragmentation,0.44706445932388306,11,35.90909090909091,46.63636363636363
HighRes TrueColor 2018 2m Graz - Kopie.png,3970,forestfragmentation,0.3385663628578186,17,55.64705882352941,36.8235294117647
HighRes TrueColor 2018 2m Graz - Kopie.png,3971,forestfragmentation,0.3109867572784424,10,3.0,54.2
HighRes TrueColor 2018 2m Graz - Kopie.png,3972,forestfragmentation,0.30527716875076294,9,55.55555555555556,48.0
HighRes TrueColor 2018 2m Graz - Kopie.png,3973,forestfragmentation,0.2997838854789734,10,41.0,60.9
HighRes TrueColor 2018 2m Graz - Kopie.png,3974,forest,0.8457314372062683,151,33.41721854304636,29.71523178807947
HighRes TrueColor 2018 2m Graz - Kopie.png,3975,forestfragmentation,0.44706445932388306,11,35.90909090909091,46.63636363636363
HighRes TrueColor 2018 2m Graz - Kopie.png,3976,forestfragmentation,0.3385663628578186,17,55.64705882352941,36.8235294117647
HighRes TrueColor 2018 2m Graz - Kopie.png,3977,forestfragmentation,0.3109867572784424,10,3.0,54.2
HighRes TrueColor 2018 2m Graz - Kopie.png,3978,forestfragmentation,0.30527716875076294,9,55.55555555555556,48.0
HighRes TrueColor 2018 2m Graz - Kopie.png,3979,forestfragmentation,0.2997838854789734,10,41.0,60.9
HighRes TrueColor 2018 2m Graz - Kopie.png,3980,forest,0.8188954591751099,11,47.45454545454545,12.454545454545455
HighRes TrueColor 2018 2m Graz - Kopie.png,3981,forestfragmentation,0.5069114565849304,14,3.857142857142857,37.142857142857146
HighRes TrueColor 2018 2m Graz - Kopie.png,3982,forestfragmentation,0.4922351837158203,9,34.666666666666664,40.22222222222222
HighRes TrueColor 2018 2m Graz - Kopie.png,3983,forestfragmentation,0.46166741847991943,10,3.3,47.5
HighRes TrueColor 2018 2m Graz - Kopie.png,3984,forestfragmentation,0.41501277685165405,16,53.875,59.375
HighRes TrueColor 2018 2m Graz - Kopie.png,3985,forestfragmentation,0.3877553343772888,21,10.952380952380953,14.80952380952381
HighRes TrueColor 2018 2m Graz - Kopie.png,3986,forestfragmentation,0.307975172996521,6,2.5,1.6666666666666667
HighRes TrueColor 2018 2m Graz - Kopie.png,3987,forestfragmentation,0.2812245488166809,34,34.23529411764706,16.323529411764707
HighRes TrueColor 2018 2m Graz - Kopie.png,3988,forestfragmentation,0.24345076084136963,8,31.5,27.625
HighRes TrueColor 2018 2m Graz - Kopie.png,3989,forest,0.8188954591751099,11,47.45454545454545,12.454545454545455
HighRes TrueColor 2018 2m Graz - Kopie.png,3990,forestfragmentation,0.5069114565849304,14,3.857142857142857,37.142857142857146
HighRes TrueColor 2018 2m Graz - Kopie.png,3991,forestfragmentation,0.4922351837158203,9,34.666666666666664,40.22222222222222
HighRes TrueColor 2018 2m Graz - Kopie.png,3992,forestfragmentation,0.46166741847991943,10,3.3,47.5
HighRes TrueColor 2018 2m Graz - Kopie.png,3993,forestfragmentation,0.41501277685165405,16,53.875,59.375
HighRes TrueColor 2018 2m Graz - Kopie.png,3994,forestfragmentation,0.3877553343772888,21,10.952380952380953,14.80952380952381
HighRes TrueColor 2018 2m Graz - Kopie.png,3995,forestfragmentation,0.307975172996521,6,2.5,1.6666666666666667
HighRes TrueColor 2018 2m Graz - Kopie.png,3996,forestfragmentation,0.2812245488166809,34,34.23529411764706,16.323529411764707
HighRes TrueColor 2018 2m Graz - Kopie.png,3997,forestfragmentation,0.24345076084136963,8,31.5,27.625
HighRes TrueColor 2018 2m Graz - Kopie.png,3998,forest,0.8530660271644592,15,31.733333333333334,10.066666666666666
HighRes TrueColor 2018 2m Graz - Kopie.png,3999,forestfragmentation,0.29696184396743774,32,34.46875,33.40625
HighRes TrueColor 2018 2m Graz - Kopie.png,4000,forestfragmentation,0.25940436124801636,12,29.333333333333332,59.833333333333336
HighRes TrueColor 2018 2m Graz - Kopie.png,4001,forestfragmentation,0.2368333339691162,7,25.285714285714285,21.714285714285715
HighRes TrueColor 2018 2m Graz - Kopie.png,4002,forestfragmentation,0.2264804244041443,30,50.766666666666666,41.833333333333336
HighRes TrueColor 2018 2m Graz - Kopie.png,4003,forest,0.8530660271644592,15,31.733333333333334,10.066666666666666
HighRes TrueColor 2018 2m Graz - Kopie.png,4004,forestfragmentation,0.29696184396743774,32,34.46875,33.40625
HighRes TrueColor 2018 2m Graz - Kopie.png,4005,forestfragmentation,0.25940436124801636,12,29.333333333333332,59.833333333333336
HighRes TrueColor 2018 2m Graz - Kopie.png,4006,forestfragmentation,0.2368333339691162,7,25.285714285714285,21.714285714285715
HighRes TrueColor 2018 2m Graz - Kopie.png,4007,forestfragmentation,0.2264804244041443,30,50.766666666666666,41.833333333333336
HighRes TrueColor 2018 2m Graz - Kopie.png,4008,forest,0.8574521541595459,45,37.71111111111111,23.133333333333333
HighRes TrueColor 2018 2m Graz - Kopie.png,4009,forestfragmentation,0.38092154264450073,10,60.3,56.0
HighRes TrueColor 2018 2m Graz - Kopie.png,4010,forest,0.32436567544937134,9,60.55555555555556,34.22222222222222
HighRes TrueColor 2018 2m Graz - Kopie.png,4011,forestfragmentation,0.21790456771850586,34,26.38235294117647,33.970588235294116
HighRes TrueColor 2018 2m Graz - Kopie.png,4012,forestfragmentation,0.21696680784225464,8,16.625,21.625
HighRes TrueColor 2018 2m Graz - Kopie.png,4013,forestfragmentation,0.20951437950134277,10,21.0,60.0
HighRes TrueColor 2018 2m Graz - Kopie.png,4014,forest,0.8574521541595459,45,37.71111111111111,23.133333333333333
HighRes TrueColor 2018 2m Graz - Kopie.png,4015,forestfragmentation,0.38092154264450073,10,60.3,56.0
HighRes TrueColor 2018 2m Graz - Kopie.png,4016,forest,0.32436567544937134,9,60.55555555555556,34.22222222222222
HighRes TrueColor 2018 2m Graz - Kopie.png,4017,forestfragmentation,0.21790456771850586,34,26.38235294117647,33.970588235294116
HighRes TrueColor 2018 2m Graz - Kopie.png,4018,forestfragmentation,0.21696680784225464,8,16.625,21.625
HighRes TrueColor 2018 2m Graz - Kopie.png,4019,forestfragmentation,0.20951437950134277,10,21.0,60.0
HighRes TrueColor 2018 2m Graz - Kopie.png,4020,forest,0.924595296382904,71,34.16901408450704,25.718309859154928
HighRes TrueColor 2018 2m Graz - Kopie.png,4021,forestfragmentation,0.686482310295105,17,47.588235294117645,38.64705882352941
HighRes TrueColor 2018 2m Graz - Kopie.png,4022,forestfragmentation,0.4767712950706482,12,57.083333333333336,50.416666666666664
HighRes TrueColor 2018 2m Graz - Kopie.png,4023,forestfragmentation,0.4601024389266968,28,11.321428571428571,23.785714285714285
HighRes TrueColor 2018 2m Graz - Kopie.png,4024,forestfragmentation,0.3428437113761902,11,32.18181818181818,42.18181818181818
HighRes TrueColor 2018 2m Graz - Kopie.png,4025,forestfragmentation,0.2117190957069397,15,46.6,26.8
HighRes TrueColor 2018 2m Graz - Kopie.png,4026,forest,0.924595296382904,71,34.16901408450704,25.718309859154928
HighRes TrueColor 2018 2m Graz - Kopie.png,4027,forestfragmentation,0.686482310295105,17,47.588235294117645,38.64705882352941
HighRes TrueColor 2018 2m Graz - Kopie.png,4028,forestfragmentation,0.4767712950706482,12,57.083333333333336,50.416666666666664
HighRes TrueColor 2018 2m Graz - Kopie.png,4029,forestfragmentation,0.4601024389266968,28,11.321428571428571,23.785714285714285
HighRes TrueColor 2018 2m Graz - Kopie.png,4030,forestfragmentation,0.3428437113761902,11,32.18181818181818,42.18181818181818
HighRes TrueColor 2018 2m Graz - Kopie.png,4031,forestfragmentation,0.2117190957069397,15,46.6,26.8
HighRes TrueColor 2018 2m Graz - Kopie.png,4032,forest,0.914766788482666,132,41.77272727272727,26.727272727272727
HighRes TrueColor 2018 2m Graz - Kopie.png,4033,forestfragmentation,0.4703289270401001,44,18.25,9.045454545454545
HighRes TrueColor 2018 2m Graz - Kopie.png,4034,forestfragmentation,0.4414975643157959,13,37.92307692307692,33.15384615384615
HighRes TrueColor 2018 2m Graz - Kopie.png,4035,forestfragmentation,0.4302448034286499,8,53.75,5.375
HighRes TrueColor 2018 2m Graz - Kopie.png,4036,forestfragmentation,0.2727864384651184,44,46.18181818181818,14.068181818181818
HighRes TrueColor 2018 2m Graz - Kopie.png,4037,forestfragmentation,0.22930699586868286,23,22.217391304347824,37.608695652173914
HighRes TrueColor 2018 2m Graz - Kopie.png,4038,forest,0.914766788482666,132,41.77272727272727,26.727272727272727
HighRes TrueColor 2018 2m Graz - Kopie.png,4039,forestfragmentation,0.4703289270401001,44,18.25,9.045454545454545
HighRes TrueColor 2018 2m Graz - Kopie.png,4040,forestfragmentation,0.4414975643157959,13,37.92307692307692,33.15384615384615
HighRes TrueColor 2018 2m Graz - Kopie.png,4041,forestfragmentation,0.4302448034286499,8,53.75,5.375
HighRes TrueColor 2018 2m Graz - Kopie.png,4042,forestfragmentation,0.2727864384651184,44,46.18181818181818,14.068181818181818
HighRes TrueColor 2018 2m Graz - Kopie.png,4043,forestfragmentation,0.22930699586868286,23,22.217391304347824,37.608695652173914
HighRes TrueColor 2018 2m Graz - Kopie.png,4044,forest,0.5888069868087769,14,7.214285714285714,30.071428571428573
HighRes TrueColor 2018 2m Graz - Kopie.png,4045,forest,0.4635215401649475,28,54.357142857142854,7.928571428571429
HighRes TrueColor 2018 2m Graz - Kopie.png,4046,forest,0.4161797761917114,58,32.51724137931034,49.5
HighRes TrueColor 2018 2m Graz - Kopie.png,4047,forest,0.40511196851730347,52,24.25,7.653846153846154
HighRes TrueColor 2018 2m Graz - Kopie.png,4048,forest,0.5888069868087769,14,7.214285714285714,30.071428571428573
HighRes TrueColor 2018 2m Graz - Kopie.png,4049,forest,0.4635215401649475,28,54.357142857142854,7.928571428571429
HighRes TrueColor 2018 2m Graz - Kopie.png,4050,forest,0.4161797761917114,58,32.51724137931034,49.5
HighRes TrueColor 2018 2m Graz - Kopie.png,4051,forest,0.40511196851730347,52,24.25,7.653846153846154
HighRes TrueColor 2018 2m Graz - Kopie.png,4052,forest,0.3566710352897644,62,40.12903225806452,27.887096774193548
HighRes TrueColor 2018 2m Graz - Kopie.png,4053,forestfragmentation,0.32432299852371216,24,44.333333333333336,54.5
HighRes TrueColor 2018 2m Graz - Kopie.png,4054,forestfragmentation,0.2689260244369507,4,50.5,61.5
HighRes TrueColor 2018 2m Graz - Kopie.png,4055,forestfragmentation,0.23756790161132812,5,23.0,59.4
HighRes TrueColor 2018 2m Graz - Kopie.png,4056,forestfragmentation,0.21429234743118286,6,49.166666666666664,43.666666666666664
HighRes TrueColor 2018 2m Graz - Kopie.png,4057,forest,0.3566710352897644,62,40.12903225806452,27.887096774193548
HighRes TrueColor 2018 2m Graz - Kopie.png,4058,forestfragmentation,0.32432299852371216,24,44.333333333333336,54.5
HighRes TrueColor 2018 2m Graz - Kopie.png,4059,forestfragmentation,0.2689260244369507,4,50.5,61.5
HighRes TrueColor 2018 2m Graz - Kopie.png,4060,forestfragmentation,0.23756790161132812,5,23.0,59.4
HighRes TrueColor 2018 2m Graz - Kopie.png,4061,forestfragmentation,0.21429234743118286,6,49.166666666666664,43.666666666666664
HighRes TrueColor 2018 2m Graz - Kopie.png,4062,forest,0.8965328931808472,24,43.958333333333336,18.916666666666668
HighRes TrueColor 2018 2m Graz - Kopie.png,4063,forestfragmentation,0.7114375829696655,10,16.7,20.4
HighRes TrueColor 2018 2m Graz - Kopie.png,4064,forestfragmentation,0.5018973350524902,11,10.0,41.63636363636363
HighRes TrueColor 2018 2m Graz - Kopie.png,4065,forestfragmentation,0.4318654537200928,5,40.4,1.4
HighRes TrueColor 2018 2m Graz - Kopie.png,4066,forestfragmentation,0.3299994468688965,9,41.0,46.111111111111114
HighRes TrueColor 2018 2m Graz - Kopie.png,4067,forest,0.8965328931808472,24,43.958333333333336,18.916666666666668
HighRes TrueColor 2018 2m Graz - Kopie.png,4068,forestfragmentation,0.7114375829696655,10,16.7,20.4
HighRes TrueColor 2018 2m Graz - Kopie.png,4069,forestfragmentation,0.5018973350524902,11,10.0,41.63636363636363
HighRes TrueColor 2018 2m Graz - Kopie.png,4070,forestfragmentation,0.4318654537200928,5,40.4,1.4
HighRes TrueColor 2018 2m Graz - Kopie.png,4071,forestfragmentation,0.3299994468688965,9,41.0,46.111111111111114
HighRes TrueColor 2018 2m Graz - Kopie.png,4072,forest,0.867141604423523,4,31.5,31.5
HighRes TrueColor 2018 2m Graz - Kopie.png,4073,forestfragmentation,0.5423747897148132,14,12.571428571428571,13.857142857142858
HighRes TrueColor 2018 2m Graz - Kopie.png,4074,forestfragmentation,0.5294421911239624,13,47.46153846153846,54.0
HighRes TrueColor 2018 2m Graz - Kopie.png,4075,forestfragmentation,0.5224329829216003,13,50.07692307692308,33.0
HighRes TrueColor 2018 2m Graz - Kopie.png,4076,forestfragmentation,0.30832648277282715,9,60.111111111111114,39.0
HighRes TrueColor 2018 2m Graz - Kopie.png,4077,forestfragmentation,0.234114408493042,7,55.285714285714285,61.285714285714285
HighRes TrueColor 2018 2m Graz - Kopie.png,4078,forest,0.867141604423523,4,31.5,31.5
HighRes TrueColor 2018 2m Graz - Kopie.png,4079,forestfragmentation,0.5423747897148132,14,12.571428571428571,13.857142857142858
HighRes TrueColor 2018 2m Graz - Kopie.png,4080,forestfragmentation,0.5294421911239624,13,47.46153846153846,54.0
HighRes TrueColor 2018 2m Graz - Kopie.png,4081,forestfragmentation,0.5224329829216003,13,50.07692307692308,33.0
HighRes TrueColor 2018 2m Graz - Kopie.png,4082,forestfragmentation,0.30832648277282715,9,60.111111111111114,39.0
HighRes TrueColor 2018 2m Graz - Kopie.png,4083,forestfragmentation,0.234114408493042,7,55.285714285714285,61.285714285714285
HighRes TrueColor 2018 2m Graz - Kopie.png,4084,forest,0.9384453296661377,4,31.5,31.5
HighRes TrueColor 2018 2m Graz - Kopie.png,4085,forestfragmentation,0.6480682492256165,15,49.13333333333333,47.46666666666667
HighRes TrueColor 2018 2m Graz - Kopie.png,4086,forestfragmentation,0.5235214233398438,18,53.27777777777778,29.944444444444443
HighRes TrueColor 2018 2m Graz - Kopie.png,4087,forestfragmentation,0.42101114988327026,7,51.285714285714285,4.428571428571429
HighRes TrueColor 2018 2m Graz - Kopie.png,4088,forestfragmentation,0.35779690742492676,14,42.5,5.571428571428571
HighRes TrueColor 2018 2m Graz - Kopie.png,4089,forestfragmentation,0.33514535427093506,15,20.8,28.066666666666666
HighRes TrueColor 2018 2m Graz - Kopie.png,4090,forestfragmentation,0.2957005500793457,6,59.166666666666664,46.333333333333336
HighRes TrueColor 2018 2m Graz - Kopie.png,4091,forestfragmentation,0.2747759222984314,6,35.833333333333336,44.666666666666664
HighRes TrueColor 2018 2m Graz - Kopie.png,4092,forestfragmentation,0.22665852308273315,6,25.833333333333332,1.0
HighRes TrueColor 2018 2m Graz - Kopie.png,4093,forestfragmentation,0.2185646891593933,5,53.2,56.6
HighRes TrueColor 2018 2m Graz - Kopie.png,4094,forestfragmentation,0.21100622415542603,6,2.6666666666666665,60.666666666666664
HighRes TrueColor 2018 2m Graz - Kopie.png,4095,forest,0.9384453296661377,4,31.5,31.5
HighRes TrueColor 2018 2m Graz - Kopie.png,4096,forestfragmentation,0.6480682492256165,15,49.13333333333333,47.46666666666667
HighRes TrueColor 2018 2m Graz - Kopie.png,4097,forestfragmentation,0.5235214233398438,18,53.27777777777778,29.944444444444443
HighRes TrueColor 2018 2m Graz - Kopie.png,4098,forestfragmentation,0.42101114988327026,7,51.285714285714285,4.428571428571429
HighRes TrueColor 2018 2m Graz - Kopie.png,4099,forestfragmentation,0.35779690742492676,14,42.5,5.571428571428571
HighRes TrueColor 2018 2m Graz - Kopie.png,4100,forestfragmentation,0.33514535427093506,15,20.8,28.066666666666666
HighRes TrueColor 2018 2m Graz - Kopie.png,4101,forestfragmentation,0.2957005500793457,6,59.166666666666664,46.333333333333336
HighRes TrueColor 2018 2m Graz - Kopie.png,4102,forestfragmentation,0.2747759222984314,6,35.833333333333336,44.666666666666664
HighRes TrueColor 2018 2m Graz - Kopie.png,4103,forestfragmentation,0.22665852308273315,6,25.833333333333332,1.0
HighRes TrueColor 2018 2m Graz - Kopie.png,4104,forestfragmentation,0.2185646891593933,5,53.2,56.6
HighRes TrueColor 2018 2m Graz - Kopie.png,4105,forestfragmentation,0.21100622415542603,6,2.6666666666666665,60.666666666666664
HighRes TrueColor 2018 2m Graz - Kopie.png,4106,forest,0.9618969559669495,4,31.5,31.5
HighRes TrueColor 2018 2m Graz - Kopie.png,4107,forestfragmentation,0.6124812364578247,16,15.5625,7.5625
HighRes TrueColor 2018 2m Graz - Kopie.png,4108,forestfragmentation,0.43975508213043213,12,23.833333333333332,34.0
HighRes TrueColor 2018 2m Graz - Kopie.png,4109,forestfragmentation,0.38631612062454224,4,3.5,30.5
HighRes TrueColor 2018 2m Graz - Kopie.png,4110,forest,0.9618969559669495,4,31.5,31.5
HighRes TrueColor 2018 2m Graz - Kopie.png,4111,forestfragmentation,0.6124812364578247,16,15.5625,7.5625
HighRes TrueColor 2018 2m Graz - Kopie.png,4112,forestfragmentation,0.43975508213043213,12,23.833333333333332,34.0
HighRes TrueColor 2018 2m Graz - Kopie.png,4113,forestfragmentation,0.38631612062454224,4,3.5,30.5
HighRes TrueColor 2018 2m Graz - Kopie.png,4114,forest,0.9362500905990601,4,31.5,31.5
HighRes TrueColor 2018 2m Graz - Kopie.png,4115,forestfragmentation,0.4254288077354431,6,16.666666666666668,2.8333333333333335
HighRes TrueColor 2018 2m Graz - Kopie.png,4116,forestfragmentation,0.35428786277770996,20,55.65,4.2
HighRes TrueColor 2018 2m Graz - Kopie.png,4117,forestfragmentation,0.3088861107826233,4,2.5,14.0
HighRes TrueColor 2018 2m Graz - Kopie.png,4118,forestfragmentation,0.2799651622772217,27,14.62962962962963,36.407407407407405
HighRes TrueColor 2018 2m Graz - Kopie.png,4119,forestfragmentation,0.278312623500824,6,35.0,9.0
HighRes TrueColor 2018 2m Graz - Kopie.png,4120,forestfragmentation,0.2733535170555115,7,47.714285714285715,38.285714285714285
HighRes TrueColor 2018 2m Graz - Kopie.png,4121,forestfragmentation,0.2440941333770752,17,25.0,38.294117647058826
HighRes TrueColor 2018 2m Graz - Kopie.png,4122,forestfragmentation,0.22673916816711426,15,20.066666666666666,16.6
HighRes TrueColor 2018 2m Graz - Kopie.png,4123,forest,0.9362500905990601,4,31.5,31.5
HighRes TrueColor 2018 2m Graz - Kopie.png,4124,forestfragmentation,0.4254288077354431,6,16.666666666666668,2.8333333333333335
HighRes TrueColor 2018 2m Graz - Kopie.png,4125,forestfragmentation,0.35428786277770996,20,55.65,4.2
HighRes TrueColor 2018 2m Graz - Kopie.png,4126,forestfragmentation,0.3088861107826233,4,2.5,14.0
HighRes TrueColor 2018 2m Graz - Kopie.png,4127,forestfragmentation,0.2799651622772217,27,14.62962962962963,36.407407407407405
HighRes TrueColor 2018 2m Graz - Kopie.png,4128,forestfragmentation,0.278312623500824,6,35.0,9.0
HighRes TrueColor 2018 2m Graz - Kopie.png,4129,forestfragmentation,0.2733535170555115,7,47.714285714285715,38.285714285714285
HighRes TrueColor 2018 2m Graz - Kopie.png,4130,forestfragmentation,0.2440941333770752,17,25.0,38.294117647058826
HighRes TrueColor 2018 2m Graz - Kopie.png,4131,forestfragmentation,0.22673916816711426,15,20.066666666666666,16.6
HighRes TrueColor 2018 2m Graz - Kopie.png,4132,forest,0.7100186347961426,25,12.68,15.16
HighRes TrueColor 2018 2m Graz - Kopie.png,4133,forestfragmentation,0.5774665474891663,7,45.57142857142857,58.285714285714285
HighRes TrueColor 2018 2m Graz - Kopie.png,4134,forest,0.4896697402000427,43,28.348837209302324,42.651162790697676
HighRes TrueColor 2018 2m Graz - Kopie.png,4135,forestfragmentation,0.3496719002723694,46,21.195652173913043,44.41304347826087
HighRes TrueColor 2018 2m Graz - Kopie.png,4136,forestfragmentation,0.3480549454689026,25,57.68,8.28
HighRes TrueColor 2018 2m Graz - Kopie.png,4137,forest,0.2751696705818176,16,8.125,1.625
HighRes TrueColor 2018 2m Graz - Kopie.png,4138,forest,0.23927563428878784,10,60.2,35.0
HighRes TrueColor 2018 2m Graz - Kopie.png,4139,forest,0.7100186347961426,25,12.68,15.16
HighRes TrueColor 2018 2m Graz - Kopie.png,4140,forestfragmentation,0.5774665474891663,7,45.57142857142857,58.285714285714285
HighRes TrueColor 2018 2m Graz - Kopie.png,4141,forest,0.4896697402000427,43,28.348837209302324,42.651162790697676
HighRes TrueColor 2018 2m Graz - Kopie.png,4142,forestfragmentation,0.3496719002723694,46,21.195652173913043,44.41304347826087
HighRes TrueColor 2018 2m Graz - Kopie.png,4143,forestfragmentation,0.3480549454689026,25,57.68,8.28
HighRes TrueColor 2018 2m Graz - Kopie.png,4144,forest,0.2751696705818176,16,8.125,1.625
HighRes TrueColor 2018 2m Graz - Kopie.png,4145,forest,0.23927563428878784,10,60.2,35.0
HighRes TrueColor 2018 2m Graz - Kopie.png,4146,forest,0.7892235517501831,11,12.545454545454545,48.45454545454545
HighRes TrueColor 2018 2m Graz - Kopie.png,4147,forestfragmentation,0.36171311140060425,36,8.944444444444445,8.416666666666666
HighRes TrueColor 2018 2m Graz - Kopie.png,4148,forestfragmentation,0.35815054178237915,10,8.2,38.9
HighRes TrueColor 2018 2m Graz - Kopie.png,4149,forestfragmentation,0.2010771632194519,5,62.0,57.2
HighRes TrueColor 2018 2m Graz - Kopie.png,4150,forest,0.7892235517501831,11,12.545454545454545,48.45454545454545
HighRes TrueColor 2018 2m Graz - Kopie.png,4151,forestfragmentation,0.36171311140060425,36,8.944444444444445,8.416666666666666
HighRes TrueColor 2018 2m Graz - Kopie.png,4152,forestfragmentation,0.35815054178237915,10,8.2,38.9
HighRes TrueColor 2018 2m Graz - Kopie.png,4153,forestfragmentation,0.2010771632194519,5,62.0,57.2
HighRes TrueColor 2018 2m Graz - Kopie.png,4154,forest,0.5997425317764282,4,31.5,39.5
HighRes TrueColor 2018 2m Graz - Kopie.png,4155,forestfragmentation,0.38068461418151855,17,16.235294117647058,57.76470588235294
HighRes TrueColor 2018 2m Graz - Kopie.png,4156,forestfragmentation,0.34940123558044434,16,48.125,33.1875
HighRes TrueColor 2018 2m Graz - Kopie.png,4157,forestfragmentation,0.3404041528701782,4,61.5,52.5
HighRes TrueColor 2018 2m Graz - Kopie.png,4158,forestfragmentation,0.28586578369140625,45,37.84444444444444,16.177777777777777
HighRes TrueColor 2018 2m Graz - Kopie.png,4159,forestfragmentation,0.26331913471221924,7,8.142857142857142,2.0
HighRes TrueColor 2018 2m Graz - Kopie.png,4160,forestfragmentation,0.20169097185134888,8,20.625,32.375
HighRes TrueColor 2018 2m Graz - Kopie.png,4161,forest,0.5997425317764282,4,31.5,39.5
HighRes TrueColor 2018 2m Graz - Kopie.png,4162,forestfragmentation,0.38068461418151855,17,16.235294117647058,57.76470588235294
HighRes TrueColor 2018 2m Graz - Kopie.png,4163,forestfragmentation,0.34940123558044434,16,48.125,33.1875
HighRes TrueColor 2018 2m Graz - Kopie.png,4164,forestfragmentation,0.3404041528701782,4,61.5,52.5
HighRes TrueColor 2018 2m Graz - Kopie.png,4165,forestfragmentation,0.28586578369140625,45,37.84444444444444,16.177777777777777
HighRes TrueColor 2018 2m Graz - Kopie.png,4166,forestfragmentation,0.26331913471221924,7,8.142857142857142,2.0
HighRes TrueColor 2018 2m Graz - Kopie.png,4167,forestfragmentation,0.20169097185134888,8,20.625,32.375
HighRes TrueColor 2018 2m Graz - Kopie.png,4168,forest,0.8122610449790955,25,22.44,8.16
HighRes TrueColor 2018 2m Graz - Kopie.png,4169,forestfragmentation,0.5847799777984619,10,47.5,2.1
HighRes TrueColor 2018 2m Graz - Kopie.png,4170,forestfragmentation,0.5834394097328186,40,41.6,34.6
HighRes TrueColor 2018 2m Graz - Kopie.png,4171,forestfragmentation,0.2644175887107849,9,30.444444444444443,10.88888888888889
HighRes TrueColor 2018 2m Graz - Kopie.png,4172,forest,0.8122610449790955,25,22.44,8.16
HighRes TrueColor 2018 2m Graz - Kopie.png,4173,forestfragmentation,0.5847799777984619,10,47.5,2.1
HighRes TrueColor 2018 2m Graz - Kopie.png,4174,forestfragmentation,0.5834394097328186,40,41.6,34.6
HighRes TrueColor 2018 2m Graz - Kopie.png,4175,forestfragmentation,0.2644175887107849,9,30.444444444444443,10.88888888888889
HighRes TrueColor 2018 2m Graz - Kopie.png,4176,forest,0.8680433034896851,51,41.05882352941177,49.0
HighRes TrueColor 2018 2m Graz - Kopie.png,4177,forestfragmentation,0.3177623152732849,26,58.42307692307692,18.692307692307693
HighRes TrueColor 2018 2m Graz - Kopie.png,4178,forestfragmentation,0.3073912262916565,6,50.5,36.666666666666664
HighRes TrueColor 2018 2m Graz - Kopie.png,4179,forestfragmentation,0.302851140499115,18,44.55555555555556,20.61111111111111
HighRes TrueColor 2018 2m Graz - Kopie.png,4180,forestfragmentation,0.2923276424407959,9,33.333333333333336,15.222222222222221
HighRes TrueColor 2018 2m Graz - Kopie.png,4181,forest,0.8680433034896851,51,41.05882352941177,49.0
HighRes TrueColor 2018 2m Graz - Kopie.png,4182,forestfragmentation,0.3177623152732849,26,58.42307692307692,18.692307692307693
HighRes TrueColor 2018 2m Graz - Kopie.png,4183,forestfragmentation,0.3073912262916565,6,50.5,36.666666666666664
HighRes TrueColor 2018 2m Graz - Kopie.png,4184,forestfragmentation,0.302851140499115,18,44.55555555555556,20.61111111111111
HighRes TrueColor 2018 2m Graz - Kopie.png,4185,forestfragmentation,0.2923276424407959,9,33.333333333333336,15.222222222222221
HighRes TrueColor 2018 2m Graz - Kopie.png,4186,forest,0.8131868839263916,39,22.41025641025641,46.1025641025641
HighRes TrueColor 2018 2m Graz - Kopie.png,4187,forestfragmentation,0.2484460473060608,25,9.4,17.64
HighRes TrueColor 2018 2m Graz - Kopie.png,4188,forest,0.8131868839263916,39,22.41025641025641,46.1025641025641
HighRes TrueColor 2018 2m Graz - Kopie.png,4189,forestfragmentation,0.2484460473060608,25,9.4,17.64
HighRes TrueColor 2018 2m Graz - Kopie.png,4190,forest,0.8248780369758606,74,10.094594594594595,42.513513513513516
HighRes TrueColor 2018 2m Graz - Kopie.png,4191,forestfragmentation,0.42811787128448486,9,58.888888888888886,53.666666666666664
HighRes TrueColor 2018 2m Graz - Kopie.png,4192,forestfragmentation,0.36842113733291626,19,53.94736842105263,21.42105263157895
HighRes TrueColor 2018 2m Graz - Kopie.png,4193,forestfragmentation,0.25659722089767456,8,60.25,3.75
HighRes TrueColor 2018 2m Graz - Kopie.png,4194,forestfragmentation,0.2331443428993225,11,55.36363636363637,61.09090909090909
HighRes TrueColor 2018 2m Graz - Kopie.png,4195,forest,0.8248780369758606,74,10.094594594594595,42.513513513513516
HighRes TrueColor 2018 2m Graz - Kopie.png,4196,forestfragmentation,0.42811787128448486,9,58.888888888888886,53.666666666666664
HighRes TrueColor 2018 2m Graz - Kopie.png,4197,forestfragmentation,0.36842113733291626,19,53.94736842105263,21.42105263157895
HighRes TrueColor 2018 2m Graz - Kopie.png,4198,forestfragmentation,0.25659722089767456,8,60.25,3.75
HighRes TrueColor 2018 2m Graz - Kopie.png,4199,forestfragmentation,0.2331443428993225,11,55.36363636363637,61.09090909090909
HighRes TrueColor 2018 2m Graz - Kopie.png,4200,forest,0.7584735155105591,141,23.93617021276596,28.829787234042552
HighRes TrueColor 2018 2m Graz - Kopie.png,4201,forestfragmentation,0.7305855751037598,14,36.285714285714285,54.357142857142854
HighRes TrueColor 2018 2m Graz - Kopie.png,4202,forestfragmentation,0.44224244356155396,61,40.31147540983606,40.0655737704918
HighRes TrueColor 2018 2m Graz - Kopie.png,4203,forest,0.7584735155105591,141,23.93617021276596,28.829787234042552
HighRes TrueColor 2018 2m Graz - Kopie.png,4204,forestfragmentation,0.7305855751037598,14,36.285714285714285,54.357142857142854
HighRes TrueColor 2018 2m Graz - Kopie.png,4205,forestfragmentation,0.44224244356155396,61,40.31147540983606,40.0655737704918
HighRes TrueColor 2018 2m Graz - Kopie.png,4206,forest,0.8919878602027893,114,20.19298245614035,27.25438596491228
HighRes TrueColor 2018 2m Graz - Kopie.png,4207,forestfragmentation,0.5798061490058899,9,13.88888888888889,28.333333333333332
HighRes TrueColor 2018 2m Graz - Kopie.png,4208,forestfragmentation,0.5127140283584595,28,16.678571428571427,23.928571428571427
HighRes TrueColor 2018 2m Graz - Kopie.png,4209,forest,0.37613892555236816,17,48.23529411764706,58.05882352941177
HighRes TrueColor 2018 2m Graz - Kopie.png,4210,forestfragmentation,0.3466131091117859,11,14.636363636363637,57.63636363636363
HighRes TrueColor 2018 2m Graz - Kopie.png,4211,forest,0.21521812677383423,14,48.214285714285715,2.2857142857142856
HighRes TrueColor 2018 2m Graz - Kopie.png,4212,forest,0.8919878602027893,114,20.19298245614035,27.25438596491228
HighRes TrueColor 2018 2m Graz - Kopie.png,4213,forestfragmentation,0.5798061490058899,9,13.88888888888889,28.333333333333332
HighRes TrueColor 2018 2m Graz - Kopie.png,4214,forestfragmentation,0.5127140283584595,28,16.678571428571427,23.928571428571427
HighRes TrueColor 2018 2m Graz - Kopie.png,4215,forest,0.37613892555236816,17,48.23529411764706,58.05882352941177
HighRes TrueColor 2018 2m Graz - Kopie.png,4216,forestfragmentation,0.3466131091117859,11,14.636363636363637,57.63636363636363
HighRes TrueColor 2018 2m Graz - Kopie.png,4217,forest,0.21521812677383423,14,48.214285714285715,2.2857142857142856
HighRes TrueColor 2018 2m Graz - Kopie.png,4218,forest,0.9271135926246643,134,27.074626865671643,26.91044776119403
HighRes TrueColor 2018 2m Graz - Kopie.png,4219,forestfragmentation,0.7029798626899719,32,50.21875,46.3125
HighRes TrueColor 2018 2m Graz - Kopie.png,4220,forestfragmentation,0.6391516327857971,26,32.11538461538461,53.0
HighRes TrueColor 2018 2m Graz - Kopie.png,4221,forest,0.9271135926246643,134,27.074626865671643,26.91044776119403
HighRes TrueColor 2018 2m Graz - Kopie.png,4222,forestfragmentation,0.7029798626899719,32,50.21875,46.3125
HighRes TrueColor 2018 2m Graz - Kopie.png,4223,forestfragmentation,0.6391516327857971,26,32.11538461538461,53.0
HighRes TrueColor 2018 2m Graz - Kopie.png,4224,forest,0.7518765330314636,19,8.157894736842104,58.21052631578947
HighRes TrueColor 2018 2m Graz - Kopie.png,4225,forest,0.7092009782791138,70,23.857142857142858,44.94285714285714
HighRes TrueColor 2018 2m Graz - Kopie.png,4226,forestfragmentation,0.6335849761962891,13,51.0,11.76923076923077
HighRes TrueColor 2018 2m Graz - Kopie.png,4227,forestfragmentation,0.4234933853149414,12,59.083333333333336,27.5
HighRes TrueColor 2018 2m Graz - Kopie.png,4228,forestfragmentation,0.4204726219177246,12,38.083333333333336,22.166666666666668
HighRes TrueColor 2018 2m Graz - Kopie.png,4229,forestfragmentation,0.222131609916687,21,55.23809523809524,46.76190476190476
HighRes TrueColor 2018 2m Graz - Kopie.png,4230,forest,0.7518765330314636,19,8.157894736842104,58.21052631578947
HighRes TrueColor 2018 2m Graz - Kopie.png,4231,forest,0.7092009782791138,70,23.857142857142858,44.94285714285714
HighRes TrueColor 2018 2m Graz - Kopie.png,4232,forestfragmentation,0.6335849761962891,13,51.0,11.76923076923077
HighRes TrueColor 2018 2m Graz - Kopie.png,4233,forestfragmentation,0.4234933853149414,12,59.083333333333336,27.5
HighRes TrueColor 2018 2m Graz - Kopie.png,4234,forestfragmentation,0.4204726219177246,12,38.083333333333336,22.166666666666668
HighRes TrueColor 2018 2m Graz - Kopie.png,4235,forestfragmentation,0.222131609916687,21,55.23809523809524,46.76190476190476
HighRes TrueColor 2018 2m Graz - Kopie.png,4236,forest,0.9159609079360962,24,46.541666666666664,30.708333333333332
HighRes TrueColor 2018 2m Graz - Kopie.png,4237,forestfragmentation,0.7907046675682068,37,13.91891891891892,28.81081081081081
HighRes TrueColor 2018 2m Graz - Kopie.png,4238,forestfragmentation,0.7799341082572937,36,51.083333333333336,51.69444444444444
HighRes TrueColor 2018 2m Graz - Kopie.png,4239,forestfragmentation,0.547450602054596,44,40.54545454545455,25.75
HighRes TrueColor 2018 2m Graz - Kopie.png,4240,forestfragmentation,0.4234556555747986,11,33.36363636363637,2.727272727272727
HighRes TrueColor 2018 2m Graz - Kopie.png,4241,forestfragmentation,0.33791327476501465,23,25.565217391304348,11.043478260869565
HighRes TrueColor 2018 2m Graz - Kopie.png,4242,forestfragmentation,0.2170361876487732,7,1.0,12.285714285714286
HighRes TrueColor 2018 2m Graz - Kopie.png,4243,forest,0.9159609079360962,24,46.541666666666664,30.708333333333332
HighRes TrueColor 2018 2m Graz - Kopie.png,4244,forestfragmentation,0.7907046675682068,37,13.91891891891892,28.81081081081081
HighRes TrueColor 2018 2m Graz - Kopie.png,4245,forestfragmentation,0.7799341082572937,36,51.083333333333336,51.69444444444444
HighRes TrueColor 2018 2m Graz - Kopie.png,4246,forestfragmentation,0.547450602054596,44,40.54545454545455,25.75
HighRes TrueColor 2018 2m Graz - Kopie.png,4247,forestfragmentation,0.4234556555747986,11,33.36363636363637,2.727272727272727
HighRes TrueColor 2018 2m Graz - Kopie.png,4248,forestfragmentation,0.33791327476501465,23,25.565217391304348,11.043478260869565
HighRes TrueColor 2018 2m Graz - Kopie.png,4249,forestfragmentation,0.2170361876487732,7,1.0,12.285714285714286
HighRes TrueColor 2018 2m Graz - Kopie.png,4250,forest,0.872179388999939,4,31.5,31.5
HighRes TrueColor 2018 2m Graz - Kopie.png,4251,forestfragmentation,0.46167004108428955,14,55.642857142857146,11.285714285714286
HighRes TrueColor 2018 2m Graz - Kopie.png,4252,forestfragmentation,0.4379841685295105,9,47.111111111111114,2.7777777777777777
HighRes TrueColor 2018 2m Graz - Kopie.png,4253,forestfragmentation,0.25842785835266113,11,58.0,32.63636363636363
HighRes TrueColor 2018 2m Graz - Kopie.png,4254,forestfragmentation,0.24267715215682983,11,39.81818181818182,61.45454545454545
HighRes TrueColor 2018 2m Graz - Kopie.png,4255,forestfragmentation,0.2282353639602661,6,12.166666666666666,31.666666666666668
HighRes TrueColor 2018 2m Graz - Kopie.png,4256,forestfragmentation,0.20935779809951782,18,4.5,47.611111111111114
HighRes TrueColor 2018 2m Graz - Kopie.png,4257,forest,0.872179388999939,4,31.5,31.5
HighRes TrueColor 2018 2m Graz - Kopie.png,4258,forestfragmentation,0.46167004108428955,14,55.642857142857146,11.285714285714286
HighRes TrueColor 2018 2m Graz - Kopie.png,4259,forestfragmentation,0.4379841685295105,9,47.111111111111114,2.7777777777777777
HighRes TrueColor 2018 2m Graz - Kopie.png,4260,forestfragmentation,0.25842785835266113,11,58.0,32.63636363636363
HighRes TrueColor 2018 2m Graz - Kopie.png,4261,forestfragmentation,0.24267715215682983,11,39.81818181818182,61.45454545454545
HighRes TrueColor 2018 2m Graz - Kopie.png,4262,forestfragmentation,0.2282353639602661,6,12.166666666666666,31.666666666666668
HighRes TrueColor 2018 2m Graz - Kopie.png,4263,forestfragmentation,0.20935779809951782,18,4.5,47.611111111111114
HighRes TrueColor 2018 2m Graz - Kopie.png,4264,forest,0.8999748229980469,4,31.5,31.5
HighRes TrueColor 2018 2m Graz - Kopie.png,4265,forestfragmentation,0.49555885791778564,11,4.090909090909091,11.909090909090908
HighRes TrueColor 2018 2m Graz - Kopie.png,4266,forestfragmentation,0.2898705005645752,7,54.57142857142857,14.285714285714286
HighRes TrueColor 2018 2m Graz - Kopie.png,4267,forestfragmentation,0.2809961438179016,9,14.555555555555555,15.444444444444445
HighRes TrueColor 2018 2m Graz - Kopie.png,4268,forestfragmentation,0.21675723791122437,5,31.4,58.6
HighRes TrueColor 2018 2m Graz - Kopie.png,4269,forestfragmentation,0.20395678281784058,15,59.333333333333336,44.2
HighRes TrueColor 2018 2m Graz - Kopie.png,4270,forest,0.8999748229980469,4,31.5,31.5
HighRes TrueColor 2018 2m Graz - Kopie.png,4271,forestfragmentation,0.49555885791778564,11,4.090909090909091,11.909090909090908
HighRes TrueColor 2018 2m Graz - Kopie.png,4272,forestfragmentation,0.2898705005645752,7,54.57142857142857,14.285714285714286
HighRes TrueColor 2018 2m Graz - Kopie.png,4273,forestfragmentation,0.2809961438179016,9,14.555555555555555,15.444444444444445
HighRes TrueColor 2018 2m Graz - Kopie.png,4274,forestfragmentation,0.21675723791122437,5,31.4,58.6
HighRes TrueColor 2018 2m Graz - Kopie.png,4275,forestfragmentation,0.20395678281784058,15,59.333333333333336,44.2
HighRes TrueColor 2018 2m Graz - Kopie.png,4276,forest,0.860683262348175,4,31.5,31.5
HighRes TrueColor 2018 2m Graz - Kopie.png,4277,forestfragmentation,0.4726226329803467,9,43.77777777777778,33.0
HighRes TrueColor 2018 2m Graz - Kopie.png,4278,forestfragmentation,0.44961869716644287,13,40.92307692307692,21.615384615384617
HighRes TrueColor 2018 2m Graz - Kopie.png,4279,forestfragmentation,0.22212332487106323,7,2.5714285714285716,14.285714285714286
HighRes TrueColor 2018 2m Graz - Kopie.png,4280,forest,0.860683262348175,4,31.5,31.5
HighRes TrueColor 2018 2m Graz - Kopie.png,4281,forestfragmentation,0.4726226329803467,9,43.77777777777778,33.0
HighRes TrueColor 2018 2m Graz - Kopie.png,4282,forestfragmentation,0.44961869716644287,13,40.92307692307692,21.615384615384617
HighRes TrueColor 2018 2m Graz - Kopie.png,4283,forestfragmentation,0.22212332487106323,7,2.5714285714285716,14.285714285714286
HighRes TrueColor 2018 2m Graz - Kopie.png,4284,forest,0.9299409985542297,19,7.947368421052632,29.105263157894736
HighRes TrueColor 2018 2m Graz - Kopie.png,4285,forestfragmentation,0.8116446733474731,15,13.266666666666667,36.6
HighRes TrueColor 2018 2m Graz - Kopie.png,4286,forestfragmentation,0.7806251049041748,11,25.90909090909091,51.81818181818182
HighRes TrueColor 2018 2m Graz - Kopie.png,4287,forestfragmentation,0.4749724268913269,20,30.7,42.0
HighRes TrueColor 2018 2m Graz - Kopie.png,4288,forestfragmentation,0.4728451371192932,16,38.1875,30.625
HighRes TrueColor 2018 2m Graz - Kopie.png,4289,forestfragmentation,0.42391735315322876,18,17.27777777777778,57.111111111111114
HighRes TrueColor 2018 2m Graz - Kopie.png,4290,forestfragmentation,0.40856611728668213,7,32.142857142857146,61.42857142857143
HighRes TrueColor 2018 2m Graz - Kopie.png,4291,forestfragmentation,0.3057475686073303,5,22.8,21.0
HighRes TrueColor 2018 2m Graz - Kopie.png,4292,forestfragmentation,0.30149024724960327,7,1.8571428571428572,56.57142857142857
HighRes TrueColor 2018 2m Graz - Kopie.png,4293,forestfragmentation,0.29737424850463867,8,15.375,48.25
HighRes TrueColor 2018 2m Graz - Kopie.png,4294,forestfragmentation,0.2866376042366028,7,54.714285714285715,18.428571428571427
HighRes TrueColor 2018 2m Graz - Kopie.png,4295,forestfragmentation,0.2508319616317749,9,59.333333333333336,60.55555555555556
HighRes TrueColor 2018 2m Graz - Kopie.png,4296,forestfragmentation,0.21371835470199585,6,46.833333333333336,12.666666666666666
HighRes TrueColor 2018 2m Graz - Kopie.png,4297,forestfragmentation,0.20693904161453247,10,58.9,35.3
HighRes TrueColor 2018 2m Graz - Kopie.png,4298,forest,0.9299409985542297,19,7.947368421052632,29.105263157894736
HighRes TrueColor 2018 2m Graz - Kopie.png,4299,forestfragmentation,0.8116446733474731,15,13.266666666666667,36.6
HighRes TrueColor 2018 2m Graz - Kopie.png,4300,forestfragmentation,0.7806251049041748,11,25.90909090909091,51.81818181818182
HighRes TrueColor 2018 2m Graz - Kopie.png,4301,forestfragmentation,0.4749724268913269,20,30.7,42.0
HighRes TrueColor 2018 2m Graz - Kopie.png,4302,forestfragmentation,0.4728451371192932,16,38.1875,30.625
HighRes TrueColor 2018 2m Graz - Kopie.png,4303,forestfragmentation,0.42391735315322876,18,17.27777777777778,57.111111111111114
HighRes TrueColor 2018 2m Graz - Kopie.png,4304,forestfragmentation,0.40856611728668213,7,32.142857142857146,61.42857142857143
HighRes TrueColor 2018 2m Graz - Kopie.png,4305,forestfragmentation,0.3057475686073303,5,22.8,21.0
HighRes TrueColor 2018 2m Graz - Kopie.png,4306,forestfragmentation,0.30149024724960327,7,1.8571428571428572,56.57142857142857
HighRes TrueColor 2018 2m Graz - Kopie.png,4307,forestfragmentation,0.29737424850463867,8,15.375,48.25
HighRes TrueColor 2018 2m Graz - Kopie.png,4308,forestfragmentation,0.2866376042366028,7,54.714285714285715,18.428571428571427
HighRes TrueColor 2018 2m Graz - Kopie.png,4309,forestfragmentation,0.2508319616317749,9,59.333333333333336,60.55555555555556
HighRes TrueColor 2018 2m Graz - Kopie.png,4310,forestfragmentation,0.21371835470199585,6,46.833333333333336,12.666666666666666
HighRes TrueColor 2018 2m Graz - Kopie.png,4311,forestfragmentation,0.20693904161453247,10,58.9,35.3
HighRes TrueColor 2018 2m Graz - Kopie.png,4312,forest,0.9220324754714966,4,31.5,31.5
HighRes TrueColor 2018 2m Graz - Kopie.png,4313,forestfragmentation,0.5830032825469971,24,38.25,34.75
HighRes TrueColor 2018 2m Graz - Kopie.png,4314,forestfragmentation,0.5531154274940491,8,46.375,6.125
HighRes TrueColor 2018 2m Graz - Kopie.png,4315,forestfragmentation,0.49581706523895264,55,52.345454545454544,19.618181818181817
HighRes TrueColor 2018 2m Graz - Kopie.png,4316,forestfragmentation,0.44147688150405884,21,15.142857142857142,49.095238095238095
HighRes TrueColor 2018 2m Graz - Kopie.png,4317,forestfragmentation,0.4158092141151428,8,22.625,11.625
HighRes TrueColor 2018 2m Graz - Kopie.png,4318,forestfragmentation,0.37087690830230713,9,2.3333333333333335,18.11111111111111
HighRes TrueColor 2018 2m Graz - Kopie.png,4319,forestfragmentation,0.29151880741119385,10,7.4,36.3
HighRes TrueColor 2018 2m Graz - Kopie.png,4320,forestfragmentation,0.20877861976623535,9,26.333333333333332,47.888888888888886
HighRes TrueColor 2018 2m Graz - Kopie.png,4321,forest,0.9220324754714966,4,31.5,31.5
HighRes TrueColor 2018 2m Graz - Kopie.png,4322,forestfragmentation,0.5830032825469971,24,38.25,34.75
HighRes TrueColor 2018 2m Graz - Kopie.png,4323,forestfragmentation,0.5531154274940491,8,46.375,6.125
HighRes TrueColor 2018 2m Graz - Kopie.png,4324,forestfragmentation,0.49581706523895264,55,52.345454545454544,19.618181818181817
HighRes TrueColor 2018 2m Graz - Kopie.png,4325,forestfragmentation,0.44147688150405884,21,15.142857142857142,49.095238095238095
HighRes TrueColor 2018 2m Graz - Kopie.png,4326,forestfragmentation,0.4158092141151428,8,22.625,11.625
HighRes TrueColor 2018 2m Graz - Kopie.png,4327,forestfragmentation,0.37087690830230713,9,2.3333333333333335,18.11111111111111
HighRes TrueColor 2018 2m Graz - Kopie.png,4328,forestfragmentation,0.29151880741119385,10,7.4,36.3
HighRes TrueColor 2018 2m Graz - Kopie.png,4329,forestfragmentation,0.20877861976623535,9,26.333333333333332,47.888888888888886
HighRes TrueColor 2018 2m Graz - Kopie.png,4330,forest,0.8812380433082581,70,40.27142857142857,38.0
HighRes TrueColor 2018 2m Graz - Kopie.png,4331,forestfragmentation,0.3670427203178406,47,18.19148936170213,39.48936170212766
HighRes TrueColor 2018 2m Graz - Kopie.png,4332,forestfragmentation,0.34972381591796875,14,35.214285714285715,58.714285714285715
HighRes TrueColor 2018 2m Graz - Kopie.png,4333,forestfragmentation,0.2932658791542053,12,33.25,51.083333333333336
HighRes TrueColor 2018 2m Graz - Kopie.png,4334,forestfragmentation,0.2836034893989563,6,34.833333333333336,36.666666666666664
HighRes TrueColor 2018 2m Graz - Kopie.png,4335,forestfragmentation,0.2593652606010437,6,62.0,5.833333333333333
HighRes TrueColor 2018 2m Graz - Kopie.png,4336,forest,0.8812380433082581,70,40.27142857142857,38.0
HighRes TrueColor 2018 2m Graz - Kopie.png,4337,forestfragmentation,0.3670427203178406,47,18.19148936170213,39.48936170212766
HighRes TrueColor 2018 2m Graz - Kopie.png,4338,forestfragmentation,0.34972381591796875,14,35.214285714285715,58.714285714285715
HighRes TrueColor 2018 2m Graz - Kopie.png,4339,forestfragmentation,0.2932658791542053,12,33.25,51.083333333333336
HighRes TrueColor 2018 2m Graz - Kopie.png,4340,forestfragmentation,0.2836034893989563,6,34.833333333333336,36.666666666666664
HighRes TrueColor 2018 2m Graz - Kopie.png,4341,forestfragmentation,0.2593652606010437,6,62.0,5.833333333333333
HighRes TrueColor 2018 2m Graz - Kopie.png,4342,forest,0.8424208760261536,57,40.64912280701754,43.91228070175438
HighRes TrueColor 2018 2m Graz - Kopie.png,4343,forestfragmentation,0.5918646454811096,19,14.68421052631579,6.157894736842105
HighRes TrueColor 2018 2m Graz - Kopie.png,4344,forestfragmentation,0.30888503789901733,10,3.3,21.0
HighRes TrueColor 2018 2m Graz - Kopie.png,4345,forestfragmentation,0.24251985549926758,27,41.44444444444444,3.740740740740741
HighRes TrueColor 2018 2m Graz - Kopie.png,4346,forestfragmentation,0.21418005228042603,9,34.0,19.22222222222222
HighRes TrueColor 2018 2m Graz - Kopie.png,4347,forestfragmentation,0.2005261778831482,4,61.5,1.0
HighRes TrueColor 2018 2m Graz - Kopie.png,4348,forest,0.8424208760261536,57,40.64912280701754,43.91228070175438
HighRes TrueColor 2018 2m Graz - Kopie.png,4349,forestfragmentation,0.5918646454811096,19,14.68421052631579,6.157894736842105
HighRes TrueColor 2018 2m Graz - Kopie.png,4350,forestfragmentation,0.30888503789901733,10,3.3,21.0
HighRes TrueColor 2018 2m Graz - Kopie.png,4351,forestfragmentation,0.24251985549926758,27,41.44444444444444,3.740740740740741
HighRes TrueColor 2018 2m Graz - Kopie.png,4352,forestfragmentation,0.21418005228042603,9,34.0,19.22222222222222
HighRes TrueColor 2018 2m Graz - Kopie.png,4353,forestfragmentation,0.2005261778831482,4,61.5,1.0
HighRes TrueColor 2018 2m Graz - Kopie.png,4354,forest,0.37655049562454224,31,58.87096774193548,50.483870967741936
HighRes TrueColor 2018 2m Graz - Kopie.png,4355,forestfragmentation,0.2948761582374573,5,61.4,1.0
HighRes TrueColor 2018 2m Graz - Kopie.png,4356,forestfragmentation,0.2793557643890381,17,21.941176470588236,49.705882352941174
HighRes TrueColor 2018 2m Graz - Kopie.png,4357,forestfragmentation,0.27490437030792236,6,50.333333333333336,2.6666666666666665
HighRes TrueColor 2018 2m Graz - Kopie.png,4358,forest,0.27267295122146606,8,26.125,2.375
HighRes TrueColor 2018 2m Graz - Kopie.png,4359,forestfragmentation,0.25193655490875244,6,36.333333333333336,61.5
HighRes TrueColor 2018 2m Graz - Kopie.png,4360,forest,0.24987190961837769,29,6.206896551724138,5.896551724137931
HighRes TrueColor 2018 2m Graz - Kopie.png,4361,forest,0.23238086700439453,110,50.054545454545455,40.64545454545455
HighRes TrueColor 2018 2m Graz - Kopie.png,4362,forest,0.37655049562454224,31,58.87096774193548,50.483870967741936
HighRes TrueColor 2018 2m Graz - Kopie.png,4363,forestfragmentation,0.2948761582374573,5,61.4,1.0
HighRes TrueColor 2018 2m Graz - Kopie.png,4364,forestfragmentation,0.2793557643890381,17,21.941176470588236,49.705882352941174
HighRes TrueColor 2018 2m Graz - Kopie.png,4365,forestfragmentation,0.27490437030792236,6,50.333333333333336,2.6666666666666665
HighRes TrueColor 2018 2m Graz - Kopie.png,4366,forest,0.27267295122146606,8,26.125,2.375
HighRes TrueColor 2018 2m Graz - Kopie.png,4367,forestfragmentation,0.25193655490875244,6,36.333333333333336,61.5
HighRes TrueColor 2018 2m Graz - Kopie.png,4368,forest,0.24987190961837769,29,6.206896551724138,5.896551724137931
HighRes TrueColor 2018 2m Graz - Kopie.png,4369,forest,0.23238086700439453,110,50.054545454545455,40.64545454545455
HighRes TrueColor 2018 2m Graz - Kopie.png,4370,forest,0.5109853744506836,79,31.139240506329113,25.9873417721519
HighRes TrueColor 2018 2m Graz - Kopie.png,4371,forestfragmentation,0.47060781717300415,8,50.375,45.875
HighRes TrueColor 2018 2m Graz - Kopie.png,4372,forest,0.456531286239624,16,48.9375,4.9375
HighRes TrueColor 2018 2m Graz - Kopie.png,4373,forestfragmentation,0.22419524192810059,16,14.0,29.25
HighRes TrueColor 2018 2m Graz - Kopie.png,4374,forest,0.5109853744506836,79,31.139240506329113,25.9873417721519
HighRes TrueColor 2018 2m Graz - Kopie.png,4375,forestfragmentation,0.47060781717300415,8,50.375,45.875
HighRes TrueColor 2018 2m Graz - Kopie.png,4376,forest,0.456531286239624,16,48.9375,4.9375
HighRes TrueColor 2018 2m Graz - Kopie.png,4377,forestfragmentation,0.22419524192810059,16,14.0,29.25
HighRes TrueColor 2018 2m Graz - Kopie.png,4378,forest,0.8709665536880493,110,23.772727272727273,15.763636363636364
HighRes TrueColor 2018 2m Graz - Kopie.png,4379,forestfragmentation,0.2646952271461487,11,45.81818181818182,41.0
HighRes TrueColor 2018 2m Graz - Kopie.png,4380,forest,0.8709665536880493,110,23.772727272727273,15.763636363636364
HighRes TrueColor 2018 2m Graz - Kopie.png,4381,forestfragmentation,0.2646952271461487,11,45.81818181818182,41.0
HighRes TrueColor 2018 2m Graz - Kopie.png,4382,forest,0.7768072485923767,48,19.791666666666668,16.708333333333332
HighRes TrueColor 2018 2m Graz - Kopie.png,4383,forestfragmentation,0.3059046268463135,10,36.4,41.1
HighRes TrueColor 2018 2m Graz - Kopie.png,4384,forest,0.7768072485923767,48,19.791666666666668,16.708333333333332
HighRes TrueColor 2018 2m Graz - Kopie.png,4385,forestfragmentation,0.3059046268463135,10,36.4,41.1
HighRes TrueColor 2018 2m Graz - Kopie.png,4386,forest,0.7768082618713379,74,19.56756756756757,35.83783783783784
HighRes TrueColor 2018 2m Graz - Kopie.png,4387,forest,0.4257415533065796,28,56.5,36.857142857142854
HighRes TrueColor 2018 2m Graz - Kopie.png,4388,forest,0.41854798793792725,25,57.44,52.56
HighRes TrueColor 2018 2m Graz - Kopie.png,4389,forest,0.37810128927230835,8,60.625,25.375
HighRes TrueColor 2018 2m Graz - Kopie.png,4390,forest,0.33158963918685913,88,38.09090909090909,12.113636363636363
HighRes TrueColor 2018 2m Graz - Kopie.png,4391,forestfragmentation,0.25316309928894043,11,38.36363636363637,3.090909090909091
HighRes TrueColor 2018 2m Graz - Kopie.png,4392,forestfragmentation,0.23267263174057007,5,46.0,10.2
HighRes TrueColor 2018 2m Graz - Kopie.png,4393,forestfragmentation,0.22765791416168213,4,43.5,1.0
HighRes TrueColor 2018 2m Graz - Kopie.png,4394,forestfragmentation,0.22249823808670044,7,15.857142857142858,3.2857142857142856
HighRes TrueColor 2018 2m Graz - Kopie.png,4395,forest,0.2015405297279358,16,10.1875,60.3125
HighRes TrueColor 2018 2m Graz - Kopie.png,4396,forestfragmentation,0.2009948492050171,6,24.333333333333332,28.666666666666668
HighRes TrueColor 2018 2m Graz - Kopie.png,4397,forest,0.7768082618713379,74,19.56756756756757,35.83783783783784
HighRes TrueColor 2018 2m Graz - Kopie.png,4398,forest,0.4257415533065796,28,56.5,36.857142857142854
HighRes TrueColor 2018 2m Graz - Kopie.png,4399,forest,0.41854798793792725,25,57.44,52.56
HighRes TrueColor 2018 2m Graz - Kopie.png,4400,forest,0.37810128927230835,8,60.625,25.375
HighRes TrueColor 2018 2m Graz - Kopie.png,4401,forest,0.33158963918685913,88,38.09090909090909,12.113636363636363
HighRes TrueColor 2018 2m Graz - Kopie.png,4402,forestfragmentation,0.25316309928894043,11,38.36363636363637,3.090909090909091
HighRes TrueColor 2018 2m Graz - Kopie.png,4403,forestfragmentation,0.23267263174057007,5,46.0,10.2
HighRes TrueColor 2018 2m Graz - Kopie.png,4404,forestfragmentation,0.22765791416168213,4,43.5,1.0
HighRes TrueColor 2018 2m Graz - Kopie.png,4405,forestfragmentation,0.22249823808670044,7,15.857142857142858,3.2857142857142856
HighRes TrueColor 2018 2m Graz - Kopie.png,4406,forest,0.2015405297279358,16,10.1875,60.3125
HighRes TrueColor 2018 2m Graz - Kopie.png,4407,forestfragmentation,0.2009948492050171,6,24.333333333333332,28.666666666666668
HighRes TrueColor 2018 2m Graz - Kopie.png,4408,forest,0.8585332036018372,197,36.69035532994924,24.700507614213198
HighRes TrueColor 2018 2m Graz - Kopie.png,4409,forestfragmentation,0.26706844568252563,10,44.8,57.2
HighRes TrueColor 2018 2m Graz - Kopie.png,4410,forestfragmentation,0.2648954391479492,40,55.0,46.175
HighRes TrueColor 2018 2m Graz - Kopie.png,4411,forest,0.8585332036018372,197,36.69035532994924,24.700507614213198
HighRes TrueColor 2018 2m Graz - Kopie.png,4412,forestfragmentation,0.26706844568252563,10,44.8,57.2
HighRes TrueColor 2018 2m Graz - Kopie.png,4413,forestfragmentation,0.2648954391479492,40,55.0,46.175
HighRes TrueColor 2018 2m Graz - Kopie.png,4414,forest,0.7310245037078857,133,39.21052631578947,27.518796992481203
HighRes TrueColor 2018 2m Graz - Kopie.png,4415,forestfragmentation,0.37888103723526,8,31.0,3.5
HighRes TrueColor 2018 2m Graz - Kopie.png,4416,forestfragmentation,0.26994943618774414,16,6.875,45.5
HighRes TrueColor 2018 2m Graz - Kopie.png,4417,forestfragmentation,0.23836016654968262,18,54.666666666666664,3.611111111111111
HighRes TrueColor 2018 2m Graz - Kopie.png,4418,forest,0.7310245037078857,133,39.21052631578947,27.518796992481203
HighRes TrueColor 2018 2m Graz - Kopie.png,4419,forestfragmentation,0.37888103723526,8,31.0,3.5
HighRes TrueColor 2018 2m Graz - Kopie.png,4420,forestfragmentation,0.26994943618774414,16,6.875,45.5
HighRes TrueColor 2018 2m Graz - Kopie.png,4421,forestfragmentation,0.23836016654968262,18,54.666666666666664,3.611111111111111
HighRes TrueColor 2018 2m Graz - Kopie.png,4422,forest,0.875482976436615,32,7.96875,9.09375
HighRes TrueColor 2018 2m Graz - Kopie.png,4423,forest,0.7766562104225159,34,15.294117647058824,49.44117647058823
HighRes TrueColor 2018 2m Graz - Kopie.png,4424,forestfragmentation,0.6725191473960876,29,56.44827586206897,34.793103448275865
HighRes TrueColor 2018 2m Graz - Kopie.png,4425,forest,0.5223153233528137,16,33.9375,55.3125
HighRes TrueColor 2018 2m Graz - Kopie.png,4426,forest,0.3697212338447571,13,55.38461538461539,59.84615384615385
HighRes TrueColor 2018 2m Graz - Kopie.png,4427,forestfragmentation,0.23380756378173828,7,60.142857142857146,13.142857142857142
HighRes TrueColor 2018 2m Graz - Kopie.png,4428,forestfragmentation,0.22858572006225586,6,41.833333333333336,6.666666666666667
HighRes TrueColor 2018 2m Graz - Kopie.png,4429,forest,0.21805238723754883,25,27.4,22.96
HighRes TrueColor 2018 2m Graz - Kopie.png,4430,forest,0.20741456747055054,106,47.235849056603776,32.867924528301884
HighRes TrueColor 2018 2m Graz - Kopie.png,4431,forest,0.875482976436615,32,7.96875,9.09375
HighRes TrueColor 2018 2m Graz - Kopie.png,4432,forest,0.7766562104225159,34,15.294117647058824,49.44117647058823
HighRes TrueColor 2018 2m Graz - Kopie.png,4433,forestfragmentation,0.6725191473960876,29,56.44827586206897,34.793103448275865
HighRes TrueColor 2018 2m Graz - Kopie.png,4434,forest,0.5223153233528137,16,33.9375,55.3125
HighRes TrueColor 2018 2m Graz - Kopie.png,4435,forest,0.3697212338447571,13,55.38461538461539,59.84615384615385
HighRes TrueColor 2018 2m Graz - Kopie.png,4436,forestfragmentation,0.23380756378173828,7,60.142857142857146,13.142857142857142
HighRes TrueColor 2018 2m Graz - Kopie.png,4437,forestfragmentation,0.22858572006225586,6,41.833333333333336,6.666666666666667
HighRes TrueColor 2018 2m Graz - Kopie.png,4438,forest,0.21805238723754883,25,27.4,22.96
HighRes TrueColor 2018 2m Graz - Kopie.png,4439,forest,0.20741456747055054,106,47.235849056603776,32.867924528301884
HighRes TrueColor 2018 2m Graz - Kopie.png,4440,forest,0.933159351348877,8,47.0,23.5
HighRes TrueColor 2018 2m Graz - Kopie.png,4441,forestfragmentation,0.8409775495529175,38,9.078947368421053,36.81578947368421
HighRes TrueColor 2018 2m Graz - Kopie.png,4442,forestfragmentation,0.46107274293899536,15,9.0,59.06666666666667
HighRes TrueColor 2018 2m Graz - Kopie.png,4443,forestfragmentation,0.41757386922836304,20,32.1,6.7
HighRes TrueColor 2018 2m Graz - Kopie.png,4444,forestfragmentation,0.3007492423057556,19,58.05263157894737,17.263157894736842
HighRes TrueColor 2018 2m Graz - Kopie.png,4445,forestfragmentation,0.27610427141189575,11,25.09090909090909,33.27272727272727
HighRes TrueColor 2018 2m Graz - Kopie.png,4446,forestfragmentation,0.2729114890098572,32,31.34375,26.875
HighRes TrueColor 2018 2m Graz - Kopie.png,4447,forestfragmentation,0.21844381093978882,8,13.0,13.0
HighRes TrueColor 2018 2m Graz - Kopie.png,4448,forestfragmentation,0.20114082098007202,10,48.2,50.2
HighRes TrueColor 2018 2m Graz - Kopie.png,4449,forest,0.933159351348877,8,47.0,23.5
HighRes TrueColor 2018 2m Graz - Kopie.png,4450,forestfragmentation,0.8409775495529175,38,9.078947368421053,36.81578947368421
HighRes TrueColor 2018 2m Graz - Kopie.png,4451,forestfragmentation,0.46107274293899536,15,9.0,59.06666666666667
HighRes TrueColor 2018 2m Graz - Kopie.png,4452,forestfragmentation,0.41757386922836304,20,32.1,6.7
HighRes TrueColor 2018 2m Graz - Kopie.png,4453,forestfragmentation,0.3007492423057556,19,58.05263157894737,17.263157894736842
HighRes TrueColor 2018 2m Graz - Kopie.png,4454,forestfragmentation,0.27610427141189575,11,25.09090909090909,33.27272727272727
HighRes TrueColor 2018 2m Graz - Kopie.png,4455,forestfragmentation,0.2729114890098572,32,31.34375,26.875
HighRes TrueColor 2018 2m Graz - Kopie.png,4456,forestfragmentation,0.21844381093978882,8,13.0,13.0
HighRes TrueColor 2018 2m Graz - Kopie.png,4457,forestfragmentation,0.20114082098007202,10,48.2,50.2
HighRes TrueColor 2018 2m Graz - Kopie.png,4458,forest,0.9009100794792175,14,36.42857142857143,44.857142857142854
HighRes TrueColor 2018 2m Graz - Kopie.png,4459,forestfragmentation,0.5121726989746094,15,40.266666666666666,11.133333333333333
HighRes TrueColor 2018 2m Graz - Kopie.png,4460,forestfragmentation,0.2964705228805542,7,16.285714285714285,61.714285714285715
HighRes TrueColor 2018 2m Graz - Kopie.png,4461,forestfragmentation,0.2643786072731018,19,26.63157894736842,56.78947368421053
HighRes TrueColor 2018 2m Graz - Kopie.png,4462,forestfragmentation,0.2510632276535034,5,29.6,43.0
HighRes TrueColor 2018 2m Graz - Kopie.png,4463,forest,0.9009100794792175,14,36.42857142857143,44.857142857142854
HighRes TrueColor 2018 2m Graz - Kopie.png,4464,forestfragmentation,0.5121726989746094,15,40.266666666666666,11.133333333333333
HighRes TrueColor 2018 2m Graz - Kopie.png,4465,forestfragmentation,0.2964705228805542,7,16.285714285714285,61.714285714285715
HighRes TrueColor 2018 2m Graz - Kopie.png,4466,forestfragmentation,0.2643786072731018,19,26.63157894736842,56.78947368421053
HighRes TrueColor 2018 2m Graz - Kopie.png,4467,forestfragmentation,0.2510632276535034,5,29.6,43.0
HighRes TrueColor 2018 2m Graz - Kopie.png,4468,forest,0.9242358803749084,37,42.13513513513514,35.810810810810814
HighRes TrueColor 2018 2m Graz - Kopie.png,4469,forestfragmentation,0.3444957733154297,11,48.09090909090909,40.0
HighRes TrueColor 2018 2m Graz - Kopie.png,4470,forestfragmentation,0.3435947895050049,13,29.0,41.07692307692308
HighRes TrueColor 2018 2m Graz - Kopie.png,4471,forestfragmentation,0.21480649709701538,7,32.0,19.857142857142858
HighRes TrueColor 2018 2m Graz - Kopie.png,4472,forest,0.9242358803749084,37,42.13513513513514,35.810810810810814
HighRes TrueColor 2018 2m Graz - Kopie.png,4473,forestfragmentation,0.3444957733154297,11,48.09090909090909,40.0
HighRes TrueColor 2018 2m Graz - Kopie.png,4474,forestfragmentation,0.3435947895050049,13,29.0,41.07692307692308
HighRes TrueColor 2018 2m Graz - Kopie.png,4475,forestfragmentation,0.21480649709701538,7,32.0,19.857142857142858
HighRes TrueColor 2018 2m Graz - Kopie.png,4476,forestfragmentation,0.620576024055481,12,55.666666666666664,14.166666666666666
HighRes TrueColor 2018 2m Graz - Kopie.png,4477,forest,0.46295416355133057,15,3.4,42.93333333333333
HighRes TrueColor 2018 2m Graz - Kopie.png,4478,forestfragmentation,0.3967404365539551,9,49.333333333333336,25.11111111111111
HighRes TrueColor 2018 2m Graz - Kopie.png,4479,forestfragmentation,0.30870336294174194,14,30.785714285714285,23.0
HighRes TrueColor 2018 2m Graz - Kopie.png,4480,forestfragmentation,0.21366852521896362,7,30.285714285714285,18.428571428571427
HighRes TrueColor 2018 2m Graz - Kopie.png,4481,forestfragmentation,0.620576024055481,12,55.666666666666664,14.166666666666666
HighRes TrueColor 2018 2m Graz - Kopie.png,4482,forest,0.46295416355133057,15,3.4,42.93333333333333
HighRes TrueColor 2018 2m Graz - Kopie.png,4483,forestfragmentation,0.3967404365539551,9,49.333333333333336,25.11111111111111
HighRes TrueColor 2018 2m Graz - Kopie.png,4484,forestfragmentation,0.30870336294174194,14,30.785714285714285,23.0
HighRes TrueColor 2018 2m Graz - Kopie.png,4485,forestfragmentation,0.21366852521896362,7,30.285714285714285,18.428571428571427
HighRes TrueColor 2018 2m Graz - Kopie.png,4486,forest,0.8992308378219604,13,52.84615384615385,32.38461538461539
HighRes TrueColor 2018 2m Graz - Kopie.png,4487,forestfragmentation,0.6872835159301758,13,3.769230769230769,13.692307692307692
HighRes TrueColor 2018 2m Graz - Kopie.png,4488,forestfragmentation,0.6177151203155518,26,15.346153846153847,6.076923076923077
HighRes TrueColor 2018 2m Graz - Kopie.png,4489,forestfragmentation,0.5196217894554138,13,29.53846153846154,59.30769230769231
HighRes TrueColor 2018 2m Graz - Kopie.png,4490,forestfragmentation,0.4330946207046509,8,1.75,4.0
HighRes TrueColor 2018 2m Graz - Kopie.png,4491,forestfragmentation,0.39343589544296265,13,33.53846153846154,10.538461538461538
HighRes TrueColor 2018 2m Graz - Kopie.png,4492,forestfragmentation,0.37031328678131104,6,20.5,58.333333333333336
HighRes TrueColor 2018 2m Graz - Kopie.png,4493,forestfragmentation,0.3633112907409668,8,17.75,44.875
HighRes TrueColor 2018 2m Graz - Kopie.png,4494,forestfragmentation,0.32549625635147095,15,28.266666666666666,40.46666666666667
HighRes TrueColor 2018 2m Graz - Kopie.png,4495,forestfragmentation,0.3145960569381714,13,26.384615384615383,18.076923076923077
HighRes TrueColor 2018 2m Graz - Kopie.png,4496,forestfragmentation,0.2857837677001953,4,36.5,52.0
HighRes TrueColor 2018 2m Graz - Kopie.png,4497,forestfragmentation,0.26989078521728516,7,52.714285714285715,33.42857142857143
HighRes TrueColor 2018 2m Graz - Kopie.png,4498,forestfragmentation,0.24140334129333496,11,59.18181818181818,11.545454545454545
HighRes TrueColor 2018 2m Graz - Kopie.png,4499,forest,0.8992308378219604,13,52.84615384615385,32.38461538461539
HighRes TrueColor 2018 2m Graz - Kopie.png,4500,forestfragmentation,0.6872835159301758,13,3.769230769230769,13.692307692307692
HighRes TrueColor 2018 2m Graz - Kopie.png,4501,forestfragmentation,0.6177151203155518,26,15.346153846153847,6.076923076923077
HighRes TrueColor 2018 2m Graz - Kopie.png,4502,forestfragmentation,0.5196217894554138,13,29.53846153846154,59.30769230769231
HighRes TrueColor 2018 2m Graz - Kopie.png,4503,forestfragmentation,0.4330946207046509,8,1.75,4.0
HighRes TrueColor 2018 2m Graz - Kopie.png,4504,forestfragmentation,0.39343589544296265,13,33.53846153846154,10.538461538461538
HighRes TrueColor 2018 2m Graz - Kopie.png,4505,forestfragmentation,0.37031328678131104,6,20.5,58.333333333333336
HighRes TrueColor 2018 2m Graz - Kopie.png,4506,forestfragmentation,0.3633112907409668,8,17.75,44.875
HighRes TrueColor 2018 2m Graz - Kopie.png,4507,forestfragmentation,0.32549625635147095,15,28.266666666666666,40.46666666666667
HighRes TrueColor 2018 2m Graz - Kopie.png,4508,forestfragmentation,0.3145960569381714,13,26.384615384615383,18.076923076923077
HighRes TrueColor 2018 2m Graz - Kopie.png,4509,forestfragmentation,0.2857837677001953,4,36.5,52.0
HighRes TrueColor 2018 2m Graz - Kopie.png,4510,forestfragmentation,0.26989078521728516,7,52.714285714285715,33.42857142857143
HighRes TrueColor 2018 2m Graz - Kopie.png,4511,forestfragmentation,0.24140334129333496,11,59.18181818181818,11.545454545454545
HighRes TrueColor 2018 2m Graz - Kopie.png,4512,forest,0.8614438772201538,4,31.5,31.5
HighRes TrueColor 2018 2m Graz - Kopie.png,4513,forestfragmentation,0.5473830699920654,15,48.53333333333333,59.266666666666666
HighRes TrueColor 2018 2m Graz - Kopie.png,4514,forestfragmentation,0.5229164361953735,7,25.571428571428573,39.714285714285715
HighRes TrueColor 2018 2m Graz - Kopie.png,4515,forestfragmentation,0.3648926615715027,16,10.5625,29.0
HighRes TrueColor 2018 2m Graz - Kopie.png,4516,forestfragmentation,0.3551087975502014,25,47.16,42.72
HighRes TrueColor 2018 2m Graz - Kopie.png,4517,forestfragmentation,0.3312916159629822,9,18.0,2.5555555555555554
HighRes TrueColor 2018 2m Graz - Kopie.png,4518,forestfragmentation,0.27654606103897095,16,34.5625,4.75
HighRes TrueColor 2018 2m Graz - Kopie.png,4519,forestfragmentation,0.24505293369293213,4,61.5,50.5
HighRes TrueColor 2018 2m Graz - Kopie.png,4520,forest,0.8614438772201538,4,31.5,31.5
HighRes TrueColor 2018 2m Graz - Kopie.png,4521,forestfragmentation,0.5473830699920654,15,48.53333333333333,59.266666666666666
HighRes TrueColor 2018 2m Graz - Kopie.png,4522,forestfragmentation,0.5229164361953735,7,25.571428571428573,39.714285714285715
HighRes TrueColor 2018 2m Graz - Kopie.png,4523,forestfragmentation,0.3648926615715027,16,10.5625,29.0
HighRes TrueColor 2018 2m Graz - Kopie.png,4524,forestfragmentation,0.3551087975502014,25,47.16,42.72
HighRes TrueColor 2018 2m Graz - Kopie.png,4525,forestfragmentation,0.3312916159629822,9,18.0,2.5555555555555554
HighRes TrueColor 2018 2m Graz - Kopie.png,4526,forestfragmentation,0.27654606103897095,16,34.5625,4.75
HighRes TrueColor 2018 2m Graz - Kopie.png,4527,forestfragmentation,0.24505293369293213,4,61.5,50.5
HighRes TrueColor 2018 2m Graz - Kopie.png,4528,forest,0.5668943524360657,154,33.23376623376623,24.948051948051948
HighRes TrueColor 2018 2m Graz - Kopie.png,4529,forestfragmentation,0.4410102963447571,13,8.307692307692308,60.69230769230769
HighRes TrueColor 2018 2m Graz - Kopie.png,4530,forestfragmentation,0.253181517124176,9,6.222222222222222,27.444444444444443
HighRes TrueColor 2018 2m Graz - Kopie.png,4531,forestfragmentation,0.213495671749115,8,12.0,4.5
HighRes TrueColor 2018 2m Graz - Kopie.png,4532,forest,0.5668943524360657,154,33.23376623376623,24.948051948051948
HighRes TrueColor 2018 2m Graz - Kopie.png,4533,forestfragmentation,0.4410102963447571,13,8.307692307692308,60.69230769230769
HighRes TrueColor 2018 2m Graz - Kopie.png,4534,forestfragmentation,0.253181517124176,9,6.222222222222222,27.444444444444443
HighRes TrueColor 2018 2m Graz - Kopie.png,4535,forestfragmentation,0.213495671749115,8,12.0,4.5
HighRes TrueColor 2018 2m Graz - Kopie.png,4536,forest,0.7429383397102356,110,22.827272727272728,30.045454545454547
HighRes TrueColor 2018 2m Graz - Kopie.png,4537,forestfragmentation,0.2577235698699951,11,39.45454545454545,21.636363636363637
HighRes TrueColor 2018 2m Graz - Kopie.png,4538,forest,0.7429383397102356,110,22.827272727272728,30.045454545454547
HighRes TrueColor 2018 2m Graz - Kopie.png,4539,forestfragmentation,0.2577235698699951,11,39.45454545454545,21.636363636363637
HighRes TrueColor 2018 2m Graz - Kopie.png,4540,forest,0.6496118307113647,4,31.5,31.5
HighRes TrueColor 2018 2m Graz - Kopie.png,4541,forestfragmentation,0.26670151948928833,15,49.666666666666664,53.13333333333333
HighRes TrueColor 2018 2m Graz - Kopie.png,4542,forestfragmentation,0.21459966897964478,16,51.9375,41.4375
HighRes TrueColor 2018 2m Graz - Kopie.png,4543,forest,0.6496118307113647,4,31.5,31.5
HighRes TrueColor 2018 2m Graz - Kopie.png,4544,forestfragmentation,0.26670151948928833,15,49.666666666666664,53.13333333333333
HighRes TrueColor 2018 2m Graz - Kopie.png,4545,forestfragmentation,0.21459966897964478,16,51.9375,41.4375
HighRes TrueColor 2018 2m Graz - Kopie.png,4546,forest,0.8342241644859314,37,26.72972972972973,10.0
HighRes TrueColor 2018 2m Graz - Kopie.png,4547,forestfragmentation,0.2224903702735901,15,19.8,41.06666666666667
HighRes TrueColor 2018 2m Graz - Kopie.png,4548,forest,0.8342241644859314,37,26.72972972972973,10.0
HighRes TrueColor 2018 2m Graz - Kopie.png,4549,forestfragmentation,0.2224903702735901,15,19.8,41.06666666666667
HighRes TrueColor 2018 2m Graz - Kopie.png,4550,forest,0.7742281556129456,62,34.96774193548387,45.03225806451613
HighRes TrueColor 2018 2m Graz - Kopie.png,4551,forest,0.7742281556129456,62,34.96774193548387,45.03225806451613
HighRes TrueColor 2018 2m Graz - Kopie.png,4552,forest,0.8707777857780457,70,41.542857142857144,46.885714285714286
HighRes TrueColor 2018 2m Graz - Kopie.png,4553,forestfragmentation,0.20947057008743286,40,46.025,52.425
HighRes TrueColor 2018 2m Graz - Kopie.png,4554,forest,0.8707777857780457,70,41.542857142857144,46.885714285714286
HighRes TrueColor 2018 2m Graz - Kopie.png,4555,forestfragmentation,0.20947057008743286,40,46.025,52.425
HighRes TrueColor 2018 2m Graz - Kopie.png,4556,forest,0.6130722761154175,35,15.885714285714286,14.428571428571429
HighRes TrueColor 2018 2m Graz - Kopie.png,4557,forest,0.5161686539649963,17,58.76470588235294,6.0
HighRes TrueColor 2018 2m Graz - Kopie.png,4558,forest,0.4403541088104248,19,28.263157894736842,4.2631578947368425
HighRes TrueColor 2018 2m Graz - Kopie.png,4559,forest,0.414375364780426,66,14.833333333333334,47.84848484848485
HighRes TrueColor 2018 2m Graz - Kopie.png,4560,forestfragmentation,0.3601410984992981,6,15.666666666666666,61.666666666666664
HighRes TrueColor 2018 2m Graz - Kopie.png,4561,forest,0.6130722761154175,35,15.885714285714286,14.428571428571429
HighRes TrueColor 2018 2m Graz - Kopie.png,4562,forest,0.5161686539649963,17,58.76470588235294,6.0
HighRes TrueColor 2018 2m Graz - Kopie.png,4563,forest,0.4403541088104248,19,28.263157894736842,4.2631578947368425
HighRes TrueColor 2018 2m Graz - Kopie.png,4564,forest,0.414375364780426,66,14.833333333333334,47.84848484848485
HighRes TrueColor 2018 2m Graz - Kopie.png,4565,forestfragmentation,0.3601410984992981,6,15.666666666666666,61.666666666666664
HighRes TrueColor 2018 2m Graz - Kopie.png,4566,forest,0.7455649971961975,121,29.305785123966942,22.09090909090909
HighRes TrueColor 2018 2m Graz - Kopie.png,4567,forestfragmentation,0.6690750122070312,27,49.81481481481482,15.37037037037037
HighRes TrueColor 2018 2m Graz - Kopie.png,4568,forestfragmentation,0.6688619256019592,8,53.5,4.625
HighRes TrueColor 2018 2m Graz - Kopie.png,4569,forest,0.7455649971961975,121,29.305785123966942,22.09090909090909
HighRes TrueColor 2018 2m Graz - Kopie.png,4570,forestfragmentation,0.6690750122070312,27,49.81481481481482,15.37037037037037
HighRes TrueColor 2018 2m Graz - Kopie.png,4571,forestfragmentation,0.6688619256019592,8,53.5,4.625
HighRes TrueColor 2018 2m Graz - Kopie.png,4572,forest,0.9466794729232788,115,36.08695652173913,35.22608695652174
HighRes TrueColor 2018 2m Graz - Kopie.png,4573,forestfragmentation,0.5939763784408569,10,57.3,54.1
HighRes TrueColor 2018 2m Graz - Kopie.png,4574,forestfragmentation,0.5064042806625366,35,50.42857142857143,28.114285714285714
HighRes TrueColor 2018 2m Graz - Kopie.png,4575,forestfragmentation,0.49435532093048096,6,3.0,5.0
HighRes TrueColor 2018 2m Graz - Kopie.png,4576,forestfragmentation,0.49289703369140625,9,59.888888888888886,45.111111111111114
HighRes TrueColor 2018 2m Graz - Kopie.png,4577,forestfragmentation,0.48927485942840576,19,14.842105263157896,17.42105263157895
HighRes TrueColor 2018 2m Graz - Kopie.png,4578,forestfragmentation,0.43942105770111084,13,15.23076923076923,50.30769230769231
HighRes TrueColor 2018 2m Graz - Kopie.png,4579,forestfragmentation,0.27639806270599365,5,13.8,2.2
HighRes TrueColor 2018 2m Graz - Kopie.png,4580,forestfragmentation,0.26631176471710205,14,5.428571428571429,48.357142857142854
HighRes TrueColor 2018 2m Graz - Kopie.png,4581,forest,0.9466794729232788,115,36.08695652173913,35.22608695652174
HighRes TrueColor 2018 2m Graz - Kopie.png,4582,forestfragmentation,0.5939763784408569,10,57.3,54.1
HighRes TrueColor 2018 2m Graz - Kopie.png,4583,forestfragmentation,0.5064042806625366,35,50.42857142857143,28.114285714285714
HighRes TrueColor 2018 2m Graz - Kopie.png,4584,forestfragmentation,0.49435532093048096,6,3.0,5.0
HighRes TrueColor 2018 2m Graz - Kopie.png,4585,forestfragmentation,0.49289703369140625,9,59.888888888888886,45.111111111111114
HighRes TrueColor 2018 2m Graz - Kopie.png,4586,forestfragmentation,0.48927485942840576,19,14.842105263157896,17.42105263157895
HighRes TrueColor 2018 2m Graz - Kopie.png,4587,forestfragmentation,0.43942105770111084,13,15.23076923076923,50.30769230769231
HighRes TrueColor 2018 2m Graz - Kopie.png,4588,forestfragmentation,0.27639806270599365,5,13.8,2.2
HighRes TrueColor 2018 2m Graz - Kopie.png,4589,forestfragmentation,0.26631176471710205,14,5.428571428571429,48.357142857142854
HighRes TrueColor 2018 2m Graz - Kopie.png,4590,forest,0.731023907661438,29,11.137931034482758,10.586206896551724
HighRes TrueColor 2018 2m Graz - Kopie.png,4591,forestfragmentation,0.655829131603241,12,8.5,45.083333333333336
HighRes TrueColor 2018 2m Graz - Kopie.png,4592,forestfragmentation,0.5375121235847473,19,5.368421052631579,32.73684210526316
HighRes TrueColor 2018 2m Graz - Kopie.png,4593,forest,0.5248943567276001,36,55.0,48.25
HighRes TrueColor 2018 2m Graz - Kopie.png,4594,forest,0.472988486289978,11,34.0,4.2727272727272725
HighRes TrueColor 2018 2m Graz - Kopie.png,4595,forestfragmentation,0.3827108144760132,16,7.8125,56.875
HighRes TrueColor 2018 2m Graz - Kopie.png,4596,forestfragmentation,0.2702215313911438,6,21.0,52.833333333333336
HighRes TrueColor 2018 2m Graz - Kopie.png,4597,forest,0.23573732376098633,89,24.808988764044944,41.42696629213483
HighRes TrueColor 2018 2m Graz - Kopie.png,4598,forest,0.731023907661438,29,11.137931034482758,10.586206896551724
HighRes TrueColor 2018 2m Graz - Kopie.png,4599,forestfragmentation,0.655829131603241,12,8.5,45.083333333333336
HighRes TrueColor 2018 2m Graz - Kopie.png,4600,forestfragmentation,0.5375121235847473,19,5.368421052631579,32.73684210526316
HighRes TrueColor 2018 2m Graz - Kopie.png,4601,forest,0.5248943567276001,36,55.0,48.25
HighRes TrueColor 2018 2m Graz - Kopie.png,4602,forest,0.472988486289978,11,34.0,4.2727272727272725
HighRes TrueColor 2018 2m Graz - Kopie.png,4603,forestfragmentation,0.3827108144760132,16,7.8125,56.875
HighRes TrueColor 2018 2m Graz - Kopie.png,4604,forestfragmentation,0.2702215313911438,6,21.0,52.833333333333336
HighRes TrueColor 2018 2m Graz - Kopie.png,4605,forest,0.23573732376098633,89,24.808988764044944,41.42696629213483
HighRes TrueColor 2018 2m Graz - Kopie.png,4606,forest,0.7112454175949097,12,28.083333333333332,32.666666666666664
HighRes TrueColor 2018 2m Graz - Kopie.png,4607,forestfragmentation,0.6350717544555664,8,50.625,42.125
HighRes TrueColor 2018 2m Graz - Kopie.png,4608,forestfragmentation,0.5952426195144653,14,58.857142857142854,47.07142857142857
HighRes TrueColor 2018 2m Graz - Kopie.png,4609,forest,0.41330093145370483,35,16.457142857142856,7.6
HighRes TrueColor 2018 2m Graz - Kopie.png,4610,forestfragmentation,0.370796799659729,26,20.307692307692307,25.26923076923077
HighRes TrueColor 2018 2m Graz - Kopie.png,4611,forestfragmentation,0.22968930006027222,6,61.5,55.0
HighRes TrueColor 2018 2m Graz - Kopie.png,4612,forestfragmentation,0.22768408060073853,17,14.941176470588236,47.8235294117647
HighRes TrueColor 2018 2m Graz - Kopie.png,4613,forestfragmentation,0.20979082584381104,7,59.285714285714285,30.571428571428573
HighRes TrueColor 2018 2m Graz - Kopie.png,4614,forest,0.7112454175949097,12,28.083333333333332,32.666666666666664
HighRes TrueColor 2018 2m Graz - Kopie.png,4615,forestfragmentation,0.6350717544555664,8,50.625,42.125
HighRes TrueColor 2018 2m Graz - Kopie.png,4616,forestfragmentation,0.5952426195144653,14,58.857142857142854,47.07142857142857
HighRes TrueColor 2018 2m Graz - Kopie.png,4617,forest,0.41330093145370483,35,16.457142857142856,7.6
HighRes TrueColor 2018 2m Graz - Kopie.png,4618,forestfragmentation,0.370796799659729,26,20.307692307692307,25.26923076923077
HighRes TrueColor 2018 2m Graz - Kopie.png,4619,forestfragmentation,0.22968930006027222,6,61.5,55.0
HighRes TrueColor 2018 2m Graz - Kopie.png,4620,forestfragmentation,0.22768408060073853,17,14.941176470588236,47.8235294117647
HighRes TrueColor 2018 2m Graz - Kopie.png,4621,forestfragmentation,0.20979082584381104,7,59.285714285714285,30.571428571428573
HighRes TrueColor 2018 2m Graz - Kopie.png,4622,forest,0.9464414715766907,36,50.55555555555556,13.88888888888889
HighRes TrueColor 2018 2m Graz - Kopie.png,4623,forestfragmentation,0.6443297863006592,9,6.0,46.22222222222222
HighRes TrueColor 2018 2m Graz - Kopie.png,4624,forestfragmentation,0.5702071189880371,15,59.266666666666666,46.0
HighRes TrueColor 2018 2m Graz - Kopie.png,4625,forestfragmentation,0.5024697780609131,33,35.84848484848485,45.72727272727273
HighRes TrueColor 2018 2m Graz - Kopie.png,4626,forestfragmentation,0.4526844620704651,9,16.555555555555557,10.222222222222221
HighRes TrueColor 2018 2m Graz - Kopie.png,4627,forestfragmentation,0.42754632234573364,6,49.0,47.0
HighRes TrueColor 2018 2m Graz - Kopie.png,4628,forestfragmentation,0.3726194500923157,8,10.375,55.25
HighRes TrueColor 2018 2m Graz - Kopie.png,4629,forestfragmentation,0.3648614287376404,11,49.0,38.0
HighRes TrueColor 2018 2m Graz - Kopie.png,4630,forestfragmentation,0.2924792766571045,14,23.214285714285715,29.928571428571427
HighRes TrueColor 2018 2m Graz - Kopie.png,4631,forestfragmentation,0.23474210500717163,10,16.7,14.2
HighRes TrueColor 2018 2m Graz - Kopie.png,4632,forestfragmentation,0.22124648094177246,9,21.444444444444443,54.0
HighRes TrueColor 2018 2m Graz - Kopie.png,4633,forest,0.9464414715766907,36,50.55555555555556,13.88888888888889
HighRes TrueColor 2018 2m Graz - Kopie.png,4634,forestfragmentation,0.6443297863006592,9,6.0,46.22222222222222
HighRes TrueColor 2018 2m Graz - Kopie.png,4635,forestfragmentation,0.5702071189880371,15,59.266666666666666,46.0
HighRes TrueColor 2018 2m Graz - Kopie.png,4636,forestfragmentation,0.5024697780609131,33,35.84848484848485,45.72727272727273
HighRes TrueColor 2018 2m Graz - Kopie.png,4637,forestfragmentation,0.4526844620704651,9,16.555555555555557,10.222222222222221
HighRes TrueColor 2018 2m Graz - Kopie.png,4638,forestfragmentation,0.42754632234573364,6,49.0,47.0
HighRes TrueColor 2018 2m Graz - Kopie.png,4639,forestfragmentation,0.3726194500923157,8,10.375,55.25
HighRes TrueColor 2018 2m Graz - Kopie.png,4640,forestfragmentation,0.3648614287376404,11,49.0,38.0
HighRes TrueColor 2018 2m Graz - Kopie.png,4641,forestfragmentation,0.2924792766571045,14,23.214285714285715,29.928571428571427
HighRes TrueColor 2018 2m Graz - Kopie.png,4642,forestfragmentation,0.23474210500717163,10,16.7,14.2
HighRes TrueColor 2018 2m Graz - Kopie.png,4643,forestfragmentation,0.22124648094177246,9,21.444444444444443,54.0
HighRes TrueColor 2018 2m Graz - Kopie.png,4644,forest,0.5969301462173462,31,39.935483870967744,22.741935483870968
HighRes TrueColor 2018 2m Graz - Kopie.png,4645,forestfragmentation,0.2904921770095825,5,24.8,58.6
HighRes TrueColor 2018 2m Graz - Kopie.png,4646,forestfragmentation,0.2861366271972656,11,14.0,59.63636363636363
HighRes TrueColor 2018 2m Graz - Kopie.png,4647,forestfragmentation,0.2611691951751709,10,38.5,15.1
HighRes TrueColor 2018 2m Graz - Kopie.png,4648,forest,0.5969301462173462,31,39.935483870967744,22.741935483870968
HighRes TrueColor 2018 2m Graz - Kopie.png,4649,forestfragmentation,0.2904921770095825,5,24.8,58.6
HighRes TrueColor 2018 2m Graz - Kopie.png,4650,forestfragmentation,0.2861366271972656,11,14.0,59.63636363636363
HighRes TrueColor 2018 2m Graz - Kopie.png,4651,forestfragmentation,0.2611691951751709,10,38.5,15.1
HighRes TrueColor 2018 2m Graz - Kopie.png,4652,forest,0.3865991234779358,48,43.895833333333336,50.4375
HighRes TrueColor 2018 2m Graz - Kopie.png,4653,forestfragmentation,0.34428834915161133,18,47.166666666666664,16.555555555555557
HighRes TrueColor 2018 2m Graz - Kopie.png,4654,forest,0.24707508087158203,10,6.6,60.2
HighRes TrueColor 2018 2m Graz - Kopie.png,4655,forest,0.21044695377349854,99,26.09090909090909,47.676767676767675
HighRes TrueColor 2018 2m Graz - Kopie.png,4656,forest,0.3865991234779358,48,43.895833333333336,50.4375
HighRes TrueColor 2018 2m Graz - Kopie.png,4657,forestfragmentation,0.34428834915161133,18,47.166666666666664,16.555555555555557
HighRes TrueColor 2018 2m Graz - Kopie.png,4658,forest,0.24707508087158203,10,6.6,60.2
HighRes TrueColor 2018 2m Graz - Kopie.png,4659,forest,0.21044695377349854,99,26.09090909090909,47.676767676767675
HighRes TrueColor 2018 2m Graz - Kopie.png,4660,forest,0.8894655108451843,39,25.025641025641026,47.46153846153846
HighRes TrueColor 2018 2m Graz - Kopie.png,4661,forestfragmentation,0.5618140697479248,10,29.4,8.8
HighRes TrueColor 2018 2m Graz - Kopie.png,4662,forestfragmentation,0.3709290027618408,19,50.21052631578947,7.947368421052632
HighRes TrueColor 2018 2m Graz - Kopie.png,4663,forestfragmentation,0.2629724144935608,12,54.166666666666664,46.833333333333336
HighRes TrueColor 2018 2m Graz - Kopie.png,4664,forestfragmentation,0.23784905672073364,10,56.2,15.3
HighRes TrueColor 2018 2m Graz - Kopie.png,4665,forestfragmentation,0.21558845043182373,7,36.142857142857146,1.0
HighRes TrueColor 2018 2m Graz - Kopie.png,4666,forest,0.8894655108451843,39,25.025641025641026,47.46153846153846
HighRes TrueColor 2018 2m Graz - Kopie.png,4667,forestfragmentation,0.5618140697479248,10,29.4,8.8
HighRes TrueColor 2018 2m Graz - Kopie.png,4668,forestfragmentation,0.3709290027618408,19,50.21052631578947,7.947368421052632
HighRes TrueColor 2018 2m Graz - Kopie.png,4669,forestfragmentation,0.2629724144935608,12,54.166666666666664,46.833333333333336
HighRes TrueColor 2018 2m Graz - Kopie.png,4670,forestfragmentation,0.23784905672073364,10,56.2,15.3
HighRes TrueColor 2018 2m Graz - Kopie.png,4671,forestfragmentation,0.21558845043182373,7,36.142857142857146,1.0
HighRes TrueColor 2018 2m Graz - Kopie.png,4672,forest,0.8728286027908325,4,31.5,31.5
HighRes TrueColor 2018 2m Graz - Kopie.png,4673,forestfragmentation,0.619125485420227,13,55.84615384615385,20.923076923076923
HighRes TrueColor 2018 2m Graz - Kopie.png,4674,forestfragmentation,0.5354109406471252,11,2.727272727272727,47.09090909090909
HighRes TrueColor 2018 2m Graz - Kopie.png,4675,forestfragmentation,0.499492883682251,14,48.42857142857143,8.0
HighRes TrueColor 2018 2m Graz - Kopie.png,4676,forestfragmentation,0.4855377674102783,16,40.625,52.5625
HighRes TrueColor 2018 2m Graz - Kopie.png,4677,forestfragmentation,0.39997804164886475,17,19.176470588235293,41.1764705882353
HighRes TrueColor 2018 2m Graz - Kopie.png,4678,forestfragmentation,0.38024765253067017,10,31.2,46.2
HighRes TrueColor 2018 2m Graz - Kopie.png,4679,forestfragmentation,0.339200496673584,8,51.75,25.5
HighRes TrueColor 2018 2m Graz - Kopie.png,4680,forestfragmentation,0.3350642919540405,10,4.3,15.4
HighRes TrueColor 2018 2m Graz - Kopie.png,4681,forestfragmentation,0.273779034614563,11,41.63636363636363,27.818181818181817
HighRes TrueColor 2018 2m Graz - Kopie.png,4682,forestfragmentation,0.25771838426589966,6,29.833333333333332,1.8333333333333333
HighRes TrueColor 2018 2m Graz - Kopie.png,4683,forestfragmentation,0.2534230947494507,9,4.777777777777778,41.111111111111114
HighRes TrueColor 2018 2m Graz - Kopie.png,4684,forestfragmentation,0.21540558338165283,11,60.63636363636363,37.54545454545455
HighRes TrueColor 2018 2m Graz - Kopie.png,4685,forestfragmentation,0.20071721076965332,21,6.142857142857143,11.047619047619047
HighRes TrueColor 2018 2m Graz - Kopie.png,4686,forest,0.8728286027908325,4,31.5,31.5
HighRes TrueColor 2018 2m Graz - Kopie.png,4687,forestfragmentation,0.619125485420227,13,55.84615384615385,20.923076923076923
HighRes TrueColor 2018 2m Graz - Kopie.png,4688,forestfragmentation,0.5354109406471252,11,2.727272727272727,47.09090909090909
HighRes TrueColor 2018 2m Graz - Kopie.png,4689,forestfragmentation,0.499492883682251,14,48.42857142857143,8.0
HighRes TrueColor 2018 2m Graz - Kopie.png,4690,forestfragmentation,0.4855377674102783,16,40.625,52.5625
HighRes TrueColor 2018 2m Graz - Kopie.png,4691,forestfragmentation,0.39997804164886475,17,19.176470588235293,41.1764705882353
HighRes TrueColor 2018 2m Graz - Kopie.png,4692,forestfragmentation,0.38024765253067017,10,31.2,46.2
HighRes TrueColor 2018 2m Graz - Kopie.png,4693,forestfragmentation,0.339200496673584,8,51.75,25.5
HighRes TrueColor 2018 2m Graz - Kopie.png,4694,forestfragmentation,0.3350642919540405,10,4.3,15.4
HighRes TrueColor 2018 2m Graz - Kopie.png,4695,forestfragmentation,0.273779034614563,11,41.63636363636363,27.818181818181817
HighRes TrueColor 2018 2m Graz - Kopie.png,4696,forestfragmentation,0.25771838426589966,6,29.833333333333332,1.8333333333333333
HighRes TrueColor 2018 2m Graz - Kopie.png,4697,forestfragmentation,0.2534230947494507,9,4.777777777777778,41.111111111111114
HighRes TrueColor 2018 2m Graz - Kopie.png,4698,forestfragmentation,0.21540558338165283,11,60.63636363636363,37.54545454545455
HighRes TrueColor 2018 2m Graz - Kopie.png,4699,forestfragmentation,0.20071721076965332,21,6.142857142857143,11.047619047619047
HighRes TrueColor 2018 2m Graz - Kopie.png,4700,forest,0.9035226702690125,15,39.333333333333336,13.666666666666666
HighRes TrueColor 2018 2m Graz - Kopie.png,4701,forestfragmentation,0.4327962398529053,10,13.0,21.1
HighRes TrueColor 2018 2m Graz - Kopie.png,4702,forestfragmentation,0.22688746452331543,12,23.75,19.25
HighRes TrueColor 2018 2m Graz - Kopie.png,4703,forestfragmentation,0.22639310359954834,15,8.266666666666667,9.8
HighRes TrueColor 2018 2m Graz - Kopie.png,4704,forest,0.9035226702690125,15,39.333333333333336,13.666666666666666
HighRes TrueColor 2018 2m Graz - Kopie.png,4705,forestfragmentation,0.4327962398529053,10,13.0,21.1
HighRes TrueColor 2018 2m Graz - Kopie.png,4706,forestfragmentation,0.22688746452331543,12,23.75,19.25
HighRes TrueColor 2018 2m Graz - Kopie.png,4707,forestfragmentation,0.22639310359954834,15,8.266666666666667,9.8
HighRes TrueColor 2018 2m Graz - Kopie.png,4708,forest,0.8922852873802185,61,21.868852459016395,22.65573770491803
HighRes TrueColor 2018 2m Graz - Kopie.png,4709,forestfragmentation,0.515598475933075,7,59.857142857142854,43.857142857142854
HighRes TrueColor 2018 2m Graz - Kopie.png,4710,forest,0.8922852873802185,61,21.868852459016395,22.65573770491803
HighRes TrueColor 2018 2m Graz - Kopie.png,4711,forestfragmentation,0.515598475933075,7,59.857142857142854,43.857142857142854
HighRes TrueColor 2018 2m Graz - Kopie.png,4712,forest,0.8683781623840332,68,29.323529411764707,46.38235294117647
HighRes TrueColor 2018 2m Graz - Kopie.png,4713,forestfragmentation,0.6351649761199951,22,12.272727272727273,45.04545454545455
HighRes TrueColor 2018 2m Graz - Kopie.png,4714,forestfragmentation,0.5103279948234558,11,24.09090909090909,15.545454545454545
HighRes TrueColor 2018 2m Graz - Kopie.png,4715,forestfragmentation,0.45055723190307617,12,13.666666666666666,54.166666666666664
HighRes TrueColor 2018 2m Graz - Kopie.png,4716,forestfragmentation,0.3431771397590637,7,2.2857142857142856,61.42857142857143
HighRes TrueColor 2018 2m Graz - Kopie.png,4717,forestfragmentation,0.34176743030548096,13,48.69230769230769,2.5384615384615383
HighRes TrueColor 2018 2m Graz - Kopie.png,4718,forestfragmentation,0.31530070304870605,5,38.4,18.0
HighRes TrueColor 2018 2m Graz - Kopie.png,4719,forestfragmentation,0.2605936527252197,6,1.5,43.0
HighRes TrueColor 2018 2m Graz - Kopie.png,4720,forestfragmentation,0.21565771102905273,8,20.375,2.125
HighRes TrueColor 2018 2m Graz - Kopie.png,4721,forestfragmentation,0.21021592617034912,19,12.578947368421053,28.263157894736842
HighRes TrueColor 2018 2m Graz - Kopie.png,4722,forestfragmentation,0.20739078521728516,11,61.45454545454545,20.545454545454547
HighRes TrueColor 2018 2m Graz - Kopie.png,4723,forestfragmentation,0.20178067684173584,5,3.6,52.6
HighRes TrueColor 2018 2m Graz - Kopie.png,4724,forest,0.8683781623840332,68,29.323529411764707,46.38235294117647
HighRes TrueColor 2018 2m Graz - Kopie.png,4725,forestfragmentation,0.6351649761199951,22,12.272727272727273,45.04545454545455
HighRes TrueColor 2018 2m Graz - Kopie.png,4726,forestfragmentation,0.5103279948234558,11,24.09090909090909,15.545454545454545
HighRes TrueColor 2018 2m Graz - Kopie.png,4727,forestfragmentation,0.45055723190307617,12,13.666666666666666,54.166666666666664
HighRes TrueColor 2018 2m Graz - Kopie.png,4728,forestfragmentation,0.3431771397590637,7,2.2857142857142856,61.42857142857143
HighRes TrueColor 2018 2m Graz - Kopie.png,4729,forestfragmentation,0.34176743030548096,13,48.69230769230769,2.5384615384615383
HighRes TrueColor 2018 2m Graz - Kopie.png,4730,forestfragmentation,0.31530070304870605,5,38.4,18.0
HighRes TrueColor 2018 2m Graz - Kopie.png,4731,forestfragmentation,0.2605936527252197,6,1.5,43.0
HighRes TrueColor 2018 2m Graz - Kopie.png,4732,forestfragmentation,0.21565771102905273,8,20.375,2.125
HighRes TrueColor 2018 2m Graz - Kopie.png,4733,forestfragmentation,0.21021592617034912,19,12.578947368421053,28.263157894736842
HighRes TrueColor 2018 2m Graz - Kopie.png,4734,forestfragmentation,0.20739078521728516,11,61.45454545454545,20.545454545454547
HighRes TrueColor 2018 2m Graz - Kopie.png,4735,forestfragmentation,0.20178067684173584,5,3.6,52.6
HighRes TrueColor 2018 2m Graz - Kopie.png,4736,forest,0.7764740586280823,68,22.41176470588235,40.25
HighRes TrueColor 2018 2m Graz - Kopie.png,4737,forest,0.5628486275672913,29,53.6551724137931,40.13793103448276
HighRes TrueColor 2018 2m Graz - Kopie.png,4738,forestfragmentation,0.32294660806655884,8,21.625,38.25
HighRes TrueColor 2018 2m Graz - Kopie.png,4739,forest,0.23876315355300903,8,51.125,61.25
HighRes TrueColor 2018 2m Graz - Kopie.png,4740,forest,0.7764740586280823,68,22.41176470588235,40.25
HighRes TrueColor 2018 2m Graz - Kopie.png,4741,forest,0.5628486275672913,29,53.6551724137931,40.13793103448276
HighRes TrueColor 2018 2m Graz - Kopie.png,4742,forestfragmentation,0.32294660806655884,8,21.625,38.25
HighRes TrueColor 2018 2m Graz - Kopie.png,4743,forest,0.23876315355300903,8,51.125,61.25
HighRes TrueColor 2018 2m Graz - Kopie.png,4744,forest,0.565406084060669,29,3.2413793103448274,41.13793103448276
HighRes TrueColor 2018 2m Graz - Kopie.png,4745,forest,0.554620623588562,18,39.22222222222222,32.5
HighRes TrueColor 2018 2m Graz - Kopie.png,4746,forest,0.5110827088356018,51,19.705882352941178,52.0
HighRes TrueColor 2018 2m Graz - Kopie.png,4747,forest,0.49534332752227783,18,58.94444444444444,57.94444444444444
HighRes TrueColor 2018 2m Graz - Kopie.png,4748,forest,0.3429177403450012,41,23.78048780487805,5.341463414634147
HighRes TrueColor 2018 2m Graz - Kopie.png,4749,forest,0.24681830406188965,10,59.7,46.6
HighRes TrueColor 2018 2m Graz - Kopie.png,4750,forest,0.565406084060669,29,3.2413793103448274,41.13793103448276
HighRes TrueColor 2018 2m Graz - Kopie.png,4751,forest,0.554620623588562,18,39.22222222222222,32.5
HighRes TrueColor 2018 2m Graz - Kopie.png,4752,forest,0.5110827088356018,51,19.705882352941178,52.0
HighRes TrueColor 2018 2m Graz - Kopie.png,4753,forest,0.49534332752227783,18,58.94444444444444,57.94444444444444
HighRes TrueColor 2018 2m Graz - Kopie.png,4754,forest,0.3429177403450012,41,23.78048780487805,5.341463414634147
HighRes TrueColor 2018 2m Graz - Kopie.png,4755,forest,0.24681830406188965,10,59.7,46.6
HighRes TrueColor 2018 2m Graz - Kopie.png,4756,forest,0.6865829229354858,23,56.52173913043478,45.391304347826086
HighRes TrueColor 2018 2m Graz - Kopie.png,4757,forest,0.6800861358642578,25,57.68,5.84
HighRes TrueColor 2018 2m Graz - Kopie.png,4758,forest,0.4852776527404785,16,30.5625,33.1875
HighRes TrueColor 2018 2m Graz - Kopie.png,4759,forest,0.4631209373474121,31,18.387096774193548,3.5483870967741935
HighRes TrueColor 2018 2m Graz - Kopie.png,4760,forest,0.35630834102630615,43,14.325581395348838,52.116279069767444
HighRes TrueColor 2018 2m Graz - Kopie.png,4761,forest,0.26025259494781494,16,4.875,30.9375
HighRes TrueColor 2018 2m Graz - Kopie.png,4762,forest,0.6865829229354858,23,56.52173913043478,45.391304347826086
HighRes TrueColor 2018 2m Graz - Kopie.png,4763,forest,0.6800861358642578,25,57.68,5.84
HighRes TrueColor 2018 2m Graz - Kopie.png,4764,forest,0.4852776527404785,16,30.5625,33.1875
HighRes TrueColor 2018 2m Graz - Kopie.png,4765,forest,0.4631209373474121,31,18.387096774193548,3.5483870967741935
HighRes TrueColor 2018 2m Graz - Kopie.png,4766,forest,0.35630834102630615,43,14.325581395348838,52.116279069767444
HighRes TrueColor 2018 2m Graz - Kopie.png,4767,forest,0.26025259494781494,16,4.875,30.9375
HighRes TrueColor 2018 2m Graz - Kopie.png,4768,forest,0.7716612219810486,34,43.6764705882353,53.05882352941177
HighRes TrueColor 2018 2m Graz - Kopie.png,4769,forest,0.6489698886871338,102,19.705882352941178,21.274509803921568
HighRes TrueColor 2018 2m Graz - Kopie.png,4770,forestfragmentation,0.3644779920578003,15,17.066666666666666,11.533333333333333
HighRes TrueColor 2018 2m Graz - Kopie.png,4771,forestfragmentation,0.3506097197532654,15,25.2,3.7333333333333334
HighRes TrueColor 2018 2m Graz - Kopie.png,4772,forest,0.2937319874763489,12,22.583333333333332,59.833333333333336
HighRes TrueColor 2018 2m Graz - Kopie.png,4773,forestfragmentation,0.2896798849105835,7,51.142857142857146,50.714285714285715
HighRes TrueColor 2018 2m Graz - Kopie.png,4774,forestfragmentation,0.26964271068573,13,25.846153846153847,23.923076923076923
HighRes TrueColor 2018 2m Graz - Kopie.png,4775,forestfragmentation,0.25900202989578247,32,9.84375,21.625
HighRes TrueColor 2018 2m Graz - Kopie.png,4776,forest,0.7716612219810486,34,43.6764705882353,53.05882352941177
HighRes TrueColor 2018 2m Graz - Kopie.png,4777,forest,0.6489698886871338,102,19.705882352941178,21.274509803921568
HighRes TrueColor 2018 2m Graz - Kopie.png,4778,forestfragmentation,0.3644779920578003,15,17.066666666666666,11.533333333333333
HighRes TrueColor 2018 2m Graz - Kopie.png,4779,forestfragmentation,0.3506097197532654,15,25.2,3.7333333333333334
HighRes TrueColor 2018 2m Graz - Kopie.png,4780,forest,0.2937319874763489,12,22.583333333333332,59.833333333333336
HighRes TrueColor 2018 2m Graz - Kopie.png,4781,forestfragmentation,0.2896798849105835,7,51.142857142857146,50.714285714285715
HighRes TrueColor 2018 2m Graz - Kopie.png,4782,forestfragmentation,0.26964271068573,13,25.846153846153847,23.923076923076923
HighRes TrueColor 2018 2m Graz - Kopie.png,4783,forestfragmentation,0.25900202989578247,32,9.84375,21.625
HighRes TrueColor 2018 2m Graz - Kopie.png,4784,forest,0.6832571625709534,62,46.62903225806452,16.274193548387096
HighRes TrueColor 2018 2m Graz - Kopie.png,4785,forest,0.6832571625709534,62,46.62903225806452,16.274193548387096
HighRes TrueColor 2018 2m Graz - Kopie.png,4786,forest,0.6781343817710876,14,58.214285714285715,56.0
HighRes TrueColor 2018 2m Graz - Kopie.png,4787,forest,0.5706881284713745,35,12.257142857142858,5.685714285714286
HighRes TrueColor 2018 2m Graz - Kopie.png,4788,forest,0.5156230330467224,56,40.910714285714285,36.67857142857143
HighRes TrueColor 2018 2m Graz - Kopie.png,4789,forest,0.4970359802246094,40,38.925,15.6
HighRes TrueColor 2018 2m Graz - Kopie.png,4790,forest,0.25533121824264526,22,5.863636363636363,30.318181818181817
HighRes TrueColor 2018 2m Graz - Kopie.png,4791,forest,0.6781343817710876,14,58.214285714285715,56.0
HighRes TrueColor 2018 2m Graz - Kopie.png,4792,forest,0.5706881284713745,35,12.257142857142858,5.685714285714286
HighRes TrueColor 2018 2m Graz - Kopie.png,4793,forest,0.5156230330467224,56,40.910714285714285,36.67857142857143
HighRes TrueColor 2018 2m Graz - Kopie.png,4794,forest,0.4970359802246094,40,38.925,15.6
HighRes TrueColor 2018 2m Graz - Kopie.png,4795,forest,0.25533121824264526,22,5.863636363636363,30.318181818181817
HighRes TrueColor 2018 2m Graz - Kopie.png,4796,forestfragmentation,0.7320156693458557,34,51.6764705882353,10.117647058823529
HighRes TrueColor 2018 2m Graz - Kopie.png,4797,forest,0.6451007723808289,19,52.36842105263158,58.31578947368421
HighRes TrueColor 2018 2m Graz - Kopie.png,4798,forest,0.5097554326057434,16,3.0625,20.625
HighRes TrueColor 2018 2m Graz - Kopie.png,4799,forest,0.3017306923866272,13,11.846153846153847,3.769230769230769
HighRes TrueColor 2018 2m Graz - Kopie.png,4800,forest,0.27540820837020874,47,23.361702127659573,51.787234042553195
HighRes TrueColor 2018 2m Graz - Kopie.png,4801,forest,0.24150657653808594,117,33.572649572649574,18.726495726495727
HighRes TrueColor 2018 2m Graz - Kopie.png,4802,forestfragmentation,0.7320156693458557,34,51.6764705882353,10.117647058823529
HighRes TrueColor 2018 2m Graz - Kopie.png,4803,forest,0.6451007723808289,19,52.36842105263158,58.31578947368421
HighRes TrueColor 2018 2m Graz - Kopie.png,4804,forest,0.5097554326057434,16,3.0625,20.625
HighRes TrueColor 2018 2m Graz - Kopie.png,4805,forest,0.3017306923866272,13,11.846153846153847,3.769230769230769
HighRes TrueColor 2018 2m Graz - Kopie.png,4806,forest,0.27540820837020874,47,23.361702127659573,51.787234042553195
HighRes TrueColor 2018 2m Graz - Kopie.png,4807,forest,0.24150657653808594,117,33.572649572649574,18.726495726495727
HighRes TrueColor 2018 2m Graz - Kopie.png,4808,forest,0.8434212803840637,59,17.966101694915253,37.76271186440678
HighRes TrueColor 2018 2m Graz - Kopie.png,4809,forestfragmentation,0.518888533115387,17,22.41176470588235,17.470588235294116
HighRes TrueColor 2018 2m Graz - Kopie.png,4810,forestfragmentation,0.497086763381958,16,56.375,20.375
HighRes TrueColor 2018 2m Graz - Kopie.png,4811,forestfragmentation,0.4256954789161682,34,39.23529411764706,10.294117647058824
HighRes TrueColor 2018 2m Graz - Kopie.png,4812,forestfragmentation,0.2645382285118103,12,47.666666666666664,30.0
HighRes TrueColor 2018 2m Graz - Kopie.png,4813,forest,0.8434212803840637,59,17.966101694915253,37.76271186440678
HighRes TrueColor 2018 2m Graz - Kopie.png,4814,forestfragmentation,0.518888533115387,17,22.41176470588235,17.470588235294116
HighRes TrueColor 2018 2m Graz - Kopie.png,4815,forestfragmentation,0.497086763381958,16,56.375,20.375
HighRes TrueColor 2018 2m Graz - Kopie.png,4816,forestfragmentation,0.4256954789161682,34,39.23529411764706,10.294117647058824
HighRes TrueColor 2018 2m Graz - Kopie.png,4817,forestfragmentation,0.2645382285118103,12,47.666666666666664,30.0
HighRes TrueColor 2018 2m Graz - Kopie.png,4818,forest,0.9037065505981445,17,9.823529411764707,43.35294117647059
HighRes TrueColor 2018 2m Graz - Kopie.png,4819,forestfragmentation,0.41894423961639404,10,46.2,47.8
HighRes TrueColor 2018 2m Graz - Kopie.png,4820,forestfragmentation,0.4003552794456482,11,11.0,3.0
HighRes TrueColor 2018 2m Graz - Kopie.png,4821,forestfragmentation,0.3186580538749695,14,46.0,57.0
HighRes TrueColor 2018 2m Graz - Kopie.png,4822,forestfragmentation,0.27698689699172974,19,6.0,21.473684210526315
HighRes TrueColor 2018 2m Graz - Kopie.png,4823,forestfragmentation,0.24751830101013184,9,57.44444444444444,9.666666666666666
HighRes TrueColor 2018 2m Graz - Kopie.png,4824,forestfragmentation,0.23756611347198486,6,61.666666666666664,12.333333333333334
HighRes TrueColor 2018 2m Graz - Kopie.png,4825,forestfragmentation,0.2149655818939209,6,58.666666666666664,1.8333333333333333
HighRes TrueColor 2018 2m Graz - Kopie.png,4826,forest,0.9037065505981445,17,9.823529411764707,43.35294117647059
HighRes TrueColor 2018 2m Graz - Kopie.png,4827,forestfragmentation,0.41894423961639404,10,46.2,47.8
HighRes TrueColor 2018 2m Graz - Kopie.png,4828,forestfragmentation,0.4003552794456482,11,11.0,3.0
HighRes TrueColor 2018 2m Graz - Kopie.png,4829,forestfragmentation,0.3186580538749695,14,46.0,57.0
HighRes TrueColor 2018 2m Graz - Kopie.png,4830,forestfragmentation,0.27698689699172974,19,6.0,21.473684210526315
HighRes TrueColor 2018 2m Graz - Kopie.png,4831,forestfragmentation,0.24751830101013184,9,57.44444444444444,9.666666666666666
HighRes TrueColor 2018 2m Graz - Kopie.png,4832,forestfragmentation,0.23756611347198486,6,61.666666666666664,12.333333333333334
HighRes TrueColor 2018 2m Graz - Kopie.png,4833,forestfragmentation,0.2149655818939209,6,58.666666666666664,1.8333333333333333
HighRes TrueColor 2018 2m Graz - Kopie.png,4834,forest,0.9076414108276367,30,51.166666666666664,28.866666666666667
HighRes TrueColor 2018 2m Graz - Kopie.png,4835,forestfragmentation,0.5360463261604309,24,26.666666666666668,28.791666666666668
HighRes TrueColor 2018 2m Graz - Kopie.png,4836,forestfragmentation,0.40699756145477295,9,14.777777777777779,7.777777777777778
HighRes TrueColor 2018 2m Graz - Kopie.png,4837,forestfragmentation,0.3699924945831299,7,60.57142857142857,18.142857142857142
HighRes TrueColor 2018 2m Graz - Kopie.png,4838,forestfragmentation,0.33598560094833374,8,59.5,14.5
HighRes TrueColor 2018 2m Graz - Kopie.png,4839,forestfragmentation,0.25669223070144653,4,22.0,39.0
HighRes TrueColor 2018 2m Graz - Kopie.png,4840,forestfragmentation,0.247533917427063,34,27.352941176470587,48.205882352941174
HighRes TrueColor 2018 2m Graz - Kopie.png,4841,forestfragmentation,0.2378218173980713,6,6.666666666666667,1.8333333333333333
HighRes TrueColor 2018 2m Graz - Kopie.png,4842,forestfragmentation,0.22991448640823364,5,25.2,6.6
HighRes TrueColor 2018 2m Graz - Kopie.png,4843,forestfragmentation,0.22127383947372437,9,5.444444444444445,9.666666666666666
HighRes TrueColor 2018 2m Graz - Kopie.png,4844,forest,0.9076414108276367,30,51.166666666666664,28.866666666666667
HighRes TrueColor 2018 2m Graz - Kopie.png,4845,forestfragmentation,0.5360463261604309,24,26.666666666666668,28.791666666666668
HighRes TrueColor 2018 2m Graz - Kopie.png,4846,forestfragmentation,0.40699756145477295,9,14.777777777777779,7.777777777777778
HighRes TrueColor 2018 2m Graz - Kopie.png,4847,forestfragmentation,0.3699924945831299,7,60.57142857142857,18.142857142857142
HighRes TrueColor 2018 2m Graz - Kopie.png,4848,forestfragmentation,0.33598560094833374,8,59.5,14.5
HighRes TrueColor 2018 2m Graz - Kopie.png,4849,forestfragmentation,0.25669223070144653,4,22.0,39.0
HighRes TrueColor 2018 2m Graz - Kopie.png,4850,forestfragmentation,0.247533917427063,34,27.352941176470587,48.205882352941174
HighRes TrueColor 2018 2m Graz - Kopie.png,4851,forestfragmentation,0.2378218173980713,6,6.666666666666667,1.8333333333333333
HighRes TrueColor 2018 2m Graz - Kopie.png,4852,forestfragmentation,0.22991448640823364,5,25.2,6.6
HighRes TrueColor 2018 2m Graz - Kopie.png,4853,forestfragmentation,0.22127383947372437,9,5.444444444444445,9.666666666666666
HighRes TrueColor 2018 2m Graz - Kopie.png,4854,forestfragmentation,0.4482541084289551,12,1.9166666666666667,10.5
HighRes TrueColor 2018 2m Graz - Kopie.png,4855,forest,0.4464499354362488,20,54.3,16.05
HighRes TrueColor 2018 2m Graz - Kopie.png,4856,forest,0.4356534481048584,12,36.333333333333336,2.1666666666666665
HighRes TrueColor 2018 2m Graz - Kopie.png,4857,forest,0.36935991048812866,21,44.476190476190474,1.4285714285714286
HighRes TrueColor 2018 2m Graz - Kopie.png,4858,forest,0.31567811965942383,89,17.640449438202246,27.808988764044944
HighRes TrueColor 2018 2m Graz - Kopie.png,4859,forestfragmentation,0.31366217136383057,9,7.444444444444445,14.444444444444445
HighRes TrueColor 2018 2m Graz - Kopie.png,4860,forestfragmentation,0.21043801307678223,10,9.3,18.1
HighRes TrueColor 2018 2m Graz - Kopie.png,4861,forestfragmentation,0.4482541084289551,12,1.9166666666666667,10.5
HighRes TrueColor 2018 2m Graz - Kopie.png,4862,forest,0.4464499354362488,20,54.3,16.05
HighRes TrueColor 2018 2m Graz - Kopie.png,4863,forest,0.4356534481048584,12,36.333333333333336,2.1666666666666665
HighRes TrueColor 2018 2m Graz - Kopie.png,4864,forest,0.36935991048812866,21,44.476190476190474,1.4285714285714286
HighRes TrueColor 2018 2m Graz - Kopie.png,4865,forest,0.31567811965942383,89,17.640449438202246,27.808988764044944
HighRes TrueColor 2018 2m Graz - Kopie.png,4866,forestfragmentation,0.31366217136383057,9,7.444444444444445,14.444444444444445
HighRes TrueColor 2018 2m Graz - Kopie.png,4867,forestfragmentation,0.21043801307678223,10,9.3,18.1
HighRes TrueColor 2018 2m Graz - Kopie.png,4868,forest,0.6389313340187073,138,17.31159420289855,33.82608695652174
HighRes TrueColor 2018 2m Graz - Kopie.png,4869,forestfragmentation,0.5665090084075928,27,36.55555555555556,8.851851851851851
HighRes TrueColor 2018 2m Graz - Kopie.png,4870,forestfragmentation,0.44007444381713867,4,56.0,21.0
HighRes TrueColor 2018 2m Graz - Kopie.png,4871,forestfragmentation,0.3277122378349304,10,58.5,13.6
HighRes TrueColor 2018 2m Graz - Kopie.png,4872,forestfragmentation,0.22522985935211182,11,54.36363636363637,33.09090909090909
HighRes TrueColor 2018 2m Graz - Kopie.png,4873,forest,0.6389313340187073,138,17.31159420289855,33.82608695652174
HighRes TrueColor 2018 2m Graz - Kopie.png,4874,forestfragmentation,0.5665090084075928,27,36.55555555555556,8.851851851851851
HighRes TrueColor 2018 2m Graz - Kopie.png,4875,forestfragmentation,0.44007444381713867,4,56.0,21.0
HighRes TrueColor 2018 2m Graz - Kopie.png,4876,forestfragmentation,0.3277122378349304,10,58.5,13.6
HighRes TrueColor 2018 2m Graz - Kopie.png,4877,forestfragmentation,0.22522985935211182,11,54.36363636363637,33.09090909090909
HighRes TrueColor 2018 2m Graz - Kopie.png,4878,forest,0.7474184036254883,13,38.15384615384615,22.53846153846154
HighRes TrueColor 2018 2m Graz - Kopie.png,4879,forestfragmentation,0.5052642226219177,26,12.115384615384615,54.96153846153846
HighRes TrueColor 2018 2m Graz - Kopie.png,4880,forestfragmentation,0.3472309708595276,43,40.16279069767442,21.627906976744185
HighRes TrueColor 2018 2m Graz - Kopie.png,4881,forestfragmentation,0.3183521628379822,14,19.5,25.214285714285715
HighRes TrueColor 2018 2m Graz - Kopie.png,4882,forestfragmentation,0.29920631647109985,4,4.0,21.0
HighRes TrueColor 2018 2m Graz - Kopie.png,4883,forestfragmentation,0.2865263819694519,8,55.0,14.75
HighRes TrueColor 2018 2m Graz - Kopie.png,4884,forestfragmentation,0.26259005069732666,12,13.666666666666666,41.0
HighRes TrueColor 2018 2m Graz - Kopie.png,4885,forestfragmentation,0.25186091661453247,25,7.0,29.68
HighRes TrueColor 2018 2m Graz - Kopie.png,4886,forest,0.7474184036254883,13,38.15384615384615,22.53846153846154
HighRes TrueColor 2018 2m Graz - Kopie.png,4887,forestfragmentation,0.5052642226219177,26,12.115384615384615,54.96153846153846
HighRes TrueColor 2018 2m Graz - Kopie.png,4888,forestfragmentation,0.3472309708595276,43,40.16279069767442,21.627906976744185
HighRes TrueColor 2018 2m Graz - Kopie.png,4889,forestfragmentation,0.3183521628379822,14,19.5,25.214285714285715
HighRes TrueColor 2018 2m Graz - Kopie.png,4890,forestfragmentation,0.29920631647109985,4,4.0,21.0
HighRes TrueColor 2018 2m Graz - Kopie.png,4891,forestfragmentation,0.2865263819694519,8,55.0,14.75
HighRes TrueColor 2018 2m Graz - Kopie.png,4892,forestfragmentation,0.26259005069732666,12,13.666666666666666,41.0
HighRes TrueColor 2018 2m Graz - Kopie.png,4893,forestfragmentation,0.25186091661453247,25,7.0,29.68
HighRes TrueColor 2018 2m Graz - Kopie.png,4894,forest,0.7353975772857666,10,49.8,48.8
HighRes TrueColor 2018 2m Graz - Kopie.png,4895,forestfragmentation,0.5715020298957825,22,41.31818181818182,5.545454545454546
HighRes TrueColor 2018 2m Graz - Kopie.png,4896,forestfragmentation,0.29652273654937744,19,56.73684210526316,41.05263157894737
HighRes TrueColor 2018 2m Graz - Kopie.png,4897,forestfragmentation,0.28730589151382446,16,57.5625,2.4375
HighRes TrueColor 2018 2m Graz - Kopie.png,4898,forestfragmentation,0.27904367446899414,10,33.0,42.6
HighRes TrueColor 2018 2m Graz - Kopie.png,4899,forestfragmentation,0.24494802951812744,10,2.6,15.1
HighRes TrueColor 2018 2m Graz - Kopie.png,4900,forest,0.7353975772857666,10,49.8,48.8
HighRes TrueColor 2018 2m Graz - Kopie.png,4901,forestfragmentation,0.5715020298957825,22,41.31818181818182,5.545454545454546
HighRes TrueColor 2018 2m Graz - Kopie.png,4902,forestfragmentation,0.29652273654937744,19,56.73684210526316,41.05263157894737
HighRes TrueColor 2018 2m Graz - Kopie.png,4903,forestfragmentation,0.28730589151382446,16,57.5625,2.4375
HighRes TrueColor 2018 2m Graz - Kopie.png,4904,forestfragmentation,0.27904367446899414,10,33.0,42.6
HighRes TrueColor 2018 2m Graz - Kopie.png,4905,forestfragmentation,0.24494802951812744,10,2.6,15.1
HighRes TrueColor 2018 2m Graz - Kopie.png,4906,forest,0.6821945309638977,117,28.34188034188034,29.76923076923077
HighRes TrueColor 2018 2m Graz - Kopie.png,4907,forestfragmentation,0.3893771171569824,18,4.333333333333333,41.166666666666664
HighRes TrueColor 2018 2m Graz - Kopie.png,4908,forestfragmentation,0.2995854616165161,17,41.76470588235294,5.352941176470588
HighRes TrueColor 2018 2m Graz - Kopie.png,4909,forestfragmentation,0.2214098572731018,55,38.38181818181818,55.72727272727273
HighRes TrueColor 2018 2m Graz - Kopie.png,4910,forestfragmentation,0.22118890285491943,18,56.77777777777778,14.555555555555555
HighRes TrueColor 2018 2m Graz - Kopie.png,4911,forest,0.6821945309638977,117,28.34188034188034,29.76923076923077
HighRes TrueColor 2018 2m Graz - Kopie.png,4912,forestfragmentation,0.3893771171569824,18,4.333333333333333,41.166666666666664
HighRes TrueColor 2018 2m Graz - Kopie.png,4913,forestfragmentation,0.2995854616165161,17,41.76470588235294,5.352941176470588
HighRes TrueColor 2018 2m Graz - Kopie.png,4914,forestfragmentation,0.2214098572731018,55,38.38181818181818,55.72727272727273
HighRes TrueColor 2018 2m Graz - Kopie.png,4915,forestfragmentation,0.22118890285491943,18,56.77777777777778,14.555555555555555
HighRes TrueColor 2018 2m Graz - Kopie.png,4916,forest,0.8732630014419556,102,43.490196078431374,27.372549019607842
HighRes TrueColor 2018 2m Graz - Kopie.png,4917,forestfragmentation,0.490908682346344,11,13.090909090909092,2.5454545454545454
HighRes TrueColor 2018 2m Graz - Kopie.png,4918,forestfragmentation,0.4689072370529175,10,12.0,31.2
HighRes TrueColor 2018 2m Graz - Kopie.png,4919,forestfragmentation,0.2929355502128601,18,5.0,15.166666666666666
HighRes TrueColor 2018 2m Graz - Kopie.png,4920,forest,0.8732630014419556,102,43.490196078431374,27.372549019607842
HighRes TrueColor 2018 2m Graz - Kopie.png,4921,forestfragmentation,0.490908682346344,11,13.090909090909092,2.5454545454545454
HighRes TrueColor 2018 2m Graz - Kopie.png,4922,forestfragmentation,0.4689072370529175,10,12.0,31.2
HighRes TrueColor 2018 2m Graz - Kopie.png,4923,forestfragmentation,0.2929355502128601,18,5.0,15.166666666666666
HighRes TrueColor 2018 2m Graz - Kopie.png,4924,forest,0.7225788235664368,160,29.44375,27.18125
HighRes TrueColor 2018 2m Graz - Kopie.png,4925,forest,0.7225788235664368,160,29.44375,27.18125
HighRes TrueColor 2018 2m Graz - Kopie.png,4926,forest,0.9402477145195007,94,44.734042553191486,25.52127659574468
HighRes TrueColor 2018 2m Graz - Kopie.png,4927,forestfragmentation,0.4761250615119934,15,5.733333333333333,44.266666666666666
HighRes TrueColor 2018 2m Graz - Kopie.png,4928,forestfragmentation,0.4072444438934326,7,24.0,36.857142857142854
HighRes TrueColor 2018 2m Graz - Kopie.png,4929,forestfragmentation,0.2746128439903259,45,45.55555555555556,5.6
HighRes TrueColor 2018 2m Graz - Kopie.png,4930,forest,0.9402477145195007,94,44.734042553191486,25.52127659574468
HighRes TrueColor 2018 2m Graz - Kopie.png,4931,forestfragmentation,0.4761250615119934,15,5.733333333333333,44.266666666666666
HighRes TrueColor 2018 2m Graz - Kopie.png,4932,forestfragmentation,0.4072444438934326,7,24.0,36.857142857142854
HighRes TrueColor 2018 2m Graz - Kopie.png,4933,forestfragmentation,0.2746128439903259,45,45.55555555555556,5.6
HighRes TrueColor 2018 2m Graz - Kopie.png,4934,forest,0.9197199940681458,113,41.64601769911504,28.92920353982301
HighRes TrueColor 2018 2m Graz - Kopie.png,4935,forestfragmentation,0.4520418047904968,8,14.375,36.5
HighRes TrueColor 2018 2m Graz - Kopie.png,4936,forestfragmentation,0.23540467023849487,46,37.630434782608695,5.565217391304348
HighRes TrueColor 2018 2m Graz - Kopie.png,4937,forestfragmentation,0.21929705142974854,23,8.695652173913043,10.26086956521739
HighRes TrueColor 2018 2m Graz - Kopie.png,4938,forest,0.9197199940681458,113,41.64601769911504,28.92920353982301
HighRes TrueColor 2018 2m Graz - Kopie.png,4939,forestfragmentation,0.4520418047904968,8,14.375,36.5
HighRes TrueColor 2018 2m Graz - Kopie.png,4940,forestfragmentation,0.23540467023849487,46,37.630434782608695,5.565217391304348
HighRes TrueColor 2018 2m Graz - Kopie.png,4941,forestfragmentation,0.21929705142974854,23,8.695652173913043,10.26086956521739
HighRes TrueColor 2018 2m Graz - Kopie.png,4942,forest,0.459467351436615,24,14.25,31.25
HighRes TrueColor 2018 2m Graz - Kopie.png,4943,forest,0.41093677282333374,170,34.476470588235294,27.53529411764706
HighRes TrueColor 2018 2m Graz - Kopie.png,4944,forestfragmentation,0.34851521253585815,32,41.6875,13.34375
HighRes TrueColor 2018 2m Graz - Kopie.png,4945,forestfragmentation,0.3158687949180603,5,44.6,27.8
HighRes TrueColor 2018 2m Graz - Kopie.png,4946,forestfragmentation,0.20445042848587036,18,55.388888888888886,34.388888888888886
HighRes TrueColor 2018 2m Graz - Kopie.png,4947,forest,0.459467351436615,24,14.25,31.25
HighRes TrueColor 2018 2m Graz - Kopie.png,4948,forest,0.41093677282333374,170,34.476470588235294,27.53529411764706
HighRes TrueColor 2018 2m Graz - Kopie.png,4949,forestfragmentation,0.34851521253585815,32,41.6875,13.34375
HighRes TrueColor 2018 2m Graz - Kopie.png,4950,forestfragmentation,0.3158687949180603,5,44.6,27.8
HighRes TrueColor 2018 2m Graz - Kopie.png,4951,forestfragmentation,0.20445042848587036,18,55.388888888888886,34.388888888888886
HighRes TrueColor 2018 2m Graz - Kopie.png,4952,forest,0.6667073369026184,59,23.050847457627118,38.559322033898304
HighRes TrueColor 2018 2m Graz - Kopie.png,4953,forest,0.5809215307235718,61,51.47540983606557,34.31147540983606
HighRes TrueColor 2018 2m Graz - Kopie.png,4954,forestfragmentation,0.2641761898994446,5,4.2,48.0
HighRes TrueColor 2018 2m Graz - Kopie.png,4955,forestfragmentation,0.20182400941848755,7,20.428571428571427,61.142857142857146
HighRes TrueColor 2018 2m Graz - Kopie.png,4956,forest,0.6667073369026184,59,23.050847457627118,38.559322033898304
HighRes TrueColor 2018 2m Graz - Kopie.png,4957,forest,0.5809215307235718,61,51.47540983606557,34.31147540983606
HighRes TrueColor 2018 2m Graz - Kopie.png,4958,forestfragmentation,0.2641761898994446,5,4.2,48.0
HighRes TrueColor 2018 2m Graz - Kopie.png,4959,forestfragmentation,0.20182400941848755,7,20.428571428571427,61.142857142857146
HighRes TrueColor 2018 2m Graz - Kopie.png,4960,forest,0.7635387182235718,104,28.509615384615383,36.92307692307692
HighRes TrueColor 2018 2m Graz - Kopie.png,4961,forest,0.558344304561615,31,55.96774193548387,11.290322580645162
HighRes TrueColor 2018 2m Graz - Kopie.png,4962,forestfragmentation,0.38769257068634033,41,21.170731707317074,38.31707317073171
HighRes TrueColor 2018 2m Graz - Kopie.png,4963,forestfragmentation,0.3719603419303894,7,41.57142857142857,56.857142857142854
HighRes TrueColor 2018 2m Graz - Kopie.png,4964,forestfragmentation,0.361524760723114,14,41.214285714285715,39.5
HighRes TrueColor 2018 2m Graz - Kopie.png,4965,forest,0.32845205068588257,7,22.142857142857142,5.142857142857143
HighRes TrueColor 2018 2m Graz - Kopie.png,4966,forestfragmentation,0.30623573064804077,10,9.2,56.6
HighRes TrueColor 2018 2m Graz - Kopie.png,4967,forestfragmentation,0.20467859506607056,27,53.148148148148145,55.333333333333336
HighRes TrueColor 2018 2m Graz - Kopie.png,4968,forest,0.7635387182235718,104,28.509615384615383,36.92307692307692
HighRes TrueColor 2018 2m Graz - Kopie.png,4969,forest,0.558344304561615,31,55.96774193548387,11.290322580645162
HighRes TrueColor 2018 2m Graz - Kopie.png,4970,forestfragmentation,0.38769257068634033,41,21.170731707317074,38.31707317073171
HighRes TrueColor 2018 2m Graz - Kopie.png,4971,forestfragmentation,0.3719603419303894,7,41.57142857142857,56.857142857142854
HighRes TrueColor 2018 2m Graz - Kopie.png,4972,forestfragmentation,0.361524760723114,14,41.214285714285715,39.5
HighRes TrueColor 2018 2m Graz - Kopie.png,4973,forest,0.32845205068588257,7,22.142857142857142,5.142857142857143
HighRes TrueColor 2018 2m Graz - Kopie.png,4974,forestfragmentation,0.30623573064804077,10,9.2,56.6
HighRes TrueColor 2018 2m Graz - Kopie.png,4975,forestfragmentation,0.20467859506607056,27,53.148148148148145,55.333333333333336
HighRes TrueColor 2018 2m Graz - Kopie.png,4976,forest,0.766982913017273,26,6.346153846153846,10.26923076923077
HighRes TrueColor 2018 2m Graz - Kopie.png,4977,forest,0.7192613482475281,102,27.931372549019606,41.705882352941174
HighRes TrueColor 2018 2m Graz - Kopie.png,4978,forest,0.6014597415924072,41,51.63414634146341,9.365853658536585
HighRes TrueColor 2018 2m Graz - Kopie.png,4979,forest,0.591056764125824,31,25.967741935483872,6.0
HighRes TrueColor 2018 2m Graz - Kopie.png,4980,forestfragmentation,0.2064688801765442,9,26.22222222222222,25.666666666666668
HighRes TrueColor 2018 2m Graz - Kopie.png,4981,forest,0.766982913017273,26,6.346153846153846,10.26923076923077
HighRes TrueColor 2018 2m Graz - Kopie.png,4982,forest,0.7192613482475281,102,27.931372549019606,41.705882352941174
HighRes TrueColor 2018 2m Graz - Kopie.png,4983,forest,0.6014597415924072,41,51.63414634146341,9.365853658536585
HighRes TrueColor 2018 2m Graz - Kopie.png,4984,forest,0.591056764125824,31,25.967741935483872,6.0
HighRes TrueColor 2018 2m Graz - Kopie.png,4985,forestfragmentation,0.2064688801765442,9,26.22222222222222,25.666666666666668
HighRes TrueColor 2018 2m Graz - Kopie.png,4986,forest,0.8107629418373108,170,29.958823529411763,25.53529411764706
HighRes TrueColor 2018 2m Graz - Kopie.png,4987,forestfragmentation,0.2681012749671936,23,57.130434782608695,25.652173913043477
HighRes TrueColor 2018 2m Graz - Kopie.png,4988,forestfragmentation,0.23889905214309692,60,16.683333333333334,10.95
HighRes TrueColor 2018 2m Graz - Kopie.png,4989,forestfragmentation,0.21548056602478027,9,57.888888888888886,44.55555555555556
HighRes TrueColor 2018 2m Graz - Kopie.png,4990,forest,0.8107629418373108,170,29.958823529411763,25.53529411764706
HighRes TrueColor 2018 2m Graz - Kopie.png,4991,forestfragmentation,0.2681012749671936,23,57.130434782608695,25.652173913043477
HighRes TrueColor 2018 2m Graz - Kopie.png,4992,forestfragmentation,0.23889905214309692,60,16.683333333333334,10.95
HighRes TrueColor 2018 2m Graz - Kopie.png,4993,forestfragmentation,0.21548056602478027,9,57.888888888888886,44.55555555555556
HighRes TrueColor 2018 2m Graz - Kopie.png,4994,forest,0.8939507007598877,8,18.0,47.0
HighRes TrueColor 2018 2m Graz - Kopie.png,4995,forestfragmentation,0.44103413820266724,15,54.86666666666667,17.733333333333334
HighRes TrueColor 2018 2m Graz - Kopie.png,4996,forestfragmentation,0.430225670337677,17,8.647058823529411,5.294117647058823
HighRes TrueColor 2018 2m Graz - Kopie.png,4997,forestfragmentation,0.3296496868133545,18,45.888888888888886,58.611111111111114
HighRes TrueColor 2018 2m Graz - Kopie.png,4998,forestfragmentation,0.32053691148757935,9,58.111111111111114,12.11111111111111
HighRes TrueColor 2018 2m Graz - Kopie.png,4999,forestfragmentation,0.31486642360687256,60,35.28333333333333,30.75
HighRes TrueColor 2018 2m Graz - Kopie.png,5000,forestfragmentation,0.2913302183151245,15,38.733333333333334,12.133333333333333
HighRes TrueColor 2018 2m Graz - Kopie.png,5001,forestfragmentation,0.2888287305831909,7,16.857142857142858,30.857142857142858
HighRes TrueColor 2018 2m Graz - Kopie.png,5002,forestfragmentation,0.28304558992385864,28,12.535714285714286,23.678571428571427
HighRes TrueColor 2018 2m Graz - Kopie.png,5003,forestfragmentation,0.2239910364151001,15,31.466666666666665,59.333333333333336
HighRes TrueColor 2018 2m Graz - Kopie.png,5004,forestfragmentation,0.2239801287651062,4,31.0,13.5
HighRes TrueColor 2018 2m Graz - Kopie.png,5005,forestfragmentation,0.21393805742263794,4,3.5,62.0
HighRes TrueColor 2018 2m Graz - Kopie.png,5006,forest,0.8939507007598877,8,18.0,47.0
HighRes TrueColor 2018 2m Graz - Kopie.png,5007,forestfragmentation,0.44103413820266724,15,54.86666666666667,17.733333333333334
HighRes TrueColor 2018 2m Graz - Kopie.png,5008,forestfragmentation,0.430225670337677,17,8.647058823529411,5.294117647058823
HighRes TrueColor 2018 2m Graz - Kopie.png,5009,forestfragmentation,0.3296496868133545,18,45.888888888888886,58.611111111111114
HighRes TrueColor 2018 2m Graz - Kopie.png,5010,forestfragmentation,0.32053691148757935,9,58.111111111111114,12.11111111111111
HighRes TrueColor 2018 2m Graz - Kopie.png,5011,forestfragmentation,0.31486642360687256,60,35.28333333333333,30.75
HighRes TrueColor 2018 2m Graz - Kopie.png,5012,forestfragmentation,0.2913302183151245,15,38.733333333333334,12.133333333333333
HighRes TrueColor 2018 2m Graz - Kopie.png,5013,forestfragmentation,0.2888287305831909,7,16.857142857142858,30.857142857142858
HighRes TrueColor 2018 2m Graz - Kopie.png,5014,forestfragmentation,0.28304558992385864,28,12.535714285714286,23.678571428571427
HighRes TrueColor 2018 2m Graz - Kopie.png,5015,forestfragmentation,0.2239910364151001,15,31.466666666666665,59.333333333333336
HighRes TrueColor 2018 2m Graz - Kopie.png,5016,forestfragmentation,0.2239801287651062,4,31.0,13.5
HighRes TrueColor 2018 2m Graz - Kopie.png,5017,forestfragmentation,0.21393805742263794,4,3.5,62.0
HighRes TrueColor 2018 2m Graz - Kopie.png,5018,forest,0.8877280354499817,31,54.45161290322581,19.032258064516128
HighRes TrueColor 2018 2m Graz - Kopie.png,5019,forestfragmentation,0.5139024257659912,9,2.7777777777777777,18.0
HighRes TrueColor 2018 2m Graz - Kopie.png,5020,forestfragmentation,0.472917377948761,9,6.222222222222222,12.11111111111111
HighRes TrueColor 2018 2m Graz - Kopie.png,5021,forestfragmentation,0.45269209146499634,11,16.454545454545453,40.36363636363637
HighRes TrueColor 2018 2m Graz - Kopie.png,5022,forestfragmentation,0.4390066862106323,8,23.0,19.5
HighRes TrueColor 2018 2m Graz - Kopie.png,5023,forestfragmentation,0.39570415019989014,19,50.63157894736842,21.05263157894737
HighRes TrueColor 2018 2m Graz - Kopie.png,5024,forestfragmentation,0.3324531316757202,19,41.78947368421053,54.31578947368421
HighRes TrueColor 2018 2m Graz - Kopie.png,5025,forestfragmentation,0.27365612983703613,28,22.178571428571427,28.357142857142858
HighRes TrueColor 2018 2m Graz - Kopie.png,5026,forestfragmentation,0.2689974904060364,5,54.0,32.0
HighRes TrueColor 2018 2m Graz - Kopie.png,5027,forestfragmentation,0.23783034086227417,6,11.666666666666666,47.833333333333336
HighRes TrueColor 2018 2m Graz - Kopie.png,5028,forest,0.8877280354499817,31,54.45161290322581,19.032258064516128
HighRes TrueColor 2018 2m Graz - Kopie.png,5029,forestfragmentation,0.5139024257659912,9,2.7777777777777777,18.0
HighRes TrueColor 2018 2m Graz - Kopie.png,5030,forestfragmentation,0.472917377948761,9,6.222222222222222,12.11111111111111
HighRes TrueColor 2018 2m Graz - Kopie.png,5031,forestfragmentation,0.45269209146499634,11,16.454545454545453,40.36363636363637
HighRes TrueColor 2018 2m Graz - Kopie.png,5032,forestfragmentation,0.4390066862106323,8,23.0,19.5
HighRes TrueColor 2018 2m Graz - Kopie.png,5033,forestfragmentation,0.39570415019989014,19,50.63157894736842,21.05263157894737
HighRes TrueColor 2018 2m Graz - Kopie.png,5034,forestfragmentation,0.3324531316757202,19,41.78947368421053,54.31578947368421
HighRes TrueColor 2018 2m Graz - Kopie.png,5035,forestfragmentation,0.27365612983703613,28,22.178571428571427,28.357142857142858
HighRes TrueColor 2018 2m Graz - Kopie.png,5036,forestfragmentation,0.2689974904060364,5,54.0,32.0
HighRes TrueColor 2018 2m Graz - Kopie.png,5037,forestfragmentation,0.23783034086227417,6,11.666666666666666,47.833333333333336
HighRes TrueColor 2018 2m Graz - Kopie.png,5038,forest,0.5997476577758789,18,53.833333333333336,45.333333333333336
HighRes TrueColor 2018 2m Graz - Kopie.png,5039,forestfragmentation,0.46411675214767456,9,45.44444444444444,60.22222222222222
HighRes TrueColor 2018 2m Graz - Kopie.png,5040,forestfragmentation,0.26034557819366455,11,24.272727272727273,29.90909090909091
HighRes TrueColor 2018 2m Graz - Kopie.png,5041,forestfragmentation,0.22991740703582764,6,28.0,56.5
HighRes TrueColor 2018 2m Graz - Kopie.png,5042,forest,0.5997476577758789,18,53.833333333333336,45.333333333333336
HighRes TrueColor 2018 2m Graz - Kopie.png,5043,forestfragmentation,0.46411675214767456,9,45.44444444444444,60.22222222222222
HighRes TrueColor 2018 2m Graz - Kopie.png,5044,forestfragmentation,0.26034557819366455,11,24.272727272727273,29.90909090909091
HighRes TrueColor 2018 2m Graz - Kopie.png,5045,forestfragmentation,0.22991740703582764,6,28.0,56.5
HighRes TrueColor 2018 2m Graz - Kopie.png,5046,forest,0.5287411212921143,86,38.96511627906977,53.848837209302324
HighRes TrueColor 2018 2m Graz - Kopie.png,5047,forest,0.3383205533027649,37,9.297297297297296,33.189189189189186
HighRes TrueColor 2018 2m Graz - Kopie.png,5048,forest,0.2677801847457886,98,30.193877551020407,23.897959183673468
HighRes TrueColor 2018 2m Graz - Kopie.png,5049,forestfragmentation,0.2370058298110962,8,11.875,15.375
HighRes TrueColor 2018 2m Graz - Kopie.png,5050,forest,0.5287411212921143,86,38.96511627906977,53.848837209302324
HighRes TrueColor 2018 2m Graz - Kopie.png,5051,forest,0.3383205533027649,37,9.297297297297296,33.189189189189186
HighRes TrueColor 2018 2m Graz - Kopie.png,5052,forest,0.2677801847457886,98,30.193877551020407,23.897959183673468
HighRes TrueColor 2018 2m Graz - Kopie.png,5053,forestfragmentation,0.2370058298110962,8,11.875,15.375
HighRes TrueColor 2018 2m Graz - Kopie.png,5054,forest,0.6072706580162048,23,51.95652173913044,57.91304347826087
HighRes TrueColor 2018 2m Graz - Kopie.png,5055,forest,0.26217085123062134,27,7.925925925925926,46.03703703703704
HighRes TrueColor 2018 2m Graz - Kopie.png,5056,forest,0.6072706580162048,23,51.95652173913044,57.91304347826087
HighRes TrueColor 2018 2m Graz - Kopie.png,5057,forest,0.26217085123062134,27,7.925925925925926,46.03703703703704
HighRes TrueColor 2018 2m Graz - Kopie.png,5058,forest,0.5470330715179443,22,55.09090909090909,12.681818181818182
HighRes TrueColor 2018 2m Graz - Kopie.png,5059,forest,0.46062248945236206,48,28.604166666666668,47.6875
HighRes TrueColor 2018 2m Graz - Kopie.png,5060,forest,0.44977492094039917,20,56.95,22.0
HighRes TrueColor 2018 2m Graz - Kopie.png,5061,forestfragmentation,0.39755553007125854,14,55.357142857142854,53.07142857142857
HighRes TrueColor 2018 2m Graz - Kopie.png,5062,forest,0.31992053985595703,14,21.142857142857142,2.7857142857142856
HighRes TrueColor 2018 2m Graz - Kopie.png,5063,forest,0.295884370803833,10,54.6,5.4
HighRes TrueColor 2018 2m Graz - Kopie.png,5064,forest,0.27446258068084717,7,43.0,31.285714285714285
HighRes TrueColor 2018 2m Graz - Kopie.png,5065,forest,0.5470330715179443,22,55.09090909090909,12.681818181818182
HighRes TrueColor 2018 2m Graz - Kopie.png,5066,forest,0.46062248945236206,48,28.604166666666668,47.6875
HighRes TrueColor 2018 2m Graz - Kopie.png,5067,forest,0.44977492094039917,20,56.95,22.0
HighRes TrueColor 2018 2m Graz - Kopie.png,5068,forestfragmentation,0.39755553007125854,14,55.357142857142854,53.07142857142857
HighRes TrueColor 2018 2m Graz - Kopie.png,5069,forest,0.31992053985595703,14,21.142857142857142,2.7857142857142856
HighRes TrueColor 2018 2m Graz - Kopie.png,5070,forest,0.295884370803833,10,54.6,5.4
HighRes TrueColor 2018 2m Graz - Kopie.png,5071,forest,0.27446258068084717,7,43.0,31.285714285714285
HighRes TrueColor 2018 2m Graz - Kopie.png,5072,forest,0.8452374339103699,140,30.707142857142856,17.735714285714284
HighRes TrueColor 2018 2m Graz - Kopie.png,5073,forestfragmentation,0.6065807938575745,17,58.588235294117645,55.05882352941177
HighRes TrueColor 2018 2m Graz - Kopie.png,5074,forestfragmentation,0.49684780836105347,10,2.3,55.7
HighRes TrueColor 2018 2m Graz - Kopie.png,5075,forest,0.8452374339103699,140,30.707142857142856,17.735714285714284
HighRes TrueColor 2018 2m Graz - Kopie.png,5076,forestfragmentation,0.6065807938575745,17,58.588235294117645,55.05882352941177
HighRes TrueColor 2018 2m Graz - Kopie.png,5077,forestfragmentation,0.49684780836105347,10,2.3,55.7
HighRes TrueColor 2018 2m Graz - Kopie.png,5078,forest,0.7738209366798401,77,14.948051948051948,36.4025974025974
HighRes TrueColor 2018 2m Graz - Kopie.png,5079,forestfragmentation,0.5046404600143433,51,34.588235294117645,10.745098039215685
HighRes TrueColor 2018 2m Graz - Kopie.png,5080,forestfragmentation,0.45711058378219604,13,53.61538461538461,44.53846153846154
HighRes TrueColor 2018 2m Graz - Kopie.png,5081,forestfragmentation,0.3035634160041809,12,58.666666666666664,30.916666666666668
HighRes TrueColor 2018 2m Graz - Kopie.png,5082,forest,0.7738209366798401,77,14.948051948051948,36.4025974025974
HighRes TrueColor 2018 2m Graz - Kopie.png,5083,forestfragmentation,0.5046404600143433,51,34.588235294117645,10.745098039215685
HighRes TrueColor 2018 2m Graz - Kopie.png,5084,forestfragmentation,0.45711058378219604,13,53.61538461538461,44.53846153846154
HighRes TrueColor 2018 2m Graz - Kopie.png,5085,forestfragmentation,0.3035634160041809,12,58.666666666666664,30.916666666666668
HighRes TrueColor 2018 2m Graz - Kopie.png,5086,forest,0.6470037698745728,106,36.20754716981132,47.45283018867924
HighRes TrueColor 2018 2m Graz - Kopie.png,5087,forestfragmentation,0.4828910827636719,26,23.03846153846154,9.73076923076923
HighRes TrueColor 2018 2m Graz - Kopie.png,5088,forestfragmentation,0.31696617603302,8,12.375,22.25
HighRes TrueColor 2018 2m Graz - Kopie.png,5089,forestfragmentation,0.20777922868728638,7,9.285714285714286,1.0
HighRes TrueColor 2018 2m Graz - Kopie.png,5090,forest,0.6470037698745728,106,36.20754716981132,47.45283018867924
HighRes TrueColor 2018 2m Graz - Kopie.png,5091,forestfragmentation,0.4828910827636719,26,23.03846153846154,9.73076923076923
HighRes TrueColor 2018 2m Graz - Kopie.png,5092,forestfragmentation,0.31696617603302,8,12.375,22.25
HighRes TrueColor 2018 2m Graz - Kopie.png,5093,forestfragmentation,0.20777922868728638,7,9.285714285714286,1.0
HighRes TrueColor 2018 2m Graz - Kopie.png,5094,forest,0.8483856916427612,65,31.384615384615383,32.36923076923077
HighRes TrueColor 2018 2m Graz - Kopie.png,5095,forestfragmentation,0.45151472091674805,68,40.88235294117647,22.823529411764707
HighRes TrueColor 2018 2m Graz - Kopie.png,5096,forestfragmentation,0.38924503326416016,12,9.666666666666666,23.5
HighRes TrueColor 2018 2m Graz - Kopie.png,5097,forestfragmentation,0.26845020055770874,11,2.3636363636363638,27.272727272727273
HighRes TrueColor 2018 2m Graz - Kopie.png,5098,forestfragmentation,0.2605944871902466,14,17.571428571428573,45.642857142857146
HighRes TrueColor 2018 2m Graz - Kopie.png,5099,forestfragmentation,0.23183679580688477,14,17.0,12.428571428571429
HighRes TrueColor 2018 2m Graz - Kopie.png,5100,forest,0.8483856916427612,65,31.384615384615383,32.36923076923077
HighRes TrueColor 2018 2m Graz - Kopie.png,5101,forestfragmentation,0.45151472091674805,68,40.88235294117647,22.823529411764707
HighRes TrueColor 2018 2m Graz - Kopie.png,5102,forestfragmentation,0.38924503326416016,12,9.666666666666666,23.5
HighRes TrueColor 2018 2m Graz - Kopie.png,5103,forestfragmentation,0.26845020055770874,11,2.3636363636363638,27.272727272727273
HighRes TrueColor 2018 2m Graz - Kopie.png,5104,forestfragmentation,0.2605944871902466,14,17.571428571428573,45.642857142857146
HighRes TrueColor 2018 2m Graz - Kopie.png,5105,forestfragmentation,0.23183679580688477,14,17.0,12.428571428571429
HighRes TrueColor 2018 2m Graz - Kopie.png,5106,forest,0.6678128242492676,81,29.728395061728396,40.25925925925926
HighRes TrueColor 2018 2m Graz - Kopie.png,5107,forestfragmentation,0.4584507346153259,7,1.8571428571428572,24.142857142857142
HighRes TrueColor 2018 2m Graz - Kopie.png,5108,forestfragmentation,0.3537144064903259,59,30.271186440677965,22.661016949152543
HighRes TrueColor 2018 2m Graz - Kopie.png,5109,forestfragmentation,0.3027997612953186,6,2.6666666666666665,61.166666666666664
HighRes TrueColor 2018 2m Graz - Kopie.png,5110,forestfragmentation,0.2398037314414978,12,8.333333333333334,12.666666666666666
HighRes TrueColor 2018 2m Graz - Kopie.png,5111,forestfragmentation,0.23792845010757446,13,8.384615384615385,45.69230769230769
HighRes TrueColor 2018 2m Graz - Kopie.png,5112,forest,0.6678128242492676,81,29.728395061728396,40.25925925925926
HighRes TrueColor 2018 2m Graz - Kopie.png,5113,forestfragmentation,0.4584507346153259,7,1.8571428571428572,24.142857142857142
HighRes TrueColor 2018 2m Graz - Kopie.png,5114,forestfragmentation,0.3537144064903259,59,30.271186440677965,22.661016949152543
HighRes TrueColor 2018 2m Graz - Kopie.png,5115,forestfragmentation,0.3027997612953186,6,2.6666666666666665,61.166666666666664
HighRes TrueColor 2018 2m Graz - Kopie.png,5116,forestfragmentation,0.2398037314414978,12,8.333333333333334,12.666666666666666
HighRes TrueColor 2018 2m Graz - Kopie.png,5117,forestfragmentation,0.23792845010757446,13,8.384615384615385,45.69230769230769
HighRes TrueColor 2018 2m Graz - Kopie.png,5118,forest,0.9325855374336243,82,27.402439024390244,44.0609756097561
HighRes TrueColor 2018 2m Graz - Kopie.png,5119,forestfragmentation,0.5391656756401062,9,33.77777777777778,25.666666666666668
HighRes TrueColor 2018 2m Graz - Kopie.png,5120,forestfragmentation,0.3340144157409668,9,57.111111111111114,13.222222222222221
HighRes TrueColor 2018 2m Graz - Kopie.png,5121,forestfragmentation,0.250416100025177,7,9.428571428571429,2.5714285714285716
HighRes TrueColor 2018 2m Graz - Kopie.png,5122,forestfragmentation,0.22017866373062134,13,11.615384615384615,20.615384615384617
HighRes TrueColor 2018 2m Graz - Kopie.png,5123,forest,0.9325855374336243,82,27.402439024390244,44.0609756097561
HighRes TrueColor 2018 2m Graz - Kopie.png,5124,forestfragmentation,0.5391656756401062,9,33.77777777777778,25.666666666666668
HighRes TrueColor 2018 2m Graz - Kopie.png,5125,forestfragmentation,0.3340144157409668,9,57.111111111111114,13.222222222222221
HighRes TrueColor 2018 2m Graz - Kopie.png,5126,forestfragmentation,0.250416100025177,7,9.428571428571429,2.5714285714285716
HighRes TrueColor 2018 2m Graz - Kopie.png,5127,forestfragmentation,0.22017866373062134,13,11.615384615384615,20.615384615384617
HighRes TrueColor 2018 2m Graz - Kopie.png,5128,forest,0.9445202946662903,150,29.04,28.933333333333334
HighRes TrueColor 2018 2m Graz - Kopie.png,5129,forestfragmentation,0.5614858269691467,10,11.7,16.5
HighRes TrueColor 2018 2m Graz - Kopie.png,5130,forestfragmentation,0.3867802023887634,7,5.428571428571429,13.0
HighRes TrueColor 2018 2m Graz - Kopie.png,5131,forestfragmentation,0.31865811347961426,10,20.5,9.5
HighRes TrueColor 2018 2m Graz - Kopie.png,5132,forestfragmentation,0.30787599086761475,9,25.22222222222222,22.555555555555557
HighRes TrueColor 2018 2m Graz - Kopie.png,5133,forest,0.9445202946662903,150,29.04,28.933333333333334
HighRes TrueColor 2018 2m Graz - Kopie.png,5134,forestfragmentation,0.5614858269691467,10,11.7,16.5
HighRes TrueColor 2018 2m Graz - Kopie.png,5135,forestfragmentation,0.3867802023887634,7,5.428571428571429,13.0
HighRes TrueColor 2018 2m Graz - Kopie.png,5136,forestfragmentation,0.31865811347961426,10,20.5,9.5
HighRes TrueColor 2018 2m Graz - Kopie.png,5137,forestfragmentation,0.30787599086761475,9,25.22222222222222,22.555555555555557
HighRes TrueColor 2018 2m Graz - Kopie.png,5138,forest,0.617506742477417,143,23.20979020979021,47.73426573426573
HighRes TrueColor 2018 2m Graz - Kopie.png,5139,forestfragmentation,0.3534240126609802,70,46.871428571428574,37.01428571428571
HighRes TrueColor 2018 2m Graz - Kopie.png,5140,forestfragmentation,0.23340165615081787,10,41.7,5.4
HighRes TrueColor 2018 2m Graz - Kopie.png,5141,forestfragmentation,0.21731269359588623,6,52.5,62.0
HighRes TrueColor 2018 2m Graz - Kopie.png,5142,forest,0.617506742477417,143,23.20979020979021,47.73426573426573
HighRes TrueColor 2018 2m Graz - Kopie.png,5143,forestfragmentation,0.3534240126609802,70,46.871428571428574,37.01428571428571
HighRes TrueColor 2018 2m Graz - Kopie.png,5144,forestfragmentation,0.23340165615081787,10,41.7,5.4
HighRes TrueColor 2018 2m Graz - Kopie.png,5145,forestfragmentation,0.21731269359588623,6,52.5,62.0
HighRes TrueColor 2018 2m Graz - Kopie.png,5146,forest,0.6392354369163513,15,5.266666666666667,55.13333333333333
HighRes TrueColor 2018 2m Graz - Kopie.png,5147,forest,0.5845124125480652,34,6.911764705882353,27.941176470588236
HighRes TrueColor 2018 2m Graz - Kopie.png,5148,forest,0.43459975719451904,46,24.41304347826087,47.45652173913044
HighRes TrueColor 2018 2m Graz - Kopie.png,5149,forest,0.4069722294807434,27,30.22222222222222,5.074074074074074
HighRes TrueColor 2018 2m Graz - Kopie.png,5150,forest,0.25736063718795776,50,47.44,27.86
HighRes TrueColor 2018 2m Graz - Kopie.png,5151,forest,0.6392354369163513,15,5.266666666666667,55.13333333333333
HighRes TrueColor 2018 2m Graz - Kopie.png,5152,forest,0.5845124125480652,34,6.911764705882353,27.941176470588236
HighRes TrueColor 2018 2m Graz - Kopie.png,5153,forest,0.43459975719451904,46,24.41304347826087,47.45652173913044
HighRes TrueColor 2018 2m Graz - Kopie.png,5154,forest,0.4069722294807434,27,30.22222222222222,5.074074074074074
HighRes TrueColor 2018 2m Graz - Kopie.png,5155,forest,0.25736063718795776,50,47.44,27.86
HighRes TrueColor 2018 2m Graz - Kopie.png,5156,forest,0.540794312953949,81,26.679012345679013,43.407407407407405
HighRes TrueColor 2018 2m Graz - Kopie.png,5157,forestfragmentation,0.47995567321777344,7,17.142857142857142,34.142857142857146
HighRes TrueColor 2018 2m Graz - Kopie.png,5158,forestfragmentation,0.22302758693695068,34,15.794117647058824,52.23529411764706
HighRes TrueColor 2018 2m Graz - Kopie.png,5159,forestfragmentation,0.21643608808517456,6,60.5,1.5
HighRes TrueColor 2018 2m Graz - Kopie.png,5160,forest,0.540794312953949,81,26.679012345679013,43.407407407407405
HighRes TrueColor 2018 2m Graz - Kopie.png,5161,forestfragmentation,0.47995567321777344,7,17.142857142857142,34.142857142857146
HighRes TrueColor 2018 2m Graz - Kopie.png,5162,forestfragmentation,0.22302758693695068,34,15.794117647058824,52.23529411764706
HighRes TrueColor 2018 2m Graz - Kopie.png,5163,forestfragmentation,0.21643608808517456,6,60.5,1.5
HighRes TrueColor 2018 2m Graz - Kopie.png,5164,forest,0.7552614808082581,21,7.809523809523809,24.952380952380953
HighRes TrueColor 2018 2m Graz - Kopie.png,5165,forestfragmentation,0.4823344349861145,12,46.0,5.25
HighRes TrueColor 2018 2m Graz - Kopie.png,5166,forestfragmentation,0.3945602774620056,10,34.1,42.7
HighRes TrueColor 2018 2m Graz - Kopie.png,5167,forestfragmentation,0.2642659544944763,6,8.833333333333334,1.6666666666666667
HighRes TrueColor 2018 2m Graz - Kopie.png,5168,forestfragmentation,0.26415884494781494,49,32.42857142857143,30.06122448979592
HighRes TrueColor 2018 2m Graz - Kopie.png,5169,forestfragmentation,0.2152675986289978,14,33.142857142857146,7.642857142857143
HighRes TrueColor 2018 2m Graz - Kopie.png,5170,forest,0.7552614808082581,21,7.809523809523809,24.952380952380953
HighRes TrueColor 2018 2m Graz - Kopie.png,5171,forestfragmentation,0.4823344349861145,12,46.0,5.25
HighRes TrueColor 2018 2m Graz - Kopie.png,5172,forestfragmentation,0.3945602774620056,10,34.1,42.7
HighRes TrueColor 2018 2m Graz - Kopie.png,5173,forestfragmentation,0.2642659544944763,6,8.833333333333334,1.6666666666666667
HighRes TrueColor 2018 2m Graz - Kopie.png,5174,forestfragmentation,0.26415884494781494,49,32.42857142857143,30.06122448979592
HighRes TrueColor 2018 2m Graz - Kopie.png,5175,forestfragmentation,0.2152675986289978,14,33.142857142857146,7.642857142857143
HighRes TrueColor 2018 2m Graz - Kopie.png,5176,forest,0.9318799376487732,4,31.5,31.5
HighRes TrueColor 2018 2m Graz - Kopie.png,5177,forestfragmentation,0.4994330406188965,28,28.107142857142858,41.67857142857143
HighRes TrueColor 2018 2m Graz - Kopie.png,5178,forestfragmentation,0.45042794942855835,21,30.0,7.238095238095238
HighRes TrueColor 2018 2m Graz - Kopie.png,5179,forestfragmentation,0.4485170841217041,10,42.5,49.8
HighRes TrueColor 2018 2m Graz - Kopie.png,5180,forestfragmentation,0.4046294689178467,12,3.9166666666666665,32.5
HighRes TrueColor 2018 2m Graz - Kopie.png,5181,forestfragmentation,0.2639161944389343,10,55.4,38.2
HighRes TrueColor 2018 2m Graz - Kopie.png,5182,forestfragmentation,0.2574203610420227,14,42.142857142857146,3.2142857142857144
HighRes TrueColor 2018 2m Graz - Kopie.png,5183,forestfragmentation,0.2553846836090088,8,55.25,10.25
HighRes TrueColor 2018 2m Graz - Kopie.png,5184,forestfragmentation,0.2327367663383484,4,17.0,7.0
HighRes TrueColor 2018 2m Graz - Kopie.png,5185,forest,0.9318799376487732,4,31.5,31.5
HighRes TrueColor 2018 2m Graz - Kopie.png,5186,forestfragmentation,0.4994330406188965,28,28.107142857142858,41.67857142857143
HighRes TrueColor 2018 2m Graz - Kopie.png,5187,forestfragmentation,0.45042794942855835,21,30.0,7.238095238095238
HighRes TrueColor 2018 2m Graz - Kopie.png,5188,forestfragmentation,0.4485170841217041,10,42.5,49.8
HighRes TrueColor 2018 2m Graz - Kopie.png,5189,forestfragmentation,0.4046294689178467,12,3.9166666666666665,32.5
HighRes TrueColor 2018 2m Graz - Kopie.png,5190,forestfragmentation,0.2639161944389343,10,55.4,38.2
HighRes TrueColor 2018 2m Graz - Kopie.png,5191,forestfragmentation,0.2574203610420227,14,42.142857142857146,3.2142857142857144
HighRes TrueColor 2018 2m Graz - Kopie.png,5192,forestfragmentation,0.2553846836090088,8,55.25,10.25
HighRes TrueColor 2018 2m Graz - Kopie.png,5193,forestfragmentation,0.2327367663383484,4,17.0,7.0
HighRes TrueColor 2018 2m Graz - Kopie.png,5194,forest,0.8865018486976624,14,52.142857142857146,15.285714285714286
HighRes TrueColor 2018 2m Graz - Kopie.png,5195,forestfragmentation,0.4359385371208191,10,42.5,30.9
HighRes TrueColor 2018 2m Graz - Kopie.png,5196,forestfragmentation,0.2753862738609314,8,3.25,10.25
HighRes TrueColor 2018 2m Graz - Kopie.png,5197,forestfragmentation,0.254191517829895,13,29.076923076923077,26.46153846153846
HighRes TrueColor 2018 2m Graz - Kopie.png,5198,forestfragmentation,0.23508542776107788,11,9.363636363636363,2.727272727272727
HighRes TrueColor 2018 2m Graz - Kopie.png,5199,forestfragmentation,0.21731030941009521,12,3.25,38.0
HighRes TrueColor 2018 2m Graz - Kopie.png,5200,forestfragmentation,0.21655017137527466,9,20.22222222222222,14.0
HighRes TrueColor 2018 2m Graz - Kopie.png,5201,forestfragmentation,0.20944488048553467,14,41.285714285714285,40.0
HighRes TrueColor 2018 2m Graz - Kopie.png,5202,forestfragmentation,0.2059037685394287,8,39.875,55.625
HighRes TrueColor 2018 2m Graz - Kopie.png,5203,forest,0.8865018486976624,14,52.142857142857146,15.285714285714286
HighRes TrueColor 2018 2m Graz - Kopie.png,5204,forestfragmentation,0.4359385371208191,10,42.5,30.9
HighRes TrueColor 2018 2m Graz - Kopie.png,5205,forestfragmentation,0.2753862738609314,8,3.25,10.25
HighRes TrueColor 2018 2m Graz - Kopie.png,5206,forestfragmentation,0.254191517829895,13,29.076923076923077,26.46153846153846
HighRes TrueColor 2018 2m Graz - Kopie.png,5207,forestfragmentation,0.23508542776107788,11,9.363636363636363,2.727272727272727
HighRes TrueColor 2018 2m Graz - Kopie.png,5208,forestfragmentation,0.21731030941009521,12,3.25,38.0
HighRes TrueColor 2018 2m Graz - Kopie.png,5209,forestfragmentation,0.21655017137527466,9,20.22222222222222,14.0
HighRes TrueColor 2018 2m Graz - Kopie.png,5210,forestfragmentation,0.20944488048553467,14,41.285714285714285,40.0
HighRes TrueColor 2018 2m Graz - Kopie.png,5211,forestfragmentation,0.2059037685394287,8,39.875,55.625
HighRes TrueColor 2018 2m Graz - Kopie.png,5212,forest,0.9324239492416382,55,48.472727272727276,27.836363636363636
HighRes TrueColor 2018 2m Graz - Kopie.png,5213,forestfragmentation,0.49747735261917114,23,25.347826086956523,33.91304347826087
HighRes TrueColor 2018 2m Graz - Kopie.png,5214,forestfragmentation,0.44011884927749634,7,36.142857142857146,20.714285714285715
HighRes TrueColor 2018 2m Graz - Kopie.png,5215,forestfragmentation,0.4372468590736389,13,35.69230769230769,42.0
HighRes TrueColor 2018 2m Graz - Kopie.png,5216,forestfragmentation,0.42994505167007446,16,7.1875,33.8125
HighRes TrueColor 2018 2m Graz - Kopie.png,5217,forest,0.9324239492416382,55,48.472727272727276,27.836363636363636
HighRes TrueColor 2018 2m Graz - Kopie.png,5218,forestfragmentation,0.49747735261917114,23,25.347826086956523,33.91304347826087
HighRes TrueColor 2018 2m Graz - Kopie.png,5219,forestfragmentation,0.44011884927749634,7,36.142857142857146,20.714285714285715
HighRes TrueColor 2018 2m Graz - Kopie.png,5220,forestfragmentation,0.4372468590736389,13,35.69230769230769,42.0
HighRes TrueColor 2018 2m Graz - Kopie.png,5221,forestfragmentation,0.42994505167007446,16,7.1875,33.8125
HighRes TrueColor 2018 2m Graz - Kopie.png,5222,forest,0.45116961002349854,63,14.80952380952381,13.857142857142858
HighRes TrueColor 2018 2m Graz - Kopie.png,5223,forest,0.36680883169174194,22,42.0,19.772727272727273
HighRes TrueColor 2018 2m Graz - Kopie.png,5224,forest,0.31232553720474243,15,4.0,56.86666666666667
HighRes TrueColor 2018 2m Graz - Kopie.png,5225,forestfragmentation,0.25296664237976074,12,15.25,22.916666666666668
HighRes TrueColor 2018 2m Graz - Kopie.png,5226,forest,0.22866666316986084,39,12.58974358974359,33.53846153846154
HighRes TrueColor 2018 2m Graz - Kopie.png,5227,forest,0.45116961002349854,63,14.80952380952381,13.857142857142858
HighRes TrueColor 2018 2m Graz - Kopie.png,5228,forest,0.36680883169174194,22,42.0,19.772727272727273
HighRes TrueColor 2018 2m Graz - Kopie.png,5229,forest,0.31232553720474243,15,4.0,56.86666666666667
HighRes TrueColor 2018 2m Graz - Kopie.png,5230,forestfragmentation,0.25296664237976074,12,15.25,22.916666666666668
HighRes TrueColor 2018 2m Graz - Kopie.png,5231,forest,0.22866666316986084,39,12.58974358974359,33.53846153846154
HighRes TrueColor 2018 2m Graz - Kopie.png,5232,forest,0.9088070392608643,30,8.466666666666667,39.666666666666664
HighRes TrueColor 2018 2m Graz - Kopie.png,5233,forestfragmentation,0.29358047246932983,10,53.8,2.9
HighRes TrueColor 2018 2m Graz - Kopie.png,5234,forestfragmentation,0.2784503102302551,13,50.53846153846154,23.307692307692307
HighRes TrueColor 2018 2m Graz - Kopie.png,5235,forestfragmentation,0.23386234045028687,11,41.72727272727273,7.545454545454546
HighRes TrueColor 2018 2m Graz - Kopie.png,5236,forestfragmentation,0.22792959213256836,10,22.5,55.5
HighRes TrueColor 2018 2m Graz - Kopie.png,5237,forest,0.9088070392608643,30,8.466666666666667,39.666666666666664
HighRes TrueColor 2018 2m Graz - Kopie.png,5238,forestfragmentation,0.29358047246932983,10,53.8,2.9
HighRes TrueColor 2018 2m Graz - Kopie.png,5239,forestfragmentation,0.2784503102302551,13,50.53846153846154,23.307692307692307
HighRes TrueColor 2018 2m Graz - Kopie.png,5240,forestfragmentation,0.23386234045028687,11,41.72727272727273,7.545454545454546
HighRes TrueColor 2018 2m Graz - Kopie.png,5241,forestfragmentation,0.22792959213256836,10,22.5,55.5
HighRes TrueColor 2018 2m Graz - Kopie.png,5242,forest,0.8535510897636414,37,52.729729729729726,38.08108108108108
HighRes TrueColor 2018 2m Graz - Kopie.png,5243,forestfragmentation,0.6015880703926086,44,20.84090909090909,20.886363636363637
HighRes TrueColor 2018 2m Graz - Kopie.png,5244,forestfragmentation,0.531758189201355,11,57.90909090909091,4.2727272727272725
HighRes TrueColor 2018 2m Graz - Kopie.png,5245,forestfragmentation,0.4903603792190552,9,3.0,3.2222222222222223
HighRes TrueColor 2018 2m Graz - Kopie.png,5246,forestfragmentation,0.4048768877983093,5,44.8,8.8
HighRes TrueColor 2018 2m Graz - Kopie.png,5247,forestfragmentation,0.3546321392059326,7,41.285714285714285,34.714285714285715
HighRes TrueColor 2018 2m Graz - Kopie.png,5248,forestfragmentation,0.322903573513031,10,53.2,12.1
HighRes TrueColor 2018 2m Graz - Kopie.png,5249,forestfragmentation,0.29547005891799927,8,21.875,59.75
HighRes TrueColor 2018 2m Graz - Kopie.png,5250,forestfragmentation,0.2275964617729187,7,22.428571428571427,50.857142857142854
HighRes TrueColor 2018 2m Graz - Kopie.png,5251,forest,0.8535510897636414,37,52.729729729729726,38.08108108108108
HighRes TrueColor 2018 2m Graz - Kopie.png,5252,forestfragmentation,0.6015880703926086,44,20.84090909090909,20.886363636363637
HighRes TrueColor 2018 2m Graz - Kopie.png,5253,forestfragmentation,0.531758189201355,11,57.90909090909091,4.2727272727272725
HighRes TrueColor 2018 2m Graz - Kopie.png,5254,forestfragmentation,0.4903603792190552,9,3.0,3.2222222222222223
HighRes TrueColor 2018 2m Graz - Kopie.png,5255,forestfragmentation,0.4048768877983093,5,44.8,8.8
HighRes TrueColor 2018 2m Graz - Kopie.png,5256,forestfragmentation,0.3546321392059326,7,41.285714285714285,34.714285714285715
HighRes TrueColor 2018 2m Graz - Kopie.png,5257,forestfragmentation,0.322903573513031,10,53.2,12.1
HighRes TrueColor 2018 2m Graz - Kopie.png,5258,forestfragmentation,0.29547005891799927,8,21.875,59.75
HighRes TrueColor 2018 2m Graz - Kopie.png,5259,forestfragmentation,0.2275964617729187,7,22.428571428571427,50.857142857142854
HighRes TrueColor 2018 2m Graz - Kopie.png,5260,forest,0.6087170839309692,14,36.714285714285715,13.928571428571429
HighRes TrueColor 2018 2m Graz - Kopie.png,5261,forest,0.5539572834968567,48,13.0,20.833333333333332
HighRes TrueColor 2018 2m Graz - Kopie.png,5262,forest,0.4252300262451172,16,57.375,12.8125
HighRes TrueColor 2018 2m Graz - Kopie.png,5263,forestfragmentation,0.4217044711112976,10,2.0,12.2
HighRes TrueColor 2018 2m Graz - Kopie.png,5264,forest,0.30493342876434326,11,45.90909090909091,26.181818181818183
HighRes TrueColor 2018 2m Graz - Kopie.png,5265,forestfragmentation,0.2376852035522461,26,53.65384615384615,59.76923076923077
HighRes TrueColor 2018 2m Graz - Kopie.png,5266,forestfragmentation,0.21168524026870728,54,17.40740740740741,34.74074074074074
HighRes TrueColor 2018 2m Graz - Kopie.png,5267,forest,0.6087170839309692,14,36.714285714285715,13.928571428571429
HighRes TrueColor 2018 2m Graz - Kopie.png,5268,forest,0.5539572834968567,48,13.0,20.833333333333332
HighRes TrueColor 2018 2m Graz - Kopie.png,5269,forest,0.4252300262451172,16,57.375,12.8125
HighRes TrueColor 2018 2m Graz - Kopie.png,5270,forestfragmentation,0.4217044711112976,10,2.0,12.2
HighRes TrueColor 2018 2m Graz - Kopie.png,5271,forest,0.30493342876434326,11,45.90909090909091,26.181818181818183
HighRes TrueColor 2018 2m Graz - Kopie.png,5272,forestfragmentation,0.2376852035522461,26,53.65384615384615,59.76923076923077
HighRes TrueColor 2018 2m Graz - Kopie.png,5273,forestfragmentation,0.21168524026870728,54,17.40740740740741,34.74074074074074
HighRes TrueColor 2018 2m Graz - Kopie.png,5274,forest,0.6014884114265442,13,44.69230769230769,4.461538461538462
HighRes TrueColor 2018 2m Graz - Kopie.png,5275,forest,0.5886381268501282,118,36.97457627118644,34.313559322033896
HighRes TrueColor 2018 2m Graz - Kopie.png,5276,forestfragmentation,0.4180135130882263,17,5.0,59.1764705882353
HighRes TrueColor 2018 2m Graz - Kopie.png,5277,forestfragmentation,0.40582239627838135,17,25.235294117647058,51.705882352941174
HighRes TrueColor 2018 2m Graz - Kopie.png,5278,forestfragmentation,0.27687108516693115,11,14.727272727272727,22.09090909090909
HighRes TrueColor 2018 2m Graz - Kopie.png,5279,forestfragmentation,0.27388960123062134,31,17.419354838709676,37.58064516129032
HighRes TrueColor 2018 2m Graz - Kopie.png,5280,forest,0.6014884114265442,13,44.69230769230769,4.461538461538462
HighRes TrueColor 2018 2m Graz - Kopie.png,5281,forest,0.5886381268501282,118,36.97457627118644,34.313559322033896
HighRes TrueColor 2018 2m Graz - Kopie.png,5282,forestfragmentation,0.4180135130882263,17,5.0,59.1764705882353
HighRes TrueColor 2018 2m Graz - Kopie.png,5283,forestfragmentation,0.40582239627838135,17,25.235294117647058,51.705882352941174
HighRes TrueColor 2018 2m Graz - Kopie.png,5284,forestfragmentation,0.27687108516693115,11,14.727272727272727,22.09090909090909
HighRes TrueColor 2018 2m Graz - Kopie.png,5285,forestfragmentation,0.27388960123062134,31,17.419354838709676,37.58064516129032
HighRes TrueColor 2018 2m Graz - Kopie.png,5286,forest,0.7857275605201721,130,28.523076923076925,41.89230769230769
HighRes TrueColor 2018 2m Graz - Kopie.png,5287,forest,0.7857275605201721,130,28.523076923076925,41.89230769230769
HighRes TrueColor 2018 2m Graz - Kopie.png,5288,forest,0.7450430989265442,70,28.12857142857143,40.371428571428574
HighRes TrueColor 2018 2m Graz - Kopie.png,5289,forestfragmentation,0.40838468074798584,26,49.42307692307692,13.923076923076923
HighRes TrueColor 2018 2m Graz - Kopie.png,5290,forestfragmentation,0.2734951972961426,9,2.5555555555555554,9.555555555555555
HighRes TrueColor 2018 2m Graz - Kopie.png,5291,forest,0.7450430989265442,70,28.12857142857143,40.371428571428574
HighRes TrueColor 2018 2m Graz - Kopie.png,5292,forestfragmentation,0.40838468074798584,26,49.42307692307692,13.923076923076923
HighRes TrueColor 2018 2m Graz - Kopie.png,5293,forestfragmentation,0.2734951972961426,9,2.5555555555555554,9.555555555555555
HighRes TrueColor 2018 2m Graz - Kopie.png,5294,forest,0.9597511291503906,52,38.55769230769231,17.25
HighRes TrueColor 2018 2m Graz - Kopie.png,5295,forestfragmentation,0.6322790384292603,39,22.615384615384617,10.76923076923077
HighRes TrueColor 2018 2m Graz - Kopie.png,5296,forestfragmentation,0.45039302110671997,7,15.428571428571429,28.285714285714285
HighRes TrueColor 2018 2m Graz - Kopie.png,5297,forestfragmentation,0.42994678020477295,35,33.628571428571426,40.857142857142854
HighRes TrueColor 2018 2m Graz - Kopie.png,5298,forestfragmentation,0.32259654998779297,11,19.272727272727273,42.36363636363637
HighRes TrueColor 2018 2m Graz - Kopie.png,5299,forestfragmentation,0.3183166980743408,10,40.4,13.9
HighRes TrueColor 2018 2m Graz - Kopie.png,5300,forestfragmentation,0.27633136510849,8,7.25,46.375
HighRes TrueColor 2018 2m Graz - Kopie.png,5301,forest,0.9597511291503906,52,38.55769230769231,17.25
HighRes TrueColor 2018 2m Graz - Kopie.png,5302,forestfragmentation,0.6322790384292603,39,22.615384615384617,10.76923076923077
HighRes TrueColor 2018 2m Graz - Kopie.png,5303,forestfragmentation,0.45039302110671997,7,15.428571428571429,28.285714285714285
HighRes TrueColor 2018 2m Graz - Kopie.png,5304,forestfragmentation,0.42994678020477295,35,33.628571428571426,40.857142857142854
HighRes TrueColor 2018 2m Graz - Kopie.png,5305,forestfragmentation,0.32259654998779297,11,19.272727272727273,42.36363636363637
HighRes TrueColor 2018 2m Graz - Kopie.png,5306,forestfragmentation,0.3183166980743408,10,40.4,13.9
HighRes TrueColor 2018 2m Graz - Kopie.png,5307,forestfragmentation,0.27633136510849,8,7.25,46.375
HighRes TrueColor 2018 2m Graz - Kopie.png,5308,forest,0.6695601344108582,174,30.379310344827587,39.94827586206897
HighRes TrueColor 2018 2m Graz - Kopie.png,5309,forestfragmentation,0.29082369804382324,20,54.4,21.55
HighRes TrueColor 2018 2m Graz - Kopie.png,5310,forestfragmentation,0.2485508918762207,32,29.21875,11.25
HighRes TrueColor 2018 2m Graz - Kopie.png,5311,forest,0.6695601344108582,174,30.379310344827587,39.94827586206897
HighRes TrueColor 2018 2m Graz - Kopie.png,5312,forestfragmentation,0.29082369804382324,20,54.4,21.55
HighRes TrueColor 2018 2m Graz - Kopie.png,5313,forestfragmentation,0.2485508918762207,32,29.21875,11.25
HighRes TrueColor 2018 2m Graz - Kopie.png,5314,forest,0.883546769618988,160,30.875,27.33125
HighRes TrueColor 2018 2m Graz - Kopie.png,5315,forestfragmentation,0.5022014379501343,14,59.285714285714285,52.142857142857146
HighRes TrueColor 2018 2m Graz - Kopie.png,5316,forestfragmentation,0.3579345941543579,7,52.142857142857146,10.857142857142858
HighRes TrueColor 2018 2m Graz - Kopie.png,5317,forestfragmentation,0.35560792684555054,18,18.666666666666668,18.555555555555557
HighRes TrueColor 2018 2m Graz - Kopie.png,5318,forestfragmentation,0.34756869077682495,11,50.45454545454545,58.27272727272727
HighRes TrueColor 2018 2m Graz - Kopie.png,5319,forestfragmentation,0.2871137261390686,11,4.909090909090909,22.181818181818183
HighRes TrueColor 2018 2m Graz - Kopie.png,5320,forestfragmentation,0.28164756298065186,41,34.36585365853659,33.21951219512195
HighRes TrueColor 2018 2m Graz - Kopie.png,5321,forestfragmentation,0.26376014947891235,21,45.904761904761905,47.42857142857143
HighRes TrueColor 2018 2m Graz - Kopie.png,5322,forest,0.883546769618988,160,30.875,27.33125
HighRes TrueColor 2018 2m Graz - Kopie.png,5323,forestfragmentation,0.5022014379501343,14,59.285714285714285,52.142857142857146
HighRes TrueColor 2018 2m Graz - Kopie.png,5324,forestfragmentation,0.3579345941543579,7,52.142857142857146,10.857142857142858
HighRes TrueColor 2018 2m Graz - Kopie.png,5325,forestfragmentation,0.35560792684555054,18,18.666666666666668,18.555555555555557
HighRes TrueColor 2018 2m Graz - Kopie.png,5326,forestfragmentation,0.34756869077682495,11,50.45454545454545,58.27272727272727
HighRes TrueColor 2018 2m Graz - Kopie.png,5327,forestfragmentation,0.2871137261390686,11,4.909090909090909,22.181818181818183
HighRes TrueColor 2018 2m Graz - Kopie.png,5328,forestfragmentation,0.28164756298065186,41,34.36585365853659,33.21951219512195
HighRes TrueColor 2018 2m Graz - Kopie.png,5329,forestfragmentation,0.26376014947891235,21,45.904761904761905,47.42857142857143
HighRes TrueColor 2018 2m Graz - Kopie.png,5330,forest,0.7536370158195496,42,23.142857142857142,22.285714285714285
HighRes TrueColor 2018 2m Graz - Kopie.png,5331,forest,0.5349878668785095,25,4.36,13.0
HighRes TrueColor 2018 2m Graz - Kopie.png,5332,forest,0.5277982950210571,27,26.37037037037037,44.55555555555556
HighRes TrueColor 2018 2m Graz - Kopie.png,5333,forest,0.338969886302948,81,48.96296296296296,33.19753086419753
HighRes TrueColor 2018 2m Graz - Kopie.png,5334,forest,0.32776159048080444,12,17.833333333333332,3.5833333333333335
HighRes TrueColor 2018 2m Graz - Kopie.png,5335,forest,0.2162131667137146,15,54.06666666666667,60.666666666666664
HighRes TrueColor 2018 2m Graz - Kopie.png,5336,forestfragmentation,0.20543628931045532,5,1.6,44.4
HighRes TrueColor 2018 2m Graz - Kopie.png,5337,forest,0.7536370158195496,42,23.142857142857142,22.285714285714285
HighRes TrueColor 2018 2m Graz - Kopie.png,5338,forest,0.5349878668785095,25,4.36,13.0
HighRes TrueColor 2018 2m Graz - Kopie.png,5339,forest,0.5277982950210571,27,26.37037037037037,44.55555555555556
HighRes TrueColor 2018 2m Graz - Kopie.png,5340,forest,0.338969886302948,81,48.96296296296296,33.19753086419753
HighRes TrueColor 2018 2m Graz - Kopie.png,5341,forest,0.32776159048080444,12,17.833333333333332,3.5833333333333335
HighRes TrueColor 2018 2m Graz - Kopie.png,5342,forest,0.2162131667137146,15,54.06666666666667,60.666666666666664
HighRes TrueColor 2018 2m Graz - Kopie.png,5343,forestfragmentation,0.20543628931045532,5,1.6,44.4
HighRes TrueColor 2018 2m Graz - Kopie.png,5344,forest,0.8835724592208862,141,32.198581560283685,32.276595744680854
HighRes TrueColor 2018 2m Graz - Kopie.png,5345,forestfragmentation,0.45478159189224243,12,57.583333333333336,45.0
HighRes TrueColor 2018 2m Graz - Kopie.png,5346,forest,0.8835724592208862,141,32.198581560283685,32.276595744680854
HighRes TrueColor 2018 2m Graz - Kopie.png,5347,forestfragmentation,0.45478159189224243,12,57.583333333333336,45.0
HighRes TrueColor 2018 2m Graz - Kopie.png,5348,forest,0.8480779528617859,132,30.62121212121212,37.378787878787875
HighRes TrueColor 2018 2m Graz - Kopie.png,5349,forestfragmentation,0.3243256211280823,6,61.0,31.666666666666668
HighRes TrueColor 2018 2m Graz - Kopie.png,5350,forestfragmentation,0.29960107803344727,8,59.5,59.5
HighRes TrueColor 2018 2m Graz - Kopie.png,5351,forest,0.8480779528617859,132,30.62121212121212,37.378787878787875
HighRes TrueColor 2018 2m Graz - Kopie.png,5352,forestfragmentation,0.3243256211280823,6,61.0,31.666666666666668
HighRes TrueColor 2018 2m Graz - Kopie.png,5353,forestfragmentation,0.29960107803344727,8,59.5,59.5
HighRes TrueColor 2018 2m Graz - Kopie.png,5354,forest,0.9144231677055359,14,10.857142857142858,45.42857142857143
HighRes TrueColor 2018 2m Graz - Kopie.png,5355,forestfragmentation,0.6288099884986877,35,7.085714285714285,45.714285714285715
HighRes TrueColor 2018 2m Graz - Kopie.png,5356,forestfragmentation,0.5696146488189697,32,34.59375,54.34375
HighRes TrueColor 2018 2m Graz - Kopie.png,5357,forestfragmentation,0.5691869854927063,6,41.666666666666664,23.333333333333332
HighRes TrueColor 2018 2m Graz - Kopie.png,5358,forestfragmentation,0.5035565495491028,9,41.22222222222222,1.5555555555555556
HighRes TrueColor 2018 2m Graz - Kopie.png,5359,forestfragmentation,0.39316385984420776,10,57.8,56.0
HighRes TrueColor 2018 2m Graz - Kopie.png,5360,forestfragmentation,0.36874306201934814,13,44.38461538461539,42.15384615384615
HighRes TrueColor 2018 2m Graz - Kopie.png,5361,forestfragmentation,0.35916054248809814,7,9.0,31.571428571428573
HighRes TrueColor 2018 2m Graz - Kopie.png,5362,forestfragmentation,0.2637595534324646,30,50.166666666666664,44.266666666666666
HighRes TrueColor 2018 2m Graz - Kopie.png,5363,forestfragmentation,0.21047157049179077,16,31.25,22.75
HighRes TrueColor 2018 2m Graz - Kopie.png,5364,forest,0.9144231677055359,14,10.857142857142858,45.42857142857143
HighRes TrueColor 2018 2m Graz - Kopie.png,5365,forestfragmentation,0.6288099884986877,35,7.085714285714285,45.714285714285715
HighRes TrueColor 2018 2m Graz - Kopie.png,5366,forestfragmentation,0.5696146488189697,32,34.59375,54.34375
HighRes TrueColor 2018 2m Graz - Kopie.png,5367,forestfragmentation,0.5691869854927063,6,41.666666666666664,23.333333333333332
HighRes TrueColor 2018 2m Graz - Kopie.png,5368,forestfragmentation,0.5035565495491028,9,41.22222222222222,1.5555555555555556
HighRes TrueColor 2018 2m Graz - Kopie.png,5369,forestfragmentation,0.39316385984420776,10,57.8,56.0
HighRes TrueColor 2018 2m Graz - Kopie.png,5370,forestfragmentation,0.36874306201934814,13,44.38461538461539,42.15384615384615
HighRes TrueColor 2018 2m Graz - Kopie.png,5371,forestfragmentation,0.35916054248809814,7,9.0,31.571428571428573
HighRes TrueColor 2018 2m Graz - Kopie.png,5372,forestfragmentation,0.2637595534324646,30,50.166666666666664,44.266666666666666
HighRes TrueColor 2018 2m Graz - Kopie.png,5373,forestfragmentation,0.21047157049179077,16,31.25,22.75
HighRes TrueColor 2018 2m Graz - Kopie.png,5374,forest,0.8300028443336487,20,53.95,39.5
HighRes TrueColor 2018 2m Graz - Kopie.png,5375,forestfragmentation,0.5353013277053833,13,7.0,46.15384615384615
HighRes TrueColor 2018 2m Graz - Kopie.png,5376,forestfragmentation,0.4382418394088745,13,14.538461538461538,13.538461538461538
HighRes TrueColor 2018 2m Graz - Kopie.png,5377,forestfragmentation,0.407437801361084,9,7.222222222222222,56.111111111111114
HighRes TrueColor 2018 2m Graz - Kopie.png,5378,forestfragmentation,0.33810651302337646,9,59.888888888888886,60.333333333333336
HighRes TrueColor 2018 2m Graz - Kopie.png,5379,forestfragmentation,0.2477874755859375,11,42.36363636363637,59.18181818181818
HighRes TrueColor 2018 2m Graz - Kopie.png,5380,forest,0.8300028443336487,20,53.95,39.5
HighRes TrueColor 2018 2m Graz - Kopie.png,5381,forestfragmentation,0.5353013277053833,13,7.0,46.15384615384615
HighRes TrueColor 2018 2m Graz - Kopie.png,5382,forestfragmentation,0.4382418394088745,13,14.538461538461538,13.538461538461538
HighRes TrueColor 2018 2m Graz - Kopie.png,5383,forestfragmentation,0.407437801361084,9,7.222222222222222,56.111111111111114
HighRes TrueColor 2018 2m Graz - Kopie.png,5384,forestfragmentation,0.33810651302337646,9,59.888888888888886,60.333333333333336
HighRes TrueColor 2018 2m Graz - Kopie.png,5385,forestfragmentation,0.2477874755859375,11,42.36363636363637,59.18181818181818
HighRes TrueColor 2018 2m Graz - Kopie.png,5386,forest,0.8027035593986511,154,36.422077922077925,36.70779220779221
HighRes TrueColor 2018 2m Graz - Kopie.png,5387,forestfragmentation,0.5628249645233154,13,20.23076923076923,19.0
HighRes TrueColor 2018 2m Graz - Kopie.png,5388,forestfragmentation,0.5593972206115723,7,7.285714285714286,60.57142857142857
HighRes TrueColor 2018 2m Graz - Kopie.png,5389,forestfragmentation,0.39343756437301636,54,38.72222222222222,26.87037037037037
HighRes TrueColor 2018 2m Graz - Kopie.png,5390,forest,0.8027035593986511,154,36.422077922077925,36.70779220779221
HighRes TrueColor 2018 2m Graz - Kopie.png,5391,forestfragmentation,0.5628249645233154,13,20.23076923076923,19.0
HighRes TrueColor 2018 2m Graz - Kopie.png,5392,forestfragmentation,0.5593972206115723,7,7.285714285714286,60.57142857142857
HighRes TrueColor 2018 2m Graz - Kopie.png,5393,forestfragmentation,0.39343756437301636,54,38.72222222222222,26.87037037037037
HighRes TrueColor 2018 2m Graz - Kopie.png,5394,forest,0.7013828158378601,12,4.0,7.333333333333333
HighRes TrueColor 2018 2m Graz - Kopie.png,5395,forestfragmentation,0.40421217679977417,15,38.666666666666664,53.733333333333334
HighRes TrueColor 2018 2m Graz - Kopie.png,5396,forest,0.31879884004592896,8,60.125,1.875
HighRes TrueColor 2018 2m Graz - Kopie.png,5397,forestfragmentation,0.22367054224014282,10,13.1,53.0
HighRes TrueColor 2018 2m Graz - Kopie.png,5398,forest,0.2232666015625,32,39.40625,48.65625
HighRes TrueColor 2018 2m Graz - Kopie.png,5399,forest,0.22021973133087158,15,59.13333333333333,7.066666666666666
HighRes TrueColor 2018 2m Graz - Kopie.png,5400,forest,0.7013828158378601,12,4.0,7.333333333333333
HighRes TrueColor 2018 2m Graz - Kopie.png,5401,forestfragmentation,0.40421217679977417,15,38.666666666666664,53.733333333333334
HighRes TrueColor 2018 2m Graz - Kopie.png,5402,forest,0.31879884004592896,8,60.125,1.875
HighRes TrueColor 2018 2m Graz - Kopie.png,5403,forestfragmentation,0.22367054224014282,10,13.1,53.0
HighRes TrueColor 2018 2m Graz - Kopie.png,5404,forest,0.2232666015625,32,39.40625,48.65625
HighRes TrueColor 2018 2m Graz - Kopie.png,5405,forest,0.22021973133087158,15,59.13333333333333,7.066666666666666
HighRes TrueColor 2018 2m Graz - Kopie.png,5406,forest,0.4589601159095764,11,4.7272727272727275,60.27272727272727
HighRes TrueColor 2018 2m Graz - Kopie.png,5407,forest,0.3874017596244812,33,56.63636363636363,22.21212121212121
HighRes TrueColor 2018 2m Graz - Kopie.png,5408,forest,0.33510464429855347,39,52.0,40.38461538461539
HighRes TrueColor 2018 2m Graz - Kopie.png,5409,forest,0.4589601159095764,11,4.7272727272727275,60.27272727272727
HighRes TrueColor 2018 2m Graz - Kopie.png,5410,forest,0.3874017596244812,33,56.63636363636363,22.21212121212121
HighRes TrueColor 2018 2m Graz - Kopie.png,5411,forest,0.33510464429855347,39,52.0,40.38461538461539
HighRes TrueColor 2018 2m Graz - Kopie.png,5412,forest,0.7569276094436646,73,27.602739726027398,44.83561643835616
HighRes TrueColor 2018 2m Graz - Kopie.png,5413,forest,0.5066770911216736,19,57.78947368421053,56.68421052631579
HighRes TrueColor 2018 2m Graz - Kopie.png,5414,forestfragmentation,0.26983916759490967,7,22.0,6.857142857142857
HighRes TrueColor 2018 2m Graz - Kopie.png,5415,forest,0.7569276094436646,73,27.602739726027398,44.83561643835616
HighRes TrueColor 2018 2m Graz - Kopie.png,5416,forest,0.5066770911216736,19,57.78947368421053,56.68421052631579
HighRes TrueColor 2018 2m Graz - Kopie.png,5417,forestfragmentation,0.26983916759490967,7,22.0,6.857142857142857
HighRes TrueColor 2018 2m Graz - Kopie.png,5418,forest,0.8053663969039917,15,9.666666666666666,34.86666666666667
HighRes TrueColor 2018 2m Graz - Kopie.png,5419,forestfragmentation,0.2602575421333313,8,44.75,52.375
HighRes TrueColor 2018 2m Graz - Kopie.png,5420,forestfragmentation,0.24311697483062744,6,3.3333333333333335,61.0
HighRes TrueColor 2018 2m Graz - Kopie.png,5421,forestfragmentation,0.22466206550598145,10,23.0,60.0
HighRes TrueColor 2018 2m Graz - Kopie.png,5422,forest,0.8053663969039917,15,9.666666666666666,34.86666666666667
HighRes TrueColor 2018 2m Graz - Kopie.png,5423,forestfragmentation,0.2602575421333313,8,44.75,52.375
HighRes TrueColor 2018 2m Graz - Kopie.png,5424,forestfragmentation,0.24311697483062744,6,3.3333333333333335,61.0
HighRes TrueColor 2018 2m Graz - Kopie.png,5425,forestfragmentation,0.22466206550598145,10,23.0,60.0
HighRes TrueColor 2018 2m Graz - Kopie.png,5426,forest,0.8007342219352722,73,44.945205479452056,29.73972602739726
HighRes TrueColor 2018 2m Graz - Kopie.png,5427,forestfragmentation,0.5023453235626221,28,46.82142857142857,4.607142857142857
HighRes TrueColor 2018 2m Graz - Kopie.png,5428,forestfragmentation,0.46974486112594604,9,25.0,2.3333333333333335
HighRes TrueColor 2018 2m Graz - Kopie.png,5429,forestfragmentation,0.3530274033546448,10,31.8,57.4
HighRes TrueColor 2018 2m Graz - Kopie.png,5430,forestfragmentation,0.3410681486129761,14,4.571428571428571,28.857142857142858
HighRes TrueColor 2018 2m Graz - Kopie.png,5431,forestfragmentation,0.26868581771850586,8,28.0,43.25
HighRes TrueColor 2018 2m Graz - Kopie.png,5432,forestfragmentation,0.23611390590667725,4,25.5,62.0
HighRes TrueColor 2018 2m Graz - Kopie.png,5433,forestfragmentation,0.2317001223564148,50,42.28,34.04
HighRes TrueColor 2018 2m Graz - Kopie.png,5434,forestfragmentation,0.20459550619125366,10,21.0,52.5
HighRes TrueColor 2018 2m Graz - Kopie.png,5435,forest,0.8007342219352722,73,44.945205479452056,29.73972602739726
HighRes TrueColor 2018 2m Graz - Kopie.png,5436,forestfragmentation,0.5023453235626221,28,46.82142857142857,4.607142857142857
HighRes TrueColor 2018 2m Graz - Kopie.png,5437,forestfragmentation,0.46974486112594604,9,25.0,2.3333333333333335
HighRes TrueColor 2018 2m Graz - Kopie.png,5438,forestfragmentation,0.3530274033546448,10,31.8,57.4
HighRes TrueColor 2018 2m Graz - Kopie.png,5439,forestfragmentation,0.3410681486129761,14,4.571428571428571,28.857142857142858
HighRes TrueColor 2018 2m Graz - Kopie.png,5440,forestfragmentation,0.26868581771850586,8,28.0,43.25
HighRes TrueColor 2018 2m Graz - Kopie.png,5441,forestfragmentation,0.23611390590667725,4,25.5,62.0
HighRes TrueColor 2018 2m Graz - Kopie.png,5442,forestfragmentation,0.2317001223564148,50,42.28,34.04
HighRes TrueColor 2018 2m Graz - Kopie.png,5443,forestfragmentation,0.20459550619125366,10,21.0,52.5
HighRes TrueColor 2018 2m Graz - Kopie.png,5444,forest,0.4869164228439331,91,33.714285714285715,35.53846153846154
HighRes TrueColor 2018 2m Graz - Kopie.png,5445,forestfragmentation,0.22548538446426392,11,5.0,3.4545454545454546
HighRes TrueColor 2018 2m Graz - Kopie.png,5446,forest,0.4869164228439331,91,33.714285714285715,35.53846153846154
HighRes TrueColor 2018 2m Graz - Kopie.png,5447,forestfragmentation,0.22548538446426392,11,5.0,3.4545454545454546
HighRes TrueColor 2018 2m Graz - Kopie.png,5448,forest,0.41927510499954224,16,44.0625,11.625
HighRes TrueColor 2018 2m Graz - Kopie.png,5449,forest,0.3796910047531128,57,38.26315789473684,21.82456140350877
HighRes TrueColor 2018 2m Graz - Kopie.png,5450,forest,0.41927510499954224,16,44.0625,11.625
HighRes TrueColor 2018 2m Graz - Kopie.png,5451,forest,0.3796910047531128,57,38.26315789473684,21.82456140350877
HighRes TrueColor 2018 2m Graz - Kopie.png,5452,forest,0.8865591883659363,13,43.23076923076923,37.84615384615385
HighRes TrueColor 2018 2m Graz - Kopie.png,5453,forestfragmentation,0.7351229190826416,17,52.05882352941177,10.823529411764707
HighRes TrueColor 2018 2m Graz - Kopie.png,5454,forestfragmentation,0.4711175560951233,16,3.6875,19.0
HighRes TrueColor 2018 2m Graz - Kopie.png,5455,forestfragmentation,0.4664655923843384,30,11.6,49.1
HighRes TrueColor 2018 2m Graz - Kopie.png,5456,forestfragmentation,0.34732168912887573,6,60.5,45.333333333333336
HighRes TrueColor 2018 2m Graz - Kopie.png,5457,forestfragmentation,0.3252909779548645,21,19.095238095238095,17.80952380952381
HighRes TrueColor 2018 2m Graz - Kopie.png,5458,forestfragmentation,0.27504318952560425,13,58.46153846153846,2.3846153846153846
HighRes TrueColor 2018 2m Graz - Kopie.png,5459,forestfragmentation,0.24949413537979126,9,24.444444444444443,44.0
HighRes TrueColor 2018 2m Graz - Kopie.png,5460,forestfragmentation,0.24821364879608154,18,8.277777777777779,37.5
HighRes TrueColor 2018 2m Graz - Kopie.png,5461,forestfragmentation,0.23710179328918457,21,47.42857142857143,53.61904761904762
HighRes TrueColor 2018 2m Graz - Kopie.png,5462,forest,0.23569273948669434,19,28.05263157894737,53.68421052631579
HighRes TrueColor 2018 2m Graz - Kopie.png,5463,forest,0.8865591883659363,13,43.23076923076923,37.84615384615385
HighRes TrueColor 2018 2m Graz - Kopie.png,5464,forestfragmentation,0.7351229190826416,17,52.05882352941177,10.823529411764707
HighRes TrueColor 2018 2m Graz - Kopie.png,5465,forestfragmentation,0.4711175560951233,16,3.6875,19.0
HighRes TrueColor 2018 2m Graz - Kopie.png,5466,forestfragmentation,0.4664655923843384,30,11.6,49.1
HighRes TrueColor 2018 2m Graz - Kopie.png,5467,forestfragmentation,0.34732168912887573,6,60.5,45.333333333333336
HighRes TrueColor 2018 2m Graz - Kopie.png,5468,forestfragmentation,0.3252909779548645,21,19.095238095238095,17.80952380952381
HighRes TrueColor 2018 2m Graz - Kopie.png,5469,forestfragmentation,0.27504318952560425,13,58.46153846153846,2.3846153846153846
HighRes TrueColor 2018 2m Graz - Kopie.png,5470,forestfragmentation,0.24949413537979126,9,24.444444444444443,44.0
HighRes TrueColor 2018 2m Graz - Kopie.png,5471,forestfragmentation,0.24821364879608154,18,8.277777777777779,37.5
HighRes TrueColor 2018 2m Graz - Kopie.png,5472,forestfragmentation,0.23710179328918457,21,47.42857142857143,53.61904761904762
HighRes TrueColor 2018 2m Graz - Kopie.png,5473,forest,0.23569273948669434,19,28.05263157894737,53.68421052631579
HighRes TrueColor 2018 2m Graz - Kopie.png,5474,forest,0.8545884490013123,59,41.94915254237288,18.508474576271187
HighRes TrueColor 2018 2m Graz - Kopie.png,5475,forestfragmentation,0.6658577919006348,12,56.666666666666664,25.083333333333332
HighRes TrueColor 2018 2m Graz - Kopie.png,5476,forestfragmentation,0.5848603844642639,34,17.38235294117647,5.882352941176471
HighRes TrueColor 2018 2m Graz - Kopie.png,5477,forestfragmentation,0.5814692378044128,11,2.6363636363636362,11.272727272727273
HighRes TrueColor 2018 2m Graz - Kopie.png,5478,forestfragmentation,0.4830631613731384,9,4.111111111111111,35.111111111111114
HighRes TrueColor 2018 2m Graz - Kopie.png,5479,forestfragmentation,0.4245678782463074,23,25.869565217391305,54.95652173913044
HighRes TrueColor 2018 2m Graz - Kopie.png,5480,forestfragmentation,0.28973424434661865,7,24.0,61.42857142857143
HighRes TrueColor 2018 2m Graz - Kopie.png,5481,forestfragmentation,0.28456419706344604,8,56.5,53.125
HighRes TrueColor 2018 2m Graz - Kopie.png,5482,forestfragmentation,0.24062579870224,56,20.089285714285715,34.0
HighRes TrueColor 2018 2m Graz - Kopie.png,5483,forest,0.8545884490013123,59,41.94915254237288,18.508474576271187
HighRes TrueColor 2018 2m Graz - Kopie.png,5484,forestfragmentation,0.6658577919006348,12,56.666666666666664,25.083333333333332
HighRes TrueColor 2018 2m Graz - Kopie.png,5485,forestfragmentation,0.5848603844642639,34,17.38235294117647,5.882352941176471
HighRes TrueColor 2018 2m Graz - Kopie.png,5486,forestfragmentation,0.5814692378044128,11,2.6363636363636362,11.272727272727273
HighRes TrueColor 2018 2m Graz - Kopie.png,5487,forestfragmentation,0.4830631613731384,9,4.111111111111111,35.111111111111114
HighRes TrueColor 2018 2m Graz - Kopie.png,5488,forestfragmentation,0.4245678782463074,23,25.869565217391305,54.95652173913044
HighRes TrueColor 2018 2m Graz - Kopie.png,5489,forestfragmentation,0.28973424434661865,7,24.0,61.42857142857143
HighRes TrueColor 2018 2m Graz - Kopie.png,5490,forestfragmentation,0.28456419706344604,8,56.5,53.125
HighRes TrueColor 2018 2m Graz - Kopie.png,5491,forestfragmentation,0.24062579870224,56,20.089285714285715,34.0
HighRes TrueColor 2018 2m Graz - Kopie.png,5492,forest,0.8586798906326294,64,26.28125,12.296875
HighRes TrueColor 2018 2m Graz - Kopie.png,5493,forestfragmentation,0.7084316611289978,14,4.285714285714286,24.642857142857142
HighRes TrueColor 2018 2m Graz - Kopie.png,5494,forestfragmentation,0.4198276400566101,11,50.36363636363637,6.7272727272727275
HighRes TrueColor 2018 2m Graz - Kopie.png,5495,forestfragmentation,0.36852651834487915,10,31.1,29.9
HighRes TrueColor 2018 2m Graz - Kopie.png,5496,forestfragmentation,0.2657899260520935,10,58.5,2.8
HighRes TrueColor 2018 2m Graz - Kopie.png,5497,forestfragmentation,0.2421107292175293,20,58.45,24.15
HighRes TrueColor 2018 2m Graz - Kopie.png,5498,forestfragmentation,0.23709475994110107,8,4.5,53.125
HighRes TrueColor 2018 2m Graz - Kopie.png,5499,forest,0.8586798906326294,64,26.28125,12.296875
HighRes TrueColor 2018 2m Graz - Kopie.png,5500,forestfragmentation,0.7084316611289978,14,4.285714285714286,24.642857142857142
HighRes TrueColor 2018 2m Graz - Kopie.png,5501,forestfragmentation,0.4198276400566101,11,50.36363636363637,6.7272727272727275
HighRes TrueColor 2018 2m Graz - Kopie.png,5502,forestfragmentation,0.36852651834487915,10,31.1,29.9
HighRes TrueColor 2018 2m Graz - Kopie.png,5503,forestfragmentation,0.2657899260520935,10,58.5,2.8
HighRes TrueColor 2018 2m Graz - Kopie.png,5504,forestfragmentation,0.2421107292175293,20,58.45,24.15
HighRes TrueColor 2018 2m Graz - Kopie.png,5505,forestfragmentation,0.23709475994110107,8,4.5,53.125
HighRes TrueColor 2018 2m Graz - Kopie.png,5506,forest,0.6341345310211182,16,55.375,10.8125
HighRes TrueColor 2018 2m Graz - Kopie.png,5507,forest,0.6084044575691223,25,40.0,32.96
HighRes TrueColor 2018 2m Graz - Kopie.png,5508,forest,0.41905325651168823,53,14.264150943396226,16.09433962264151
HighRes TrueColor 2018 2m Graz - Kopie.png,5509,forest,0.40586262941360474,16,48.9375,1.4375
HighRes TrueColor 2018 2m Graz - Kopie.png,5510,forest,0.3213735818862915,58,15.758620689655173,48.39655172413793
HighRes TrueColor 2018 2m Graz - Kopie.png,5511,forest,0.6341345310211182,16,55.375,10.8125
HighRes TrueColor 2018 2m Graz - Kopie.png,5512,forest,0.6084044575691223,25,40.0,32.96
HighRes TrueColor 2018 2m Graz - Kopie.png,5513,forest,0.41905325651168823,53,14.264150943396226,16.09433962264151
HighRes TrueColor 2018 2m Graz - Kopie.png,5514,forest,0.40586262941360474,16,48.9375,1.4375
HighRes TrueColor 2018 2m Graz - Kopie.png,5515,forest,0.3213735818862915,58,15.758620689655173,48.39655172413793
HighRes TrueColor 2018 2m Graz - Kopie.png,5516,forest,0.4580181837081909,13,51.0,59.92307692307692
HighRes TrueColor 2018 2m Graz - Kopie.png,5517,forest,0.4564692974090576,9,4.444444444444445,2.2222222222222223
HighRes TrueColor 2018 2m Graz - Kopie.png,5518,forest,0.3457574248313904,193,30.492227979274613,29.590673575129532
HighRes TrueColor 2018 2m Graz - Kopie.png,5519,forestfragmentation,0.2926778793334961,10,3.6,24.9
HighRes TrueColor 2018 2m Graz - Kopie.png,5520,forestfragmentation,0.2597739100456238,36,49.166666666666664,15.0
HighRes TrueColor 2018 2m Graz - Kopie.png,5521,forest,0.4580181837081909,13,51.0,59.92307692307692
HighRes TrueColor 2018 2m Graz - Kopie.png,5522,forest,0.4564692974090576,9,4.444444444444445,2.2222222222222223
HighRes TrueColor 2018 2m Graz - Kopie.png,5523,forest,0.3457574248313904,193,30.492227979274613,29.590673575129532
HighRes TrueColor 2018 2m Graz - Kopie.png,5524,forestfragmentation,0.2926778793334961,10,3.6,24.9
HighRes TrueColor 2018 2m Graz - Kopie.png,5525,forestfragmentation,0.2597739100456238,36,49.166666666666664,15.0
HighRes TrueColor 2018 2m Graz - Kopie.png,5526,forest,0.7320542335510254,111,16.2972972972973,29.936936936936938
HighRes TrueColor 2018 2m Graz - Kopie.png,5527,forestfragmentation,0.35374772548675537,7,58.57142857142857,47.285714285714285
HighRes TrueColor 2018 2m Graz - Kopie.png,5528,forestfragmentation,0.3354862928390503,17,48.588235294117645,6.352941176470588
HighRes TrueColor 2018 2m Graz - Kopie.png,5529,forestfragmentation,0.3214262127876282,5,56.6,19.0
HighRes TrueColor 2018 2m Graz - Kopie.png,5530,forest,0.7320542335510254,111,16.2972972972973,29.936936936936938
HighRes TrueColor 2018 2m Graz - Kopie.png,5531,forestfragmentation,0.35374772548675537,7,58.57142857142857,47.285714285714285
HighRes TrueColor 2018 2m Graz - Kopie.png,5532,forestfragmentation,0.3354862928390503,17,48.588235294117645,6.352941176470588
HighRes TrueColor 2018 2m Graz - Kopie.png,5533,forestfragmentation,0.3214262127876282,5,56.6,19.0
HighRes TrueColor 2018 2m Graz - Kopie.png,5534,forest,0.9308248162269592,18,33.833333333333336,7.777777777777778
HighRes TrueColor 2018 2m Graz - Kopie.png,5535,forestfragmentation,0.682763397693634,12,34.75,49.416666666666664
HighRes TrueColor 2018 2m Graz - Kopie.png,5536,forestfragmentation,0.5312007069587708,5,55.0,39.8
HighRes TrueColor 2018 2m Graz - Kopie.png,5537,forestfragmentation,0.4721725583076477,13,16.153846153846153,21.23076923076923
HighRes TrueColor 2018 2m Graz - Kopie.png,5538,forestfragmentation,0.38837265968322754,8,6.625,47.375
HighRes TrueColor 2018 2m Graz - Kopie.png,5539,forestfragmentation,0.34110307693481445,8,58.375,4.125
HighRes TrueColor 2018 2m Graz - Kopie.png,5540,forestfragmentation,0.3300279378890991,10,32.0,37.7
HighRes TrueColor 2018 2m Graz - Kopie.png,5541,forestfragmentation,0.2795015573501587,11,24.272727272727273,59.54545454545455
HighRes TrueColor 2018 2m Graz - Kopie.png,5542,forestfragmentation,0.27360016107559204,10,10.2,57.1
HighRes TrueColor 2018 2m Graz - Kopie.png,5543,forestfragmentation,0.267816960811615,22,34.68181818181818,3.3181818181818183
HighRes TrueColor 2018 2m Graz - Kopie.png,5544,forestfragmentation,0.23864269256591797,7,4.571428571428571,18.857142857142858
HighRes TrueColor 2018 2m Graz - Kopie.png,5545,forestfragmentation,0.20949023962020874,4,7.5,6.5
HighRes TrueColor 2018 2m Graz - Kopie.png,5546,forest,0.9308248162269592,18,33.833333333333336,7.777777777777778
HighRes TrueColor 2018 2m Graz - Kopie.png,5547,forestfragmentation,0.682763397693634,12,34.75,49.416666666666664
HighRes TrueColor 2018 2m Graz - Kopie.png,5548,forestfragmentation,0.5312007069587708,5,55.0,39.8
HighRes TrueColor 2018 2m Graz - Kopie.png,5549,forestfragmentation,0.4721725583076477,13,16.153846153846153,21.23076923076923
HighRes TrueColor 2018 2m Graz - Kopie.png,5550,forestfragmentation,0.38837265968322754,8,6.625,47.375
HighRes TrueColor 2018 2m Graz - Kopie.png,5551,forestfragmentation,0.34110307693481445,8,58.375,4.125
HighRes TrueColor 2018 2m Graz - Kopie.png,5552,forestfragmentation,0.3300279378890991,10,32.0,37.7
HighRes TrueColor 2018 2m Graz - Kopie.png,5553,forestfragmentation,0.2795015573501587,11,24.272727272727273,59.54545454545455
HighRes TrueColor 2018 2m Graz - Kopie.png,5554,forestfragmentation,0.27360016107559204,10,10.2,57.1
HighRes TrueColor 2018 2m Graz - Kopie.png,5555,forestfragmentation,0.267816960811615,22,34.68181818181818,3.3181818181818183
HighRes TrueColor 2018 2m Graz - Kopie.png,5556,forestfragmentation,0.23864269256591797,7,4.571428571428571,18.857142857142858
HighRes TrueColor 2018 2m Graz - Kopie.png,5557,forestfragmentation,0.20949023962020874,4,7.5,6.5
HighRes TrueColor 2018 2m Graz - Kopie.png,5558,forest,0.7626098990440369,4,31.5,31.5
HighRes TrueColor 2018 2m Graz - Kopie.png,5559,forestfragmentation,0.4999980926513672,10,59.7,8.8
HighRes TrueColor 2018 2m Graz - Kopie.png,5560,forestfragmentation,0.462985634803772,5,5.2,40.4
HighRes TrueColor 2018 2m Graz - Kopie.png,5561,forestfragmentation,0.3541501760482788,11,17.181818181818183,58.0
HighRes TrueColor 2018 2m Graz - Kopie.png,5562,forestfragmentation,0.33797067403793335,9,7.222222222222222,4.111111111111111
HighRes TrueColor 2018 2m Graz - Kopie.png,5563,forestfragmentation,0.3354952931404114,27,44.55555555555556,10.407407407407407
HighRes TrueColor 2018 2m Graz - Kopie.png,5564,forestfragmentation,0.2863311171531677,16,29.1875,58.0
HighRes TrueColor 2018 2m Graz - Kopie.png,5565,forest,0.7626098990440369,4,31.5,31.5
HighRes TrueColor 2018 2m Graz - Kopie.png,5566,forestfragmentation,0.4999980926513672,10,59.7,8.8
HighRes TrueColor 2018 2m Graz - Kopie.png,5567,forestfragmentation,0.462985634803772,5,5.2,40.4
HighRes TrueColor 2018 2m Graz - Kopie.png,5568,forestfragmentation,0.3541501760482788,11,17.181818181818183,58.0
HighRes TrueColor 2018 2m Graz - Kopie.png,5569,forestfragmentation,0.33797067403793335,9,7.222222222222222,4.111111111111111
HighRes TrueColor 2018 2m Graz - Kopie.png,5570,forestfragmentation,0.3354952931404114,27,44.55555555555556,10.407407407407407
HighRes TrueColor 2018 2m Graz - Kopie.png,5571,forestfragmentation,0.2863311171531677,16,29.1875,58.0
HighRes TrueColor 2018 2m Graz - Kopie.png,5572,forest,0.8458537459373474,12,42.083333333333336,12.5
HighRes TrueColor 2018 2m Graz - Kopie.png,5573,forestfragmentation,0.2664167284965515,7,7.0,20.571428571428573
HighRes TrueColor 2018 2m Graz - Kopie.png,5574,forestfragmentation,0.23632550239562988,9,3.2222222222222223,61.111111111111114
HighRes TrueColor 2018 2m Graz - Kopie.png,5575,forestfragmentation,0.22685861587524414,14,58.357142857142854,35.57142857142857
HighRes TrueColor 2018 2m Graz - Kopie.png,5576,forestfragmentation,0.2235112190246582,21,39.523809523809526,10.095238095238095
HighRes TrueColor 2018 2m Graz - Kopie.png,5577,forestfragmentation,0.20125353336334229,6,25.0,61.333333333333336
HighRes TrueColor 2018 2m Graz - Kopie.png,5578,forest,0.8458537459373474,12,42.083333333333336,12.5
HighRes TrueColor 2018 2m Graz - Kopie.png,5579,forestfragmentation,0.2664167284965515,7,7.0,20.571428571428573
HighRes TrueColor 2018 2m Graz - Kopie.png,5580,forestfragmentation,0.23632550239562988,9,3.2222222222222223,61.111111111111114
HighRes TrueColor 2018 2m Graz - Kopie.png,5581,forestfragmentation,0.22685861587524414,14,58.357142857142854,35.57142857142857
HighRes TrueColor 2018 2m Graz - Kopie.png,5582,forestfragmentation,0.2235112190246582,21,39.523809523809526,10.095238095238095
HighRes TrueColor 2018 2m Graz - Kopie.png,5583,forestfragmentation,0.20125353336334229,6,25.0,61.333333333333336
HighRes TrueColor 2018 2m Graz - Kopie.png,5584,forest,0.7729651927947998,55,42.654545454545456,14.472727272727273
HighRes TrueColor 2018 2m Graz - Kopie.png,5585,forestfragmentation,0.42692261934280396,12,54.833333333333336,59.916666666666664
HighRes TrueColor 2018 2m Graz - Kopie.png,5586,forestfragmentation,0.22124159336090088,11,6.454545454545454,35.09090909090909
HighRes TrueColor 2018 2m Graz - Kopie.png,5587,forest,0.7729651927947998,55,42.654545454545456,14.472727272727273
HighRes TrueColor 2018 2m Graz - Kopie.png,5588,forestfragmentation,0.42692261934280396,12,54.833333333333336,59.916666666666664
HighRes TrueColor 2018 2m Graz - Kopie.png,5589,forestfragmentation,0.22124159336090088,11,6.454545454545454,35.09090909090909
HighRes TrueColor 2018 2m Graz - Kopie.png,5590,forest,0.6580727696418762,47,26.170212765957448,22.06382978723404
HighRes TrueColor 2018 2m Graz - Kopie.png,5591,forestfragmentation,0.5816863179206848,26,19.115384615384617,40.11538461538461
HighRes TrueColor 2018 2m Graz - Kopie.png,5592,forestfragmentation,0.4826827049255371,13,3.3846153846153846,60.38461538461539
HighRes TrueColor 2018 2m Graz - Kopie.png,5593,forest,0.45953118801116943,11,38.36363636363637,2.0
HighRes TrueColor 2018 2m Graz - Kopie.png,5594,forestfragmentation,0.36656296253204346,11,6.090909090909091,39.0
HighRes TrueColor 2018 2m Graz - Kopie.png,5595,forestfragmentation,0.36369699239730835,13,53.0,34.0
HighRes TrueColor 2018 2m Graz - Kopie.png,5596,forest,0.2977341413497925,17,3.0588235294117645,11.823529411764707
HighRes TrueColor 2018 2m Graz - Kopie.png,5597,forest,0.6580727696418762,47,26.170212765957448,22.06382978723404
HighRes TrueColor 2018 2m Graz - Kopie.png,5598,forestfragmentation,0.5816863179206848,26,19.115384615384617,40.11538461538461
HighRes TrueColor 2018 2m Graz - Kopie.png,5599,forestfragmentation,0.4826827049255371,13,3.3846153846153846,60.38461538461539
HighRes TrueColor 2018 2m Graz - Kopie.png,5600,forest,0.45953118801116943,11,38.36363636363637,2.0
HighRes TrueColor 2018 2m Graz - Kopie.png,5601,forestfragmentation,0.36656296253204346,11,6.090909090909091,39.0
HighRes TrueColor 2018 2m Graz - Kopie.png,5602,forestfragmentation,0.36369699239730835,13,53.0,34.0
HighRes TrueColor 2018 2m Graz - Kopie.png,5603,forest,0.2977341413497925,17,3.0588235294117645,11.823529411764707
HighRes TrueColor 2018 2m Graz - Kopie.png,5604,forest,0.3002527356147766,45,8.866666666666667,36.06666666666667
HighRes TrueColor 2018 2m Graz - Kopie.png,5605,forestfragmentation,0.29242002964019775,9,2.3333333333333335,33.22222222222222
HighRes TrueColor 2018 2m Graz - Kopie.png,5606,forest,0.2840440273284912,5,50.2,0.8
HighRes TrueColor 2018 2m Graz - Kopie.png,5607,forestfragmentation,0.27077043056488037,6,14.5,59.5
HighRes TrueColor 2018 2m Graz - Kopie.png,5608,forest,0.2497473955154419,14,40.0,2.642857142857143
HighRes TrueColor 2018 2m Graz - Kopie.png,5609,forest,0.3002527356147766,45,8.866666666666667,36.06666666666667
HighRes TrueColor 2018 2m Graz - Kopie.png,5610,forestfragmentation,0.29242002964019775,9,2.3333333333333335,33.22222222222222
HighRes TrueColor 2018 2m Graz - Kopie.png,5611,forest,0.2840440273284912,5,50.2,0.8
HighRes TrueColor 2018 2m Graz - Kopie.png,5612,forestfragmentation,0.27077043056488037,6,14.5,59.5
HighRes TrueColor 2018 2m Graz - Kopie.png,5613,forest,0.2497473955154419,14,40.0,2.642857142857143
HighRes TrueColor 2018 2m Graz - Kopie.png,5614,forest,0.4833097457885742,89,27.808988764044944,16.0561797752809
HighRes TrueColor 2018 2m Graz - Kopie.png,5615,forestfragmentation,0.36720192432403564,4,49.0,48.0
HighRes TrueColor 2018 2m Graz - Kopie.png,5616,forestfragmentation,0.27796489000320435,7,47.142857142857146,23.285714285714285
HighRes TrueColor 2018 2m Graz - Kopie.png,5617,forestfragmentation,0.23300951719284058,14,60.0,48.142857142857146
HighRes TrueColor 2018 2m Graz - Kopie.png,5618,forest,0.4833097457885742,89,27.808988764044944,16.0561797752809
HighRes TrueColor 2018 2m Graz - Kopie.png,5619,forestfragmentation,0.36720192432403564,4,49.0,48.0
HighRes TrueColor 2018 2m Graz - Kopie.png,5620,forestfragmentation,0.27796489000320435,7,47.142857142857146,23.285714285714285
HighRes TrueColor 2018 2m Graz - Kopie.png,5621,forestfragmentation,0.23300951719284058,14,60.0,48.142857142857146
HighRes TrueColor 2018 2m Graz - Kopie.png,5622,forest,0.8225540518760681,61,48.67213114754098,43.39344262295082
HighRes TrueColor 2018 2m Graz - Kopie.png,5623,forestfragmentation,0.4213072657585144,11,8.818181818181818,23.272727272727273
HighRes TrueColor 2018 2m Graz - Kopie.png,5624,forestfragmentation,0.3793231248855591,23,22.26086956521739,35.21739130434783
HighRes TrueColor 2018 2m Graz - Kopie.png,5625,forestfragmentation,0.2999388575553894,8,19.375,17.75
HighRes TrueColor 2018 2m Graz - Kopie.png,5626,forestfragmentation,0.2652525305747986,13,31.923076923076923,4.076923076923077
HighRes TrueColor 2018 2m Graz - Kopie.png,5627,forest,0.8225540518760681,61,48.67213114754098,43.39344262295082
HighRes TrueColor 2018 2m Graz - Kopie.png,5628,forestfragmentation,0.4213072657585144,11,8.818181818181818,23.272727272727273
HighRes TrueColor 2018 2m Graz - Kopie.png,5629,forestfragmentation,0.3793231248855591,23,22.26086956521739,35.21739130434783
HighRes TrueColor 2018 2m Graz - Kopie.png,5630,forestfragmentation,0.2999388575553894,8,19.375,17.75
HighRes TrueColor 2018 2m Graz - Kopie.png,5631,forestfragmentation,0.2652525305747986,13,31.923076923076923,4.076923076923077
HighRes TrueColor 2018 2m Graz - Kopie.png,5632,forest,0.7667713165283203,18,28.833333333333332,56.44444444444444
HighRes TrueColor 2018 2m Graz - Kopie.png,5633,forest,0.6462618708610535,16,7.625,55.0
HighRes TrueColor 2018 2m Graz - Kopie.png,5634,forest,0.5678579807281494,139,30.92086330935252,31.884892086330936
HighRes TrueColor 2018 2m Graz - Kopie.png,5635,forestfragmentation,0.2780362367630005,21,54.666666666666664,51.04761904761905
HighRes TrueColor 2018 2m Graz - Kopie.png,5636,forestfragmentation,0.25714045763015747,17,34.35294117647059,2.235294117647059
HighRes TrueColor 2018 2m Graz - Kopie.png,5637,forest,0.7667713165283203,18,28.833333333333332,56.44444444444444
HighRes TrueColor 2018 2m Graz - Kopie.png,5638,forest,0.6462618708610535,16,7.625,55.0
HighRes TrueColor 2018 2m Graz - Kopie.png,5639,forest,0.5678579807281494,139,30.92086330935252,31.884892086330936
HighRes TrueColor 2018 2m Graz - Kopie.png,5640,forestfragmentation,0.2780362367630005,21,54.666666666666664,51.04761904761905
HighRes TrueColor 2018 2m Graz - Kopie.png,5641,forestfragmentation,0.25714045763015747,17,34.35294117647059,2.235294117647059
HighRes TrueColor 2018 2m Graz - Kopie.png,5642,forest,0.7964365482330322,155,34.56774193548387,38.21290322580645
HighRes TrueColor 2018 2m Graz - Kopie.png,5643,forestfragmentation,0.30898135900497437,29,50.310344827586206,51.3448275862069
HighRes TrueColor 2018 2m Graz - Kopie.png,5644,forestfragmentation,0.21659034490585327,16,24.1875,1.8125
HighRes TrueColor 2018 2m Graz - Kopie.png,5645,forest,0.7964365482330322,155,34.56774193548387,38.21290322580645
HighRes TrueColor 2018 2m Graz - Kopie.png,5646,forestfragmentation,0.30898135900497437,29,50.310344827586206,51.3448275862069
HighRes TrueColor 2018 2m Graz - Kopie.png,5647,forestfragmentation,0.21659034490585327,16,24.1875,1.8125
HighRes TrueColor 2018 2m Graz - Kopie.png,5648,forest,0.8741877675056458,4,31.5,31.5
HighRes TrueColor 2018 2m Graz - Kopie.png,5649,forestfragmentation,0.785058319568634,18,50.55555555555556,6.388888888888889
HighRes TrueColor 2018 2m Graz - Kopie.png,5650,forestfragmentation,0.7256290912628174,29,13.137931034482758,43.03448275862069
HighRes TrueColor 2018 2m Graz - Kopie.png,5651,forestfragmentation,0.4892778992652893,14,3.4285714285714284,13.5
HighRes TrueColor 2018 2m Graz - Kopie.png,5652,forestfragmentation,0.36938339471817017,15,18.0,15.266666666666667
HighRes TrueColor 2018 2m Graz - Kopie.png,5653,forestfragmentation,0.32498985528945923,5,61.2,40.2
HighRes TrueColor 2018 2m Graz - Kopie.png,5654,forestfragmentation,0.2961072325706482,9,24.444444444444443,39.0
HighRes TrueColor 2018 2m Graz - Kopie.png,5655,forestfragmentation,0.23918235301971436,19,10.894736842105264,32.473684210526315
HighRes TrueColor 2018 2m Graz - Kopie.png,5656,forestfragmentation,0.21594643592834473,7,60.285714285714285,60.42857142857143
HighRes TrueColor 2018 2m Graz - Kopie.png,5657,forestfragmentation,0.215875506401062,8,15.625,8.5
HighRes TrueColor 2018 2m Graz - Kopie.png,5658,forestfragmentation,0.20983141660690308,28,47.714285714285715,48.714285714285715
HighRes TrueColor 2018 2m Graz - Kopie.png,5659,forest,0.8741877675056458,4,31.5,31.5
HighRes TrueColor 2018 2m Graz - Kopie.png,5660,forestfragmentation,0.785058319568634,18,50.55555555555556,6.388888888888889
HighRes TrueColor 2018 2m Graz - Kopie.png,5661,forestfragmentation,0.7256290912628174,29,13.137931034482758,43.03448275862069
HighRes TrueColor 2018 2m Graz - Kopie.png,5662,forestfragmentation,0.4892778992652893,14,3.4285714285714284,13.5
HighRes TrueColor 2018 2m Graz - Kopie.png,5663,forestfragmentation,0.36938339471817017,15,18.0,15.266666666666667
HighRes TrueColor 2018 2m Graz - Kopie.png,5664,forestfragmentation,0.32498985528945923,5,61.2,40.2
HighRes TrueColor 2018 2m Graz - Kopie.png,5665,forestfragmentation,0.2961072325706482,9,24.444444444444443,39.0
HighRes TrueColor 2018 2m Graz - Kopie.png,5666,forestfragmentation,0.23918235301971436,19,10.894736842105264,32.473684210526315
HighRes TrueColor 2018 2m Graz - Kopie.png,5667,forestfragmentation,0.21594643592834473,7,60.285714285714285,60.42857142857143
HighRes TrueColor 2018 2m Graz - Kopie.png,5668,forestfragmentation,0.215875506401062,8,15.625,8.5
HighRes TrueColor 2018 2m Graz - Kopie.png,5669,forestfragmentation,0.20983141660690308,28,47.714285714285715,48.714285714285715
HighRes TrueColor 2018 2m Graz - Kopie.png,5670,forest,0.786720335483551,19,46.473684210526315,15.31578947368421
HighRes TrueColor 2018 2m Graz - Kopie.png,5671,forestfragmentation,0.7435110211372375,8,25.375,58.25
HighRes TrueColor 2018 2m Graz - Kopie.png,5672,forestfragmentation,0.7352824211120605,12,56.666666666666664,20.083333333333332
HighRes TrueColor 2018 2m Graz - Kopie.png,5673,forestfragmentation,0.6221444010734558,19,22.263157894736842,3.6315789473684212
HighRes TrueColor 2018 2m Graz - Kopie.png,5674,forestfragmentation,0.5320321917533875,19,25.31578947368421,49.578947368421055
HighRes TrueColor 2018 2m Graz - Kopie.png,5675,forestfragmentation,0.4912387728691101,10,2.9,5.4
HighRes TrueColor 2018 2m Graz - Kopie.png,5676,forestfragmentation,0.3847314119338989,8,4.0,32.0
HighRes TrueColor 2018 2m Graz - Kopie.png,5677,forestfragmentation,0.33364367485046387,8,9.75,61.0
HighRes TrueColor 2018 2m Graz - Kopie.png,5678,forestfragmentation,0.2566707730293274,7,56.57142857142857,48.0
HighRes TrueColor 2018 2m Graz - Kopie.png,5679,forestfragmentation,0.24101179838180542,64,28.671875,31.75
HighRes TrueColor 2018 2m Graz - Kopie.png,5680,forest,0.786720335483551,19,46.473684210526315,15.31578947368421
HighRes TrueColor 2018 2m Graz - Kopie.png,5681,forestfragmentation,0.7435110211372375,8,25.375,58.25
HighRes TrueColor 2018 2m Graz - Kopie.png,5682,forestfragmentation,0.7352824211120605,12,56.666666666666664,20.083333333333332
HighRes TrueColor 2018 2m Graz - Kopie.png,5683,forestfragmentation,0.6221444010734558,19,22.263157894736842,3.6315789473684212
HighRes TrueColor 2018 2m Graz - Kopie.png,5684,forestfragmentation,0.5320321917533875,19,25.31578947368421,49.578947368421055
HighRes TrueColor 2018 2m Graz - Kopie.png,5685,forestfragmentation,0.4912387728691101,10,2.9,5.4
HighRes TrueColor 2018 2m Graz - Kopie.png,5686,forestfragmentation,0.3847314119338989,8,4.0,32.0
HighRes TrueColor 2018 2m Graz - Kopie.png,5687,forestfragmentation,0.33364367485046387,8,9.75,61.0
HighRes TrueColor 2018 2m Graz - Kopie.png,5688,forestfragmentation,0.2566707730293274,7,56.57142857142857,48.0
HighRes TrueColor 2018 2m Graz - Kopie.png,5689,forestfragmentation,0.24101179838180542,64,28.671875,31.75
HighRes TrueColor 2018 2m Graz - Kopie.png,5690,forest,0.8907049298286438,101,42.78217821782178,36.01980198019802
HighRes TrueColor 2018 2m Graz - Kopie.png,5691,forestfragmentation,0.6836299300193787,12,4.833333333333333,20.083333333333332
HighRes TrueColor 2018 2m Graz - Kopie.png,5692,forestfragmentation,0.4713573455810547,10,31.8,24.9
HighRes TrueColor 2018 2m Graz - Kopie.png,5693,forestfragmentation,0.4258139133453369,39,34.64102564102564,46.666666666666664
HighRes TrueColor 2018 2m Graz - Kopie.png,5694,forestfragmentation,0.24136501550674438,9,50.888888888888886,2.2222222222222223
HighRes TrueColor 2018 2m Graz - Kopie.png,5695,forestfragmentation,0.2295176386833191,7,4.571428571428571,48.0
HighRes TrueColor 2018 2m Graz - Kopie.png,5696,forestfragmentation,0.20772838592529297,30,14.833333333333334,37.5
HighRes TrueColor 2018 2m Graz - Kopie.png,5697,forestfragmentation,0.20626020431518555,21,58.285714285714285,20.428571428571427
HighRes TrueColor 2018 2m Graz - Kopie.png,5698,forestfragmentation,0.20375049114227295,9,2.111111111111111,6.888888888888889
HighRes TrueColor 2018 2m Graz - Kopie.png,5699,forest,0.8907049298286438,101,42.78217821782178,36.01980198019802
HighRes TrueColor 2018 2m Graz - Kopie.png,5700,forestfragmentation,0.6836299300193787,12,4.833333333333333,20.083333333333332
HighRes TrueColor 2018 2m Graz - Kopie.png,5701,forestfragmentation,0.4713573455810547,10,31.8,24.9
HighRes TrueColor 2018 2m Graz - Kopie.png,5702,forestfragmentation,0.4258139133453369,39,34.64102564102564,46.666666666666664
HighRes TrueColor 2018 2m Graz - Kopie.png,5703,forestfragmentation,0.24136501550674438,9,50.888888888888886,2.2222222222222223
HighRes TrueColor 2018 2m Graz - Kopie.png,5704,forestfragmentation,0.2295176386833191,7,4.571428571428571,48.0
HighRes TrueColor 2018 2m Graz - Kopie.png,5705,forestfragmentation,0.20772838592529297,30,14.833333333333334,37.5
HighRes TrueColor 2018 2m Graz - Kopie.png,5706,forestfragmentation,0.20626020431518555,21,58.285714285714285,20.428571428571427
HighRes TrueColor 2018 2m Graz - Kopie.png,5707,forestfragmentation,0.20375049114227295,9,2.111111111111111,6.888888888888889
HighRes TrueColor 2018 2m Graz - Kopie.png,5708,forest,0.731192409992218,20,53.85,4.95
HighRes TrueColor 2018 2m Graz - Kopie.png,5709,forest,0.6516164541244507,32,39.84375,27.21875
HighRes TrueColor 2018 2m Graz - Kopie.png,5710,forest,0.4343903064727783,38,13.026315789473685,15.710526315789474
HighRes TrueColor 2018 2m Graz - Kopie.png,5711,forest,0.2639862298965454,114,31.859649122807017,47.86842105263158
HighRes TrueColor 2018 2m Graz - Kopie.png,5712,forest,0.731192409992218,20,53.85,4.95
HighRes TrueColor 2018 2m Graz - Kopie.png,5713,forest,0.6516164541244507,32,39.84375,27.21875
HighRes TrueColor 2018 2m Graz - Kopie.png,5714,forest,0.4343903064727783,38,13.026315789473685,15.710526315789474
HighRes TrueColor 2018 2m Graz - Kopie.png,5715,forest,0.2639862298965454,114,31.859649122807017,47.86842105263158
HighRes TrueColor 2018 2m Graz - Kopie.png,5716,forest,0.5252290964126587,17,7.529411764705882,5.529411764705882
HighRes TrueColor 2018 2m Graz - Kopie.png,5717,forest,0.36684417724609375,22,56.81818181818182,37.63636363636363
HighRes TrueColor 2018 2m Graz - Kopie.png,5718,forest,0.2779548168182373,9,60.333333333333336,53.77777777777778
HighRes TrueColor 2018 2m Graz - Kopie.png,5719,forest,0.24956804513931274,59,36.59322033898305,24.423728813559322
HighRes TrueColor 2018 2m Graz - Kopie.png,5720,forest,0.23720508813858032,67,55.52238805970149,28.880597014925375
HighRes TrueColor 2018 2m Graz - Kopie.png,5721,forest,0.5252290964126587,17,7.529411764705882,5.529411764705882
HighRes TrueColor 2018 2m Graz - Kopie.png,5722,forest,0.36684417724609375,22,56.81818181818182,37.63636363636363
HighRes TrueColor 2018 2m Graz - Kopie.png,5723,forest,0.2779548168182373,9,60.333333333333336,53.77777777777778
HighRes TrueColor 2018 2m Graz - Kopie.png,5724,forest,0.24956804513931274,59,36.59322033898305,24.423728813559322
HighRes TrueColor 2018 2m Graz - Kopie.png,5725,forest,0.23720508813858032,67,55.52238805970149,28.880597014925375
HighRes TrueColor 2018 2m Graz - Kopie.png,5726,forestfragmentation,0.45649880170822144,11,4.0,7.818181818181818
HighRes TrueColor 2018 2m Graz - Kopie.png,5727,forest,0.436326801776886,172,27.796511627906977,32.21511627906977
HighRes TrueColor 2018 2m Graz - Kopie.png,5728,forestfragmentation,0.32484614849090576,5,58.6,1.4
HighRes TrueColor 2018 2m Graz - Kopie.png,5729,forestfragmentation,0.23608392477035522,11,45.27272727272727,5.454545454545454
HighRes TrueColor 2018 2m Graz - Kopie.png,5730,forestfragmentation,0.23306721448898315,5,56.6,14.0
HighRes TrueColor 2018 2m Graz - Kopie.png,5731,forestfragmentation,0.2204955816268921,7,58.57142857142857,42.285714285714285
HighRes TrueColor 2018 2m Graz - Kopie.png,5732,forestfragmentation,0.45649880170822144,11,4.0,7.818181818181818
HighRes TrueColor 2018 2m Graz - Kopie.png,5733,forest,0.436326801776886,172,27.796511627906977,32.21511627906977
HighRes TrueColor 2018 2m Graz - Kopie.png,5734,forestfragmentation,0.32484614849090576,5,58.6,1.4
HighRes TrueColor 2018 2m Graz - Kopie.png,5735,forestfragmentation,0.23608392477035522,11,45.27272727272727,5.454545454545454
HighRes TrueColor 2018 2m Graz - Kopie.png,5736,forestfragmentation,0.23306721448898315,5,56.6,14.0
HighRes TrueColor 2018 2m Graz - Kopie.png,5737,forestfragmentation,0.2204955816268921,7,58.57142857142857,42.285714285714285
HighRes TrueColor 2018 2m Graz - Kopie.png,5738,forest,0.9104545712471008,4,31.5,31.5
HighRes TrueColor 2018 2m Graz - Kopie.png,5739,forestfragmentation,0.6522822976112366,17,34.88235294117647,43.94117647058823
HighRes TrueColor 2018 2m Graz - Kopie.png,5740,forestfragmentation,0.5439904928207397,10,16.9,15.6
HighRes TrueColor 2018 2m Graz - Kopie.png,5741,forestfragmentation,0.5323441624641418,9,54.333333333333336,34.22222222222222
HighRes TrueColor 2018 2m Graz - Kopie.png,5742,forestfragmentation,0.45727288722991943,8,6.625,42.375
HighRes TrueColor 2018 2m Graz - Kopie.png,5743,forestfragmentation,0.3351914882659912,5,6.6,1.4
HighRes TrueColor 2018 2m Graz - Kopie.png,5744,forestfragmentation,0.26535606384277344,14,22.857142857142858,55.285714285714285
HighRes TrueColor 2018 2m Graz - Kopie.png,5745,forestfragmentation,0.20489394664764404,5,4.6,14.0
HighRes TrueColor 2018 2m Graz - Kopie.png,5746,forest,0.9104545712471008,4,31.5,31.5
HighRes TrueColor 2018 2m Graz - Kopie.png,5747,forestfragmentation,0.6522822976112366,17,34.88235294117647,43.94117647058823
HighRes TrueColor 2018 2m Graz - Kopie.png,5748,forestfragmentation,0.5439904928207397,10,16.9,15.6
HighRes TrueColor 2018 2m Graz - Kopie.png,5749,forestfragmentation,0.5323441624641418,9,54.333333333333336,34.22222222222222
HighRes TrueColor 2018 2m Graz - Kopie.png,5750,forestfragmentation,0.45727288722991943,8,6.625,42.375
HighRes TrueColor 2018 2m Graz - Kopie.png,5751,forestfragmentation,0.3351914882659912,5,6.6,1.4
HighRes TrueColor 2018 2m Graz - Kopie.png,5752,forestfragmentation,0.26535606384277344,14,22.857142857142858,55.285714285714285
HighRes TrueColor 2018 2m Graz - Kopie.png,5753,forestfragmentation,0.20489394664764404,5,4.6,14.0
HighRes TrueColor 2018 2m Graz - Kopie.png,5754,forest,0.8383229970932007,4,31.5,31.5
HighRes TrueColor 2018 2m Graz - Kopie.png,5755,forestfragmentation,0.5139244794845581,5,5.2,35.4
HighRes TrueColor 2018 2m Graz - Kopie.png,5756,forestfragmentation,0.44861936569213867,12,60.083333333333336,3.5833333333333335
HighRes TrueColor 2018 2m Graz - Kopie.png,5757,forestfragmentation,0.3884945511817932,17,51.529411764705884,58.470588235294116
HighRes TrueColor 2018 2m Graz - Kopie.png,5758,forestfragmentation,0.3515899181365967,8,2.125,59.375
HighRes TrueColor 2018 2m Graz - Kopie.png,5759,forestfragmentation,0.2788729667663574,14,55.357142857142854,16.071428571428573
HighRes TrueColor 2018 2m Graz - Kopie.png,5760,forestfragmentation,0.25150150060653687,8,27.125,23.75
HighRes TrueColor 2018 2m Graz - Kopie.png,5761,forestfragmentation,0.21420174837112427,34,37.55882352941177,33.8235294117647
HighRes TrueColor 2018 2m Graz - Kopie.png,5762,forestfragmentation,0.21306663751602173,10,17.2,52.8
HighRes TrueColor 2018 2m Graz - Kopie.png,5763,forest,0.8383229970932007,4,31.5,31.5
HighRes TrueColor 2018 2m Graz - Kopie.png,5764,forestfragmentation,0.5139244794845581,5,5.2,35.4
HighRes TrueColor 2018 2m Graz - Kopie.png,5765,forestfragmentation,0.44861936569213867,12,60.083333333333336,3.5833333333333335
HighRes TrueColor 2018 2m Graz - Kopie.png,5766,forestfragmentation,0.3884945511817932,17,51.529411764705884,58.470588235294116
HighRes TrueColor 2018 2m Graz - Kopie.png,5767,forestfragmentation,0.3515899181365967,8,2.125,59.375
HighRes TrueColor 2018 2m Graz - Kopie.png,5768,forestfragmentation,0.2788729667663574,14,55.357142857142854,16.071428571428573
HighRes TrueColor 2018 2m Graz - Kopie.png,5769,forestfragmentation,0.25150150060653687,8,27.125,23.75
HighRes TrueColor 2018 2m Graz - Kopie.png,5770,forestfragmentation,0.21420174837112427,34,37.55882352941177,33.8235294117647
HighRes TrueColor 2018 2m Graz - Kopie.png,5771,forestfragmentation,0.21306663751602173,10,17.2,52.8
HighRes TrueColor 2018 2m Graz - Kopie.png,5772,forest,0.8436549305915833,23,47.34782608695652,10.347826086956522
HighRes TrueColor 2018 2m Graz - Kopie.png,5773,forestfragmentation,0.3120206594467163,8,6.875,14.875
HighRes TrueColor 2018 2m Graz - Kopie.png,5774,forestfragmentation,0.2858316898345947,6,20.333333333333332,25.5
HighRes TrueColor 2018 2m Graz - Kopie.png,5775,forestfragmentation,0.23410660028457642,20,14.8,47.05
HighRes TrueColor 2018 2m Graz - Kopie.png,5776,forest,0.8436549305915833,23,47.34782608695652,10.347826086956522
HighRes TrueColor 2018 2m Graz - Kopie.png,5777,forestfragmentation,0.3120206594467163,8,6.875,14.875
HighRes TrueColor 2018 2m Graz - Kopie.png,5778,forestfragmentation,0.2858316898345947,6,20.333333333333332,25.5
HighRes TrueColor 2018 2m Graz - Kopie.png,5779,forestfragmentation,0.23410660028457642,20,14.8,47.05
HighRes TrueColor 2018 2m Graz - Kopie.png,5780,forest,0.7678605914115906,85,39.45882352941177,17.16470588235294
HighRes TrueColor 2018 2m Graz - Kopie.png,5781,forestfragmentation,0.30382663011550903,15,55.4,55.8
HighRes TrueColor 2018 2m Graz - Kopie.png,5782,forestfragmentation,0.21188580989837646,16,6.5625,30.5
HighRes TrueColor 2018 2m Graz - Kopie.png,5783,forest,0.7678605914115906,85,39.45882352941177,17.16470588235294
HighRes TrueColor 2018 2m Graz - Kopie.png,5784,forestfragmentation,0.30382663011550903,15,55.4,55.8
HighRes TrueColor 2018 2m Graz - Kopie.png,5785,forestfragmentation,0.21188580989837646,16,6.5625,30.5
HighRes TrueColor 2018 2m Graz - Kopie.png,5786,forest,0.6871718764305115,65,22.784615384615385,13.753846153846155
HighRes TrueColor 2018 2m Graz - Kopie.png,5787,forestfragmentation,0.5898190140724182,25,19.0,34.8
HighRes TrueColor 2018 2m Graz - Kopie.png,5788,forestfragmentation,0.3004269599914551,13,52.76923076923077,28.923076923076923
HighRes TrueColor 2018 2m Graz - Kopie.png,5789,forest,0.26474910974502563,11,53.18181818181818,2.1818181818181817
HighRes TrueColor 2018 2m Graz - Kopie.png,5790,forestfragmentation,0.20452672243118286,8,3.5,56.0
HighRes TrueColor 2018 2m Graz - Kopie.png,5791,forest,0.6871718764305115,65,22.784615384615385,13.753846153846155
HighRes TrueColor 2018 2m Graz - Kopie.png,5792,forestfragmentation,0.5898190140724182,25,19.0,34.8
HighRes TrueColor 2018 2m Graz - Kopie.png,5793,forestfragmentation,0.3004269599914551,13,52.76923076923077,28.923076923076923
HighRes TrueColor 2018 2m Graz - Kopie.png,5794,forest,0.26474910974502563,11,53.18181818181818,2.1818181818181817
HighRes TrueColor 2018 2m Graz - Kopie.png,5795,forestfragmentation,0.20452672243118286,8,3.5,56.0
HighRes TrueColor 2018 2m Graz - Kopie.png,5796,forest,0.49231112003326416,14,57.214285714285715,1.8571428571428572
HighRes TrueColor 2018 2m Graz - Kopie.png,5797,forestfragmentation,0.3679492473602295,8,2.75,28.0
HighRes TrueColor 2018 2m Graz - Kopie.png,5798,forest,0.3462054133415222,42,13.071428571428571,34.57142857142857
HighRes TrueColor 2018 2m Graz - Kopie.png,5799,forest,0.49231112003326416,14,57.214285714285715,1.8571428571428572
HighRes TrueColor 2018 2m Graz - Kopie.png,5800,forestfragmentation,0.3679492473602295,8,2.75,28.0
HighRes TrueColor 2018 2m Graz - Kopie.png,5801,forest,0.3462054133415222,42,13.071428571428571,34.57142857142857
HighRes TrueColor 2018 2m Graz - Kopie.png,5802,forestfragmentation,0.38630616664886475,7,47.0,18.285714285714285
HighRes TrueColor 2018 2m Graz - Kopie.png,5803,forestfragmentation,0.3318548798561096,46,52.52173913043478,9.41304347826087
HighRes TrueColor 2018 2m Graz - Kopie.png,5804,forest,0.3161737322807312,45,21.644444444444446,11.911111111111111
HighRes TrueColor 2018 2m Graz - Kopie.png,5805,forestfragmentation,0.2841836214065552,7,48.285714285714285,43.714285714285715
HighRes TrueColor 2018 2m Graz - Kopie.png,5806,forestfragmentation,0.2586175203323364,12,59.666666666666664,42.5
HighRes TrueColor 2018 2m Graz - Kopie.png,5807,forestfragmentation,0.38630616664886475,7,47.0,18.285714285714285
HighRes TrueColor 2018 2m Graz - Kopie.png,5808,forestfragmentation,0.3318548798561096,46,52.52173913043478,9.41304347826087
HighRes TrueColor 2018 2m Graz - Kopie.png,5809,forest,0.3161737322807312,45,21.644444444444446,11.911111111111111
HighRes TrueColor 2018 2m Graz - Kopie.png,5810,forestfragmentation,0.2841836214065552,7,48.285714285714285,43.714285714285715
HighRes TrueColor 2018 2m Graz - Kopie.png,5811,forestfragmentation,0.2586175203323364,12,59.666666666666664,42.5
HighRes TrueColor 2018 2m Graz - Kopie.png,5812,forest,0.8202515244483948,114,32.07017543859649,27.56140350877193
HighRes TrueColor 2018 2m Graz - Kopie.png,5813,forestfragmentation,0.35228389501571655,7,19.428571428571427,12.571428571428571
HighRes TrueColor 2018 2m Graz - Kopie.png,5814,forestfragmentation,0.33112281560897827,9,9.666666666666666,18.333333333333332
HighRes TrueColor 2018 2m Graz - Kopie.png,5815,forestfragmentation,0.3279231786727905,7,2.0,59.142857142857146
HighRes TrueColor 2018 2m Graz - Kopie.png,5816,forestfragmentation,0.26177358627319336,17,9.470588235294118,43.35294117647059
HighRes TrueColor 2018 2m Graz - Kopie.png,5817,forestfragmentation,0.2516157031059265,9,32.111111111111114,1.5555555555555556
HighRes TrueColor 2018 2m Graz - Kopie.png,5818,forest,0.8202515244483948,114,32.07017543859649,27.56140350877193
HighRes TrueColor 2018 2m Graz - Kopie.png,5819,forestfragmentation,0.35228389501571655,7,19.428571428571427,12.571428571428571
HighRes TrueColor 2018 2m Graz - Kopie.png,5820,forestfragmentation,0.33112281560897827,9,9.666666666666666,18.333333333333332
HighRes TrueColor 2018 2m Graz - Kopie.png,5821,forestfragmentation,0.3279231786727905,7,2.0,59.142857142857146
HighRes TrueColor 2018 2m Graz - Kopie.png,5822,forestfragmentation,0.26177358627319336,17,9.470588235294118,43.35294117647059
HighRes TrueColor 2018 2m Graz - Kopie.png,5823,forestfragmentation,0.2516157031059265,9,32.111111111111114,1.5555555555555556
HighRes TrueColor 2018 2m Graz - Kopie.png,5824,forest,0.5868853330612183,140,27.928571428571427,36.16428571428571
HighRes TrueColor 2018 2m Graz - Kopie.png,5825,forestfragmentation,0.3516262173652649,24,55.25,46.75
HighRes TrueColor 2018 2m Graz - Kopie.png,5826,forestfragmentation,0.2767942547798157,9,2.888888888888889,4.555555555555555
HighRes TrueColor 2018 2m Graz - Kopie.png,5827,forestfragmentation,0.21700584888458252,7,28.857142857142858,60.57142857142857
HighRes TrueColor 2018 2m Graz - Kopie.png,5828,forest,0.5868853330612183,140,27.928571428571427,36.16428571428571
HighRes TrueColor 2018 2m Graz - Kopie.png,5829,forestfragmentation,0.3516262173652649,24,55.25,46.75
HighRes TrueColor 2018 2m Graz - Kopie.png,5830,forestfragmentation,0.2767942547798157,9,2.888888888888889,4.555555555555555
HighRes TrueColor 2018 2m Graz - Kopie.png,5831,forestfragmentation,0.21700584888458252,7,28.857142857142858,60.57142857142857
HighRes TrueColor 2018 2m Graz - Kopie.png,5832,forest,0.7664405703544617,220,34.9,33.236363636363635
HighRes TrueColor 2018 2m Graz - Kopie.png,5833,forestfragmentation,0.2385321855545044,33,51.45454545454545,45.81818181818182
HighRes TrueColor 2018 2m Graz - Kopie.png,5834,forest,0.7664405703544617,220,34.9,33.236363636363635
HighRes TrueColor 2018 2m Graz - Kopie.png,5835,forestfragmentation,0.2385321855545044,33,51.45454545454545,45.81818181818182
